order_id,customer_id,order_date,order_amount,status
ORD-1,C263,2026-07-26T01:36:50.123Z,640.74,SHIPPED
ORD-2,C795,2026-07-23T19:45:40.363Z,264.54,PENDING
ORD-3,C1049,2026-09-22T19:42:14.675Z,903.22,CANCELLED
ORD-4,C1498,2026-08-26T11:51:30.767Z,166.79,PAID
ORD-5,C1686,2026-09-25T10:15:59.900Z,102.08,SHIPPED
ORD-6,C1993,2026-09-17T00:32:04.248Z,814.46,PENDING
ORD-7,C546,2026-09-03T17:16:44.756Z,683.15,CANCELLED
ORD-8,C420,2026-08-20T19:38:13.499Z,84.36,PAID
ORD-9,C1210,2026-09-05T06:53:20.133Z,149.84,SHIPPED
ORD-10,C1937,2026-08-03T16:12:17.258Z,591.70,PENDING
ORD-11,C697,2026-08-14T03:58:52.884Z,491.23,CANCELLED
ORD-12,C70,2026-07-17T16:52:00.195Z,757.87,PAID
ORD-13,C68,2026-09-12T02:30:50.424Z,143.61,SHIPPED
ORD-14,C1248,2026-08-21T09:10:51.383Z,361.44,PENDING
ORD-15,C339,2026-08-13T03:32:53.761Z,635.91,CANCELLED
ORD-16,C1860,2026-08-22T21:53:29.397Z,959.28,PAID
ORD-17,C1318,2026-07-09T13:08:01.877Z,439.03,SHIPPED
ORD-18,C383,2026-07-04T20:00:24.360Z,210.70,PENDING
ORD-19,C347,2026-08-01T01:29:20.166Z,896.83,CANCELLED
ORD-20,C711,2026-09-17T17:44:32.081Z,284.77,PAID
ORD-21,C1995,2026-08-15T02:21:25.851Z,799.50,SHIPPED
ORD-22,C1495,2026-07-29T02:15:38.634Z,309.68,PENDING
ORD-23,C268,2026-09-10T20:06:20.342Z,191.71,CANCELLED
ORD-24,C547,2026-09-29T14:15:31.171Z,709.02,PAID
ORD-25,C713,2026-08-08T07:23:30.011Z,817.15,SHIPPED
ORD-26,C1222,2026-09-24T07:50:42.951Z,164.00,PENDING
ORD-27,C1138,2026-09-18T08:18:03.033Z,357.35,CANCELLED
ORD-28,C771,2026-10-01T00:50:38.465Z,694.54,PAID
ORD-29,C460,2026-09-13T15:54:37.505Z,391.00,SHIPPED
ORD-30,C156,2026-09-21T22:17:53.125Z,670.45,PENDING
ORD-31,C420,2026-08-28T09:09:13.613Z,26.16,CANCELLED
ORD-32,C332,2026-08-04T21:19:55.251Z,372.35,PAID
ORD-33,C575,2026-09-26T00:57:29.954Z,112.70,SHIPPED
ORD-34,C1981,2026-08-06T04:38:22.988Z,847.72,PENDING
ORD-35,C1711,2026-08-15T12:13:36.357Z,157.98,CANCELLED
ORD-36,C1395,2026-08-08T08:25:43.347Z,907.73,PAID
ORD-37,C1649,2026-09-06T17:34:35.494Z,453.00,SHIPPED
ORD-38,C1972,2026-09-10T15:37:47.374Z,971.94,PENDING
ORD-39,C1431,2026-09-09T21:54:21.388Z,89.88,CANCELLED
ORD-40,C355,2026-08-04T18:06:35.097Z,696.44,PAID
ORD-41,C1178,2026-07-26T05:49:28.172Z,969.26,SHIPPED
ORD-42,C1281,2026-07-21T12:45:38.760Z,227.32,PENDING
ORD-43,C279,2026-09-04T09:41:08.151Z,349.16,CANCELLED
ORD-44,C1108,2026-09-23T04:51:43.401Z,182.33,PAID
ORD-45,C879,2026-07-24T11:02:15.172Z,353.60,SHIPPED
ORD-46,C1776,2026-09-11T19:00:36.095Z,514.24,PENDING
ORD-47,C1684,2026-09-05T13:48:59.062Z,469.78,CANCELLED
ORD-48,C465,2026-09-01T01:31:34.755Z,146.00,PAID
ORD-49,C521,2026-09-28T10:39:19.892Z,861.04,SHIPPED
ORD-50,C644,2026-08-26T14:39:21.681Z,173.15,PENDING
ORD-51,C1694,2026-07-17T16:08:11.775Z,89.91,CANCELLED
ORD-52,C242,2026-09-23T14:02:43.510Z,176.25,PAID
ORD-53,C1598,2026-09-16T14:14:48.048Z,597.76,SHIPPED
ORD-54,C1454,2026-09-14T12:48:09.807Z,521.55,PENDING
ORD-55,C1306,2026-09-12T21:11:53.231Z,736.94,CANCELLED
ORD-56,C585,2026-09-15T05:12:06.024Z,497.36,PAID
ORD-57,C1008,2026-07-28T09:33:03.128Z,641.94,SHIPPED
ORD-58,C464,2026-07-19T21:23:03.741Z,699.04,PENDING
ORD-59,C1063,2026-08-19T02:16:13.333Z,902.97,CANCELLED
ORD-60,C1868,2026-08-04T00:25:39.893Z,335.39,PAID
ORD-61,C1986,2026-07-08T11:35:22.922Z,83.81,SHIPPED
ORD-62,C1220,2026-09-02T14:46:46.429Z,778.78,PENDING
ORD-63,C1272,2026-09-11T06:07:19.499Z,445.19,CANCELLED
ORD-64,C145,2026-09-18T11:50:57.936Z,56.32,PAID
ORD-65,C1405,2026-07-07T14:34:31.119Z,678.29,SHIPPED
ORD-66,C1106,2026-08-23T07:40:37.862Z,226.17,PENDING
ORD-67,C260,2026-08-30T02:01:53.785Z,744.27,CANCELLED
ORD-68,C346,2026-09-21T20:51:34.039Z,969.82,PAID
ORD-69,C956,2026-07-28T20:24:10.407Z,361.24,SHIPPED
ORD-70,C847,2026-07-28T22:30:03.075Z,30.18,PENDING
ORD-71,C614,2026-08-04T13:12:40.085Z,844.69,CANCELLED
ORD-72,C1044,2026-07-28T14:58:59.784Z,754.99,PAID
ORD-73,C1956,2026-09-25T07:38:15.296Z,345.09,SHIPPED
ORD-74,C194,2026-08-07T08:23:46.460Z,179.53,PENDING
ORD-75,C1274,2026-08-29T11:03:04.846Z,474.98,CANCELLED
ORD-76,C960,2026-08-08T05:10:12.901Z,337.26,PAID
ORD-77,C1049,2026-08-18T20:14:10.353Z,822.40,SHIPPED
ORD-78,C412,2026-08-03T21:13:04.651Z,805.74,PENDING
ORD-79,C1868,2026-07-25T15:19:04.198Z,704.30,CANCELLED
ORD-80,C346,2026-08-29T02:02:26.457Z,782.70,PAID
ORD-81,C224,2026-08-20T09:35:55.795Z,490.42,SHIPPED
ORD-82,C1524,2026-07-13T03:46:36.954Z,385.52,PENDING
ORD-83,C949,2026-07-13T09:48:56.650Z,397.40,CANCELLED
ORD-84,C1367,2026-09-24T16:45:22.206Z,375.31,PAID
ORD-85,C143,2026-09-21T00:08:50.400Z,656.36,SHIPPED
ORD-86,C1758,2026-09-25T14:58:34.342Z,239.88,PENDING
ORD-87,C1865,2026-07-17T15:47:06.563Z,85.13,CANCELLED
ORD-88,C1167,2026-08-25T06:03:05.783Z,801.31,PAID
ORD-89,C571,2026-09-24T07:27:25.800Z,726.38,SHIPPED
ORD-90,C160,2026-09-14T09:34:01.068Z,318.50,PENDING
ORD-91,C1665,2026-08-20T22:55:42.036Z,737.92,CANCELLED
ORD-92,C567,2026-08-15T08:00:01.125Z,428.27,PAID
ORD-93,C1768,2026-07-30T22:13:03.193Z,559.13,SHIPPED
ORD-94,C1732,2026-09-10T21:06:58.622Z,778.71,PENDING
ORD-95,C974,2026-08-25T09:42:19.588Z,826.21,CANCELLED
ORD-96,C1168,2026-07-07T14:36:11.641Z,973.53,PAID
ORD-97,C34,2026-08-15T10:56:57.705Z,548.78,SHIPPED
ORD-98,C1307,2026-08-13T15:44:02.086Z,930.29,PENDING
ORD-99,C1929,2026-09-21T20:03:15.883Z,722.69,CANCELLED
ORD-100,C1947,2026-08-05T07:15:17.652Z,488.36,PAID
ORD-101,C1096,2026-08-25T18:53:13.756Z,553.92,SHIPPED
ORD-102,C493,2026-07-07T03:42:21.686Z,939.38,PENDING
ORD-103,C1239,2026-09-02T12:08:43.138Z,128.26,CANCELLED
ORD-104,C798,2026-08-29T02:53:14.039Z,377.27,PAID
ORD-105,C1271,2026-07-06T23:37:30.170Z,461.52,SHIPPED
ORD-106,C1919,2026-08-27T21:14:51.483Z,335.39,PENDING
ORD-107,C1472,2026-08-26T02:01:02.549Z,445.20,CANCELLED
ORD-108,C822,2026-08-15T10:11:37.835Z,463.93,PAID
ORD-109,C147,2026-07-20T19:24:39.333Z,882.10,SHIPPED
ORD-110,C793,2026-07-16T20:12:26.750Z,11.91,PENDING
ORD-111,C80,2026-08-03T06:49:00.605Z,685.17,CANCELLED
ORD-112,C355,2026-07-08T23:09:18.703Z,495.34,PAID
ORD-113,C1021,2026-09-10T05:00:34.371Z,172.13,SHIPPED
ORD-114,C1453,2026-07-13T21:11:20.531Z,864.66,PENDING
ORD-115,C316,2026-07-16T07:33:20.175Z,434.01,CANCELLED
ORD-116,C431,2026-07-12T22:42:27.321Z,67.42,PAID
ORD-117,C32,2026-08-15T12:15:49.803Z,586.11,SHIPPED
ORD-118,C811,2026-07-19T15:37:23.852Z,277.54,PENDING
ORD-119,C766,2026-08-14T20:02:12.924Z,67.09,CANCELLED
ORD-120,C1889,2026-07-28T12:16:10.959Z,973.89,PAID
ORD-121,C1713,2026-07-20T05:55:37.300Z,439.30,SHIPPED
ORD-122,C1076,2026-07-30T09:05:06.678Z,551.68,PENDING
ORD-123,C116,2026-08-16T18:37:59.185Z,411.59,CANCELLED
ORD-124,C1233,2026-09-18T19:11:41.127Z,634.91,PAID
ORD-125,C1548,2026-07-18T14:46:21.317Z,126.47,SHIPPED
ORD-126,C1343,2026-07-04T18:27:59.492Z,127.49,PENDING
ORD-127,C1383,2026-08-08T23:50:00.327Z,92.00,CANCELLED
ORD-128,C247,2026-07-19T03:32:35.240Z,82.91,PAID
ORD-129,C1145,2026-07-21T01:43:01.637Z,785.81,SHIPPED
ORD-130,C1303,2026-09-18T19:01:31.683Z,153.81,PENDING
ORD-131,C586,2026-07-06T16:34:16.351Z,568.68,CANCELLED
ORD-132,C1610,2026-07-13T14:19:34.622Z,676.78,PAID
ORD-133,C1712,2026-07-18T11:03:52.051Z,374.35,SHIPPED
ORD-134,C1894,2026-09-25T22:13:39.849Z,356.66,PENDING
ORD-135,C583,2026-09-29T12:31:24.641Z,952.50,CANCELLED
ORD-136,C674,2026-09-07T07:32:30.359Z,908.04,PAID
ORD-137,C1933,2026-07-28T19:16:08.536Z,318.37,SHIPPED
ORD-138,C220,2026-07-22T07:51:48.960Z,801.90,PENDING
ORD-139,C1528,2026-09-24T04:17:43.044Z,404.36,CANCELLED
ORD-140,C535,2026-09-18T17:44:09.687Z,398.72,PAID
ORD-141,C1324,2026-08-12T15:36:25.207Z,375.09,SHIPPED
ORD-142,C752,2026-07-12T12:29:56.462Z,251.85,PENDING
ORD-143,C256,2026-09-22T06:05:14.895Z,995.92,CANCELLED
ORD-144,C348,2026-07-08T08:31:43.285Z,36.36,PAID
ORD-145,C1235,2026-08-03T09:09:13.316Z,635.07,SHIPPED
ORD-146,C301,2026-07-13T09:01:53.619Z,749.76,PENDING
ORD-147,C1716,2026-09-01T04:55:15.852Z,682.85,CANCELLED
ORD-148,C1552,2026-09-14T04:11:47.378Z,329.16,PAID
ORD-149,C958,2026-08-05T20:22:51.249Z,602.31,SHIPPED
ORD-150,C879,2026-09-30T03:07:14.712Z,124.39,PENDING
ORD-151,C481,2026-08-26T03:22:40.938Z,230.47,CANCELLED
ORD-152,C1655,2026-09-07T10:39:38.965Z,762.96,PAID
ORD-153,C344,2026-08-07T15:53:47.666Z,120.39,SHIPPED
ORD-154,C1500,2026-09-15T13:10:02.168Z,759.90,PENDING
ORD-155,C253,2026-08-18T03:36:33.995Z,535.94,CANCELLED
ORD-156,C328,2026-09-14T05:34:35.740Z,611.03,PAID
ORD-157,C967,2026-08-26T22:22:41.003Z,21.71,SHIPPED
ORD-158,C1687,2026-09-30T09:11:01.371Z,502.31,PENDING
ORD-159,C809,2026-08-26T15:32:03.959Z,391.04,CANCELLED
ORD-160,C990,2026-07-29T00:09:37.271Z,136.88,PAID
ORD-161,C583,2026-07-16T20:38:43.228Z,643.42,SHIPPED
ORD-162,C1062,2026-09-05T12:41:22.353Z,861.18,PENDING
ORD-163,C930,2026-07-20T09:27:40.480Z,508.25,CANCELLED
ORD-164,C731,2026-09-28T14:44:46.249Z,23.76,PAID
ORD-165,C151,2026-07-30T16:53:56.229Z,904.40,SHIPPED
ORD-166,C1726,2026-08-06T04:26:37.428Z,226.69,PENDING
ORD-167,C1012,2026-08-30T04:13:03.206Z,260.55,CANCELLED
ORD-168,C1658,2026-09-13T02:46:32.771Z,96.61,PAID
ORD-169,C299,2026-09-19T23:54:27.445Z,612.94,SHIPPED
ORD-170,C347,2026-08-13T12:08:25.647Z,192.55,PENDING
ORD-171,C40,2026-08-12T20:20:30.858Z,400.80,CANCELLED
ORD-172,C1064,2026-09-14T08:18:44.529Z,261.13,PAID
ORD-173,C1494,2026-07-14T22:18:32.449Z,736.38,SHIPPED
ORD-174,C1949,2026-09-27T22:17:53.677Z,266.68,PENDING
ORD-175,C874,2026-09-08T22:28:49.576Z,927.42,CANCELLED
ORD-176,C1889,2026-07-17T05:30:30.440Z,622.99,PAID
ORD-177,C1548,2026-07-18T10:30:29.869Z,359.34,SHIPPED
ORD-178,C1395,2026-08-23T06:17:43.527Z,16.51,PENDING
ORD-179,C1954,2026-07-08T23:37:32.613Z,358.89,CANCELLED
ORD-180,C308,2026-09-22T16:43:37.429Z,845.07,PAID
ORD-181,C1831,2026-09-26T12:49:20.949Z,147.69,SHIPPED
ORD-182,C1900,2026-07-27T08:59:36.799Z,576.04,PENDING
ORD-183,C1023,2026-08-19T01:27:23.076Z,86.54,CANCELLED
ORD-184,C1109,2026-07-06T05:32:19.503Z,785.72,PAID
ORD-185,C1064,2026-08-09T13:41:37.526Z,600.21,SHIPPED
ORD-186,C1850,2026-08-05T16:00:01.354Z,127.22,PENDING
ORD-187,C16,2026-08-24T14:17:14.391Z,734.33,CANCELLED
ORD-188,C132,2026-08-09T18:31:09.517Z,858.22,PAID
ORD-189,C1596,2026-08-09T15:53:09.132Z,417.04,SHIPPED
ORD-190,C1925,2026-09-17T12:27:11.041Z,548.18,PENDING
ORD-191,C1445,2026-09-14T16:13:25.506Z,702.50,CANCELLED
ORD-192,C1735,2026-08-15T07:00:55.956Z,508.50,PAID
ORD-193,C1554,2026-07-31T01:17:30.061Z,511.44,SHIPPED
ORD-194,C192,2026-09-01T13:06:57.073Z,272.83,PENDING
ORD-195,C151,2026-07-09T08:34:34.465Z,663.73,CANCELLED
ORD-196,C1907,2026-07-24T00:16:35.177Z,716.47,PAID
ORD-197,C658,2026-08-26T11:30:27.965Z,668.26,SHIPPED
ORD-198,C1824,2026-07-06T20:47:01.501Z,197.11,PENDING
ORD-199,C1335,2026-08-30T07:15:04.891Z,751.43,CANCELLED
ORD-200,C885,2026-07-08T13:32:17.406Z,777.62,PAID
ORD-201,C1745,2026-09-28T04:29:14.579Z,348.22,SHIPPED
ORD-202,C1052,2026-07-07T15:53:41.824Z,447.70,PENDING
ORD-203,C1451,2026-09-06T03:52:44.274Z,62.23,CANCELLED
ORD-204,C421,2026-07-09T02:09:39.792Z,318.91,PAID
ORD-205,C1689,2026-07-21T14:33:46.916Z,611.29,SHIPPED
ORD-206,C327,2026-09-03T11:50:16.806Z,699.74,PENDING
ORD-207,C73,2026-08-29T08:28:29.499Z,851.76,CANCELLED
ORD-208,C447,2026-08-25T08:27:04.570Z,136.59,PAID
ORD-209,C11,2026-09-16T00:07:03.963Z,843.03,SHIPPED
ORD-210,C1535,2026-08-14T04:59:10.548Z,803.88,PENDING
ORD-211,C113,2026-08-31T04:25:13.206Z,839.89,CANCELLED
ORD-212,C76,2026-07-05T16:20:16.708Z,810.39,PAID
ORD-213,C1657,2026-09-02T10:24:10.281Z,61.54,SHIPPED
ORD-214,C1381,2026-08-26T14:13:54.084Z,741.28,PENDING
ORD-215,C1623,2026-08-06T08:55:54.277Z,679.05,CANCELLED
ORD-216,C1732,2026-09-18T07:48:40.194Z,123.94,PAID
ORD-217,C1402,2026-09-02T01:55:30.951Z,403.94,SHIPPED
ORD-218,C183,2026-08-08T18:50:14.411Z,884.27,PENDING
ORD-219,C446,2026-07-31T22:45:08.543Z,156.83,CANCELLED
ORD-220,C865,2026-08-13T03:27:48.958Z,636.87,PAID
ORD-221,C942,2026-07-14T21:10:56.131Z,962.78,SHIPPED
ORD-222,C754,2026-07-22T02:38:44.955Z,385.52,PENDING
ORD-223,C1839,2026-07-07T16:37:56.389Z,918.84,CANCELLED
ORD-224,C1670,2026-08-08T23:25:54.587Z,109.53,PAID
ORD-225,C751,2026-07-04T23:26:00.688Z,256.61,SHIPPED
ORD-226,C147,2026-07-12T23:33:11.514Z,3.55,PENDING
ORD-227,C721,2026-09-12T04:14:17.954Z,504.57,CANCELLED
ORD-228,C151,2026-07-18T13:02:41.725Z,29.84,PAID
ORD-229,C529,2026-07-25T07:16:55.608Z,408.57,SHIPPED
ORD-230,C32,2026-08-29T05:58:59.836Z,338.55,PENDING
ORD-231,C1070,2026-08-05T23:42:55.808Z,724.97,CANCELLED
ORD-232,C1478,2026-09-12T01:20:26.022Z,419.44,PAID
ORD-233,C1942,2026-08-11T23:30:55.186Z,655.97,SHIPPED
ORD-234,C1817,2026-07-24T12:51:14.088Z,675.31,PENDING
ORD-235,C288,2026-07-07T09:44:00.965Z,306.36,CANCELLED
ORD-236,C1400,2026-08-29T20:54:27.642Z,390.97,PAID
ORD-237,C1763,2026-08-29T11:28:59.360Z,714.76,SHIPPED
ORD-238,C178,2026-09-09T23:26:29.698Z,565.64,PENDING
ORD-239,C393,2026-07-30T01:42:43.060Z,666.73,CANCELLED
ORD-240,C1195,2026-07-06T22:07:40.237Z,298.60,PAID
ORD-241,C1021,2026-08-09T16:08:00.093Z,399.65,SHIPPED
ORD-242,C1427,2026-08-19T00:38:03.028Z,378.10,PENDING
ORD-243,C432,2026-07-12T18:31:09.236Z,515.89,CANCELLED
ORD-244,C1115,2026-07-08T06:56:01.771Z,655.49,PAID
ORD-245,C1382,2026-08-10T11:12:48.529Z,750.44,SHIPPED
ORD-246,C86,2026-08-20T07:13:53.119Z,233.87,PENDING
ORD-247,C997,2026-09-10T10:28:08.280Z,497.03,CANCELLED
ORD-248,C982,2026-08-01T23:27:16.429Z,785.83,PAID
ORD-249,C855,2026-08-19T23:20:41.727Z,339.22,SHIPPED
ORD-250,C694,2026-08-12T19:38:38.960Z,186.02,PENDING
ORD-251,C1450,2026-09-07T04:06:18.128Z,389.01,CANCELLED
ORD-252,C849,2026-09-22T02:36:07.766Z,483.07,PAID
ORD-253,C1992,2026-07-31T00:16:53.829Z,899.94,SHIPPED
ORD-254,C737,2026-09-17T03:46:51.722Z,275.95,PENDING
ORD-255,C1680,2026-07-26T23:27:09.036Z,678.38,CANCELLED
ORD-256,C1762,2026-09-30T15:00:01.202Z,726.18,PAID
ORD-257,C1516,2026-08-16T14:56:26.267Z,861.53,SHIPPED
ORD-258,C1281,2026-09-15T13:13:12.406Z,159.26,PENDING
ORD-259,C1058,2026-08-16T01:32:14.618Z,303.45,CANCELLED
ORD-260,C1480,2026-09-02T14:25:54.288Z,277.29,PAID
ORD-261,C1499,2026-08-13T14:09:24.553Z,54.25,SHIPPED
ORD-262,C895,2026-09-10T14:47:45.320Z,644.42,PENDING
ORD-263,C298,2026-07-05T10:12:14.091Z,207.37,CANCELLED
ORD-264,C1585,2026-07-13T04:34:42.849Z,360.25,PAID
ORD-265,C1513,2026-09-04T11:31:30.914Z,288.81,SHIPPED
ORD-266,C1609,2026-07-08T22:28:15.747Z,357.84,PENDING
ORD-267,C106,2026-07-18T19:49:38.850Z,174.07,CANCELLED
ORD-268,C762,2026-09-01T10:52:36.787Z,121.16,PAID
ORD-269,C572,2026-09-04T13:51:17.875Z,16.25,SHIPPED
ORD-270,C1355,2026-08-12T03:58:29.371Z,337.68,PENDING
ORD-271,C849,2026-09-09T22:26:02.073Z,652.30,CANCELLED
ORD-272,C1310,2026-07-11T16:50:15.701Z,914.50,PAID
ORD-273,C885,2026-07-12T20:58:06.775Z,558.21,SHIPPED
ORD-274,C276,2026-08-26T09:03:51.697Z,67.96,PENDING
ORD-275,C1456,2026-08-15T16:10:08.607Z,902.52,CANCELLED
ORD-276,C124,2026-07-22T09:32:34.097Z,389.67,PAID
ORD-277,C1268,2026-07-27T14:50:40.320Z,433.60,SHIPPED
ORD-278,C32,2026-09-03T10:31:19.770Z,902.22,PENDING
ORD-279,C287,2026-07-08T11:29:56.771Z,442.22,CANCELLED
ORD-280,C528,2026-07-25T22:45:53.445Z,409.48,PAID
ORD-281,C147,2026-09-15T01:26:05.838Z,258.34,SHIPPED
ORD-282,C1096,2026-08-05T13:24:34.538Z,331.82,PENDING
ORD-283,C834,2026-07-28T16:56:05.649Z,958.99,CANCELLED
ORD-284,C347,2026-07-29T18:21:17.299Z,424.16,PAID
ORD-285,C519,2026-08-21T19:00:14.827Z,477.75,SHIPPED
ORD-286,C559,2026-07-07T12:53:08.651Z,651.34,PENDING
ORD-287,C503,2026-08-05T12:07:21.678Z,682.38,CANCELLED
ORD-288,C755,2026-09-21T04:18:13.213Z,751.37,PAID
ORD-289,C569,2026-09-16T17:30:32.915Z,81.34,SHIPPED
ORD-290,C1200,2026-07-27T05:54:56.907Z,62.01,PENDING
ORD-291,C143,2026-09-29T23:39:39.831Z,264.92,CANCELLED
ORD-292,C1324,2026-08-30T15:17:49.095Z,866.95,PAID
ORD-293,C1918,2026-08-30T17:17:12.043Z,410.61,SHIPPED
ORD-294,C1505,2026-08-08T02:00:24.515Z,427.76,PENDING
ORD-295,C493,2026-09-03T20:35:56.880Z,772.01,CANCELLED
ORD-296,C431,2026-09-03T05:55:05.958Z,302.52,PAID
ORD-297,C418,2026-07-17T09:53:33.132Z,290.75,SHIPPED
ORD-298,C77,2026-08-20T01:50:38.593Z,398.00,PENDING
ORD-299,C768,2026-08-24T13:10:26.966Z,693.07,CANCELLED
ORD-300,C594,2026-07-11T10:24:42.044Z,574.25,PAID
ORD-301,C384,2026-09-29T18:04:12.007Z,499.95,SHIPPED
ORD-302,C1493,2026-07-31T12:42:59.851Z,20.08,PENDING
ORD-303,C380,2026-08-25T06:30:00.151Z,851.63,CANCELLED
ORD-304,C445,2026-08-11T14:46:27.927Z,2.82,PAID
ORD-305,C257,2026-07-16T09:42:17.797Z,209.34,SHIPPED
ORD-306,C1073,2026-09-16T01:31:58.081Z,916.60,PENDING
ORD-307,C69,2026-08-03T04:52:17.717Z,546.60,CANCELLED
ORD-308,C866,2026-08-18T21:29:51.633Z,541.74,PAID
ORD-309,C393,2026-07-15T13:05:14.812Z,129.09,SHIPPED
ORD-310,C717,2026-08-08T05:21:23.766Z,458.54,PENDING
ORD-311,C353,2026-08-16T07:53:51.110Z,22.82,CANCELLED
ORD-312,C1497,2026-08-30T07:46:08.920Z,308.50,PAID
ORD-313,C682,2026-09-30T08:48:45.331Z,354.53,SHIPPED
ORD-314,C1470,2026-09-10T23:51:38.791Z,194.20,PENDING
ORD-315,C19,2026-08-04T23:17:10.959Z,140.83,CANCELLED
ORD-316,C752,2026-08-01T10:36:37.939Z,39.79,PAID
ORD-317,C1550,2026-09-07T05:47:49.526Z,253.51,SHIPPED
ORD-318,C1313,2026-08-31T08:28:39.367Z,484.85,PENDING
ORD-319,C1061,2026-09-19T15:26:49.272Z,222.71,CANCELLED
ORD-320,C579,2026-07-15T15:32:52.679Z,647.04,PAID
ORD-321,C1730,2026-07-18T12:18:42.679Z,978.54,SHIPPED
ORD-322,C38,2026-08-04T23:28:27.839Z,18.00,PENDING
ORD-323,C479,2026-07-15T12:14:39.443Z,746.65,CANCELLED
ORD-324,C1391,2026-09-26T01:09:47.910Z,500.18,PAID
ORD-325,C1105,2026-08-12T18:55:03.976Z,307.12,SHIPPED
ORD-326,C1669,2026-09-05T22:24:49.940Z,602.77,PENDING
ORD-327,C224,2026-08-24T02:42:55.711Z,701.73,CANCELLED
ORD-328,C572,2026-07-17T00:35:32.363Z,317.03,PAID
ORD-329,C1638,2026-09-03T11:54:17.982Z,64.92,SHIPPED
ORD-330,C538,2026-09-14T06:22:48.051Z,292.38,PENDING
ORD-331,C1,2026-09-17T20:37:34.322Z,481.22,CANCELLED
ORD-332,C1828,2026-08-13T22:29:12.397Z,966.99,PAID
ORD-333,C1550,2026-07-26T09:17:02.072Z,575.62,SHIPPED
ORD-334,C437,2026-09-24T08:54:25.458Z,4.60,PENDING
ORD-335,C1491,2026-09-23T05:30:41.313Z,198.81,CANCELLED
ORD-336,C1315,2026-09-21T12:04:59.168Z,853.43,PAID
ORD-337,C941,2026-07-29T18:59:02.206Z,210.60,SHIPPED
ORD-338,C1477,2026-07-16T15:55:48.873Z,276.95,PENDING
ORD-339,C1545,2026-07-22T09:56:10.363Z,154.81,CANCELLED
ORD-340,C1420,2026-08-05T11:25:52.833Z,538.79,PAID
ORD-341,C1871,2026-08-04T06:54:46.522Z,790.08,SHIPPED
ORD-342,C1370,2026-09-07T19:46:59.812Z,627.59,PENDING
ORD-343,C1562,2026-09-28T04:32:27.971Z,307.63,CANCELLED
ORD-344,C1132,2026-07-05T22:20:21.636Z,129.98,PAID
ORD-345,C1863,2026-09-15T17:04:13.819Z,570.40,SHIPPED
ORD-346,C1649,2026-07-06T01:49:48.991Z,198.81,PENDING
ORD-347,C1489,2026-08-28T06:55:11.275Z,388.61,CANCELLED
ORD-348,C806,2026-08-13T07:57:43.373Z,617.63,PAID
ORD-349,C1069,2026-09-30T20:17:08.412Z,343.43,SHIPPED
ORD-350,C917,2026-07-04T14:30:53.788Z,158.17,PENDING
ORD-351,C1549,2026-08-08T13:35:37.048Z,397.24,CANCELLED
ORD-352,C1818,2026-07-09T17:03:59.810Z,37.91,PAID
ORD-353,C595,2026-08-11T12:27:54.469Z,722.19,SHIPPED
ORD-354,C1350,2026-09-10T15:00:50.545Z,530.17,PENDING
ORD-355,C958,2026-09-28T03:41:06.234Z,823.91,CANCELLED
ORD-356,C1216,2026-08-31T00:00:05.023Z,592.37,PAID
ORD-357,C1053,2026-09-15T05:34:45.541Z,51.78,SHIPPED
ORD-358,C1597,2026-07-06T09:57:32.086Z,760.32,PENDING
ORD-359,C508,2026-07-23T05:34:17.515Z,602.37,CANCELLED
ORD-360,C351,2026-09-21T07:09:57.572Z,915.51,PAID
ORD-361,C1709,2026-08-19T03:06:21.374Z,499.79,SHIPPED
ORD-362,C1951,2026-09-26T03:14:20.662Z,921.23,PENDING
ORD-363,C481,2026-09-13T01:07:48.262Z,809.34,CANCELLED
ORD-364,C487,2026-07-29T15:36:45.196Z,532.68,PAID
ORD-365,C1957,2026-09-13T19:00:41.454Z,740.56,SHIPPED
ORD-366,C433,2026-09-03T11:47:27.370Z,482.79,PENDING
ORD-367,C1664,2026-08-30T23:57:52.560Z,198.22,CANCELLED
ORD-368,C1802,2026-07-11T15:55:02.425Z,645.73,PAID
ORD-369,C211,2026-08-30T08:21:23.327Z,526.36,SHIPPED
ORD-370,C667,2026-08-30T15:33:22.704Z,337.98,PENDING
ORD-371,C597,2026-09-03T01:02:30.460Z,230.69,CANCELLED
ORD-372,C905,2026-07-18T09:11:41.336Z,65.49,PAID
ORD-373,C562,2026-09-28T04:29:30.979Z,141.12,SHIPPED
ORD-374,C1037,2026-07-28T09:29:34.729Z,133.19,PENDING
ORD-375,C1869,2026-07-26T20:15:14.871Z,491.41,CANCELLED
ORD-376,C757,2026-07-25T01:58:34.116Z,907.36,PAID
ORD-377,C826,2026-08-30T09:42:29.962Z,252.48,SHIPPED
ORD-378,C460,2026-08-20T05:22:37.711Z,25.23,PENDING
ORD-379,C314,2026-09-06T14:48:39.892Z,92.70,CANCELLED
ORD-380,C1584,2026-08-11T20:44:45.419Z,131.19,PAID
ORD-381,C1529,2026-07-19T23:10:22.591Z,305.17,SHIPPED
ORD-382,C1089,2026-09-12T10:26:24.504Z,208.26,PENDING
ORD-383,C1820,2026-07-07T21:39:11.679Z,770.81,CANCELLED
ORD-384,C341,2026-08-26T00:18:14.506Z,665.44,PAID
ORD-385,C803,2026-08-05T10:57:52.604Z,47.85,SHIPPED
ORD-386,C1137,2026-08-20T23:46:10.487Z,174.24,PENDING
ORD-387,C1393,2026-07-03T20:53:24.902Z,695.00,CANCELLED
ORD-388,C1470,2026-07-09T17:37:12.335Z,429.04,PAID
ORD-389,C1290,2026-09-08T15:42:09.414Z,636.96,SHIPPED
ORD-390,C1846,2026-09-27T06:03:38.889Z,159.95,PENDING
ORD-391,C1622,2026-09-08T01:43:22.173Z,161.63,CANCELLED
ORD-392,C499,2026-08-18T02:47:39.391Z,368.50,PAID
ORD-393,C434,2026-09-10T13:02:41.860Z,382.45,SHIPPED
ORD-394,C1251,2026-07-06T06:50:56.129Z,445.42,PENDING
ORD-395,C980,2026-08-28T00:16:53.480Z,975.87,CANCELLED
ORD-396,C257,2026-07-14T05:14:59.584Z,457.36,PAID
ORD-397,C1717,2026-09-28T21:19:12.934Z,295.70,SHIPPED
ORD-398,C466,2026-09-24T22:12:50.727Z,379.85,PENDING
ORD-399,C51,2026-07-19T01:38:44.523Z,524.81,CANCELLED
ORD-400,C683,2026-07-15T00:41:52.963Z,46.41,PAID
ORD-401,C805,2026-07-15T10:42:09.856Z,260.98,SHIPPED
ORD-402,C1450,2026-08-07T15:01:00.272Z,359.48,PENDING
ORD-403,C1831,2026-09-08T15:43:21.321Z,728.80,CANCELLED
ORD-404,C1444,2026-08-01T10:11:16.989Z,2.87,PAID
ORD-405,C1924,2026-08-02T22:49:27.705Z,183.80,SHIPPED
ORD-406,C286,2026-08-08T05:22:20.253Z,738.07,PENDING
ORD-407,C1152,2026-07-23T01:12:34.030Z,391.36,CANCELLED
ORD-408,C808,2026-07-31T11:56:47.985Z,848.89,PAID
ORD-409,C1056,2026-07-07T11:38:43.549Z,146.67,SHIPPED
ORD-410,C243,2026-09-01T10:01:05.958Z,534.33,PENDING
ORD-411,C341,2026-07-26T08:48:50.764Z,929.40,CANCELLED
ORD-412,C1643,2026-09-05T13:07:58.554Z,589.18,PAID
ORD-413,C1042,2026-07-31T12:49:01.090Z,757.54,SHIPPED
ORD-414,C1660,2026-07-16T13:56:32.197Z,35.14,PENDING
ORD-415,C937,2026-09-29T07:37:22.154Z,315.39,CANCELLED
ORD-416,C56,2026-09-30T23:25:47.431Z,174.59,PAID
ORD-417,C649,2026-08-10T21:21:03.018Z,76.12,SHIPPED
ORD-418,C50,2026-08-06T19:17:24.848Z,675.91,PENDING
ORD-419,C271,2026-07-09T12:24:02.158Z,632.17,CANCELLED
ORD-420,C1059,2026-08-08T10:04:00.059Z,351.41,PAID
ORD-421,C766,2026-08-27T01:35:22.350Z,630.79,SHIPPED
ORD-422,C943,2026-07-12T21:52:43.860Z,727.52,PENDING
ORD-423,C1069,2026-09-29T17:16:08.604Z,847.83,CANCELLED
ORD-424,C1142,2026-08-24T08:59:54.546Z,143.08,PAID
ORD-425,C1429,2026-09-08T07:50:34.270Z,385.06,SHIPPED
ORD-426,C1611,2026-07-14T16:14:06.757Z,368.02,PENDING
ORD-427,C1854,2026-09-27T09:28:52.351Z,578.98,CANCELLED
ORD-428,C132,2026-07-11T17:25:40.796Z,560.45,PAID
ORD-429,C1285,2026-07-28T04:14:37.052Z,826.40,SHIPPED
ORD-430,C1482,2026-08-01T16:26:30.275Z,542.20,PENDING
ORD-431,C1486,2026-08-27T14:54:15.120Z,481.83,CANCELLED
ORD-432,C1270,2026-07-07T02:21:15.177Z,941.21,PAID
ORD-433,C963,2026-07-21T15:47:59.167Z,385.91,SHIPPED
ORD-434,C1712,2026-09-27T18:28:50.039Z,902.18,PENDING
ORD-435,C1466,2026-07-03T16:56:35.116Z,539.57,CANCELLED
ORD-436,C740,2026-07-08T14:07:28.228Z,324.94,PAID
ORD-437,C1651,2026-08-08T08:33:47.147Z,212.52,SHIPPED
ORD-438,C761,2026-09-15T20:19:59.846Z,146.50,PENDING
ORD-439,C932,2026-07-14T05:20:29.151Z,185.09,CANCELLED
ORD-440,C608,2026-08-01T14:44:31.291Z,66.85,PAID
ORD-441,C106,2026-08-05T15:39:00.765Z,580.99,SHIPPED
ORD-442,C1919,2026-08-10T10:28:22.161Z,113.54,PENDING
ORD-443,C1169,2026-09-26T01:35:54.008Z,474.29,CANCELLED
ORD-444,C821,2026-07-20T09:34:13.999Z,795.98,PAID
ORD-445,C240,2026-08-04T11:22:57.187Z,214.24,SHIPPED
ORD-446,C931,2026-07-18T18:26:52.092Z,660.18,PENDING
ORD-447,C1608,2026-07-21T06:37:38.213Z,799.47,CANCELLED
ORD-448,C1541,2026-09-07T08:38:41.128Z,163.37,PAID
ORD-449,C1566,2026-08-30T05:35:34.689Z,682.48,SHIPPED
ORD-450,C231,2026-07-23T08:46:43.697Z,457.17,PENDING
ORD-451,C695,2026-07-30T00:06:15.469Z,741.65,CANCELLED
ORD-452,C1212,2026-09-23T01:40:04.843Z,157.50,PAID
ORD-453,C1598,2026-07-11T11:57:47.996Z,249.85,SHIPPED
ORD-454,C519,2026-09-12T23:47:49.880Z,414.34,PENDING
ORD-455,C78,2026-09-19T20:14:01.294Z,79.02,CANCELLED
ORD-456,C1550,2026-07-26T07:58:36.895Z,226.16,PAID
ORD-457,C724,2026-07-23T19:02:24.282Z,884.28,SHIPPED
ORD-458,C261,2026-09-16T10:31:45.243Z,833.04,PENDING
ORD-459,C1149,2026-09-12T00:10:25.688Z,135.65,CANCELLED
ORD-460,C847,2026-09-03T05:34:25.424Z,12.67,PAID
ORD-461,C544,2026-08-24T19:59:33.402Z,648.42,SHIPPED
ORD-462,C1446,2026-07-18T13:36:35.028Z,879.39,PENDING
ORD-463,C1015,2026-09-11T08:29:50.829Z,915.00,CANCELLED
ORD-464,C995,2026-09-12T23:10:24.437Z,551.42,PAID
ORD-465,C1975,2026-07-09T22:44:42.093Z,70.74,SHIPPED
ORD-466,C1213,2026-07-11T19:03:48.877Z,533.57,PENDING
ORD-467,C1273,2026-07-17T23:37:30.096Z,687.62,CANCELLED
ORD-468,C243,2026-08-05T01:25:41.058Z,642.17,PAID
ORD-469,C421,2026-07-19T17:38:41.389Z,586.34,SHIPPED
ORD-470,C1667,2026-09-27T15:21:14.543Z,955.22,PENDING
ORD-471,C1851,2026-07-13T10:37:51.436Z,60.51,CANCELLED
ORD-472,C1105,2026-09-20T09:56:53.324Z,875.88,PAID
ORD-473,C221,2026-09-17T06:00:52.928Z,563.04,SHIPPED
ORD-474,C402,2026-08-05T15:29:45.252Z,946.05,PENDING
ORD-475,C1686,2026-09-28T08:27:28.374Z,835.87,CANCELLED
ORD-476,C1721,2026-08-10T15:15:20.970Z,497.30,PAID
ORD-477,C1570,2026-08-03T00:28:02.008Z,359.35,SHIPPED
ORD-478,C568,2026-09-21T15:22:17.034Z,753.09,PENDING
ORD-479,C492,2026-08-10T17:22:40.312Z,748.09,CANCELLED
ORD-480,C1005,2026-07-23T15:07:15.448Z,791.08,PAID
ORD-481,C1122,2026-07-22T03:12:43.182Z,417.86,SHIPPED
ORD-482,C406,2026-08-17T16:49:49.552Z,835.80,PENDING
ORD-483,C1570,2026-07-23T04:51:24.631Z,128.67,CANCELLED
ORD-484,C1497,2026-09-04T18:23:04.497Z,683.27,PAID
ORD-485,C1374,2026-07-27T02:38:37.396Z,958.29,SHIPPED
ORD-486,C1190,2026-09-02T21:59:49.071Z,156.23,PENDING
ORD-487,C5,2026-09-22T00:30:26.715Z,181.73,CANCELLED
ORD-488,C1580,2026-08-05T08:04:25.061Z,612.32,PAID
ORD-489,C170,2026-08-09T00:12:14.155Z,937.66,SHIPPED
ORD-490,C1451,2026-08-12T03:02:36.862Z,97.09,PENDING
ORD-491,C541,2026-07-15T14:35:42.127Z,37.97,CANCELLED
ORD-492,C1966,2026-07-29T12:29:24.738Z,153.00,PAID
ORD-493,C200,2026-09-25T23:27:58.069Z,280.28,SHIPPED
ORD-494,C669,2026-07-13T13:03:59.694Z,620.35,PENDING
ORD-495,C1009,2026-09-17T21:56:22.988Z,352.41,CANCELLED
ORD-496,C1291,2026-08-28T17:40:12.608Z,376.53,PAID
ORD-497,C976,2026-09-16T21:42:25.728Z,890.07,SHIPPED
ORD-498,C1315,2026-08-18T09:44:33.906Z,211.49,PENDING
ORD-499,C142,2026-07-13T12:20:06.321Z,551.60,CANCELLED
ORD-500,C814,2026-07-15T22:22:09.488Z,563.39,PAID
ORD-501,C1729,2026-07-18T23:57:23.675Z,680.25,SHIPPED
ORD-502,C702,2026-08-14T08:51:22.101Z,741.12,PENDING
ORD-503,C1292,2026-09-03T19:27:09.809Z,923.97,CANCELLED
ORD-504,C269,2026-09-24T17:55:37.135Z,548.11,PAID
ORD-505,C1043,2026-08-28T20:12:33.735Z,695.52,SHIPPED
ORD-506,C1258,2026-08-08T19:46:35.436Z,283.80,PENDING
ORD-507,C1289,2026-07-06T21:11:32.251Z,0.09,CANCELLED
ORD-508,C1906,2026-09-07T02:10:46.334Z,673.49,PAID
ORD-509,C1090,2026-08-05T08:07:46.904Z,655.17,SHIPPED
ORD-510,C1486,2026-07-17T17:03:30.633Z,13.10,PENDING
ORD-511,C1392,2026-09-04T22:38:59.636Z,127.78,CANCELLED
ORD-512,C1773,2026-08-08T14:12:36.320Z,481.31,PAID
ORD-513,C1972,2026-08-26T22:13:13.929Z,640.65,SHIPPED
ORD-514,C1509,2026-07-20T22:39:00.638Z,453.08,PENDING
ORD-515,C1296,2026-08-31T15:06:43.012Z,906.71,CANCELLED
ORD-516,C1825,2026-09-28T01:02:42.855Z,450.93,PAID
ORD-517,C1972,2026-07-25T18:10:47.199Z,647.88,SHIPPED
ORD-518,C1572,2026-09-08T20:55:30.444Z,111.29,PENDING
ORD-519,C1647,2026-09-23T04:03:22.828Z,953.42,CANCELLED
ORD-520,C19,2026-09-19T15:59:47.447Z,514.32,PAID
ORD-521,C1954,2026-09-24T12:39:15.954Z,618.84,SHIPPED
ORD-522,C1303,2026-09-28T12:58:25.536Z,312.56,PENDING
ORD-523,C892,2026-09-26T04:56:22.715Z,488.79,CANCELLED
ORD-524,C957,2026-10-01T03:23:49.569Z,572.43,PAID
ORD-525,C542,2026-09-05T03:59:07.752Z,42.61,SHIPPED
ORD-526,C1680,2026-07-23T11:12:29.076Z,346.46,PENDING
ORD-527,C1154,2026-07-09T09:03:11.747Z,434.19,CANCELLED
ORD-528,C1987,2026-08-05T00:53:48.577Z,788.55,PAID
ORD-529,C1594,2026-08-20T15:22:53.889Z,182.69,SHIPPED
ORD-530,C85,2026-08-12T12:14:58.981Z,236.19,PENDING
ORD-531,C326,2026-07-25T13:03:00.405Z,730.32,CANCELLED
ORD-532,C1284,2026-09-19T17:18:04.035Z,554.58,PAID
ORD-533,C1090,2026-08-31T17:31:41.889Z,514.28,SHIPPED
ORD-534,C601,2026-07-24T14:08:51.205Z,924.32,PENDING
ORD-535,C1852,2026-09-23T01:29:02.154Z,414.58,CANCELLED
ORD-536,C1418,2026-09-25T11:09:31.967Z,591.56,PAID
ORD-537,C549,2026-07-30T12:44:02.704Z,292.95,SHIPPED
ORD-538,C1960,2026-08-03T01:20:50.424Z,942.75,PENDING
ORD-539,C343,2026-09-17T13:42:38.132Z,89.82,CANCELLED
ORD-540,C203,2026-09-16T17:05:00.152Z,51.38,PAID
ORD-541,C36,2026-07-29T11:45:54.886Z,758.41,SHIPPED
ORD-542,C633,2026-07-05T04:53:05.711Z,727.44,PENDING
ORD-543,C1359,2026-08-01T20:50:18.334Z,627.98,CANCELLED
ORD-544,C626,2026-07-11T19:05:45.065Z,225.04,PAID
ORD-545,C819,2026-08-27T07:27:46.706Z,189.29,SHIPPED
ORD-546,C1564,2026-07-20T13:54:06.268Z,432.16,PENDING
ORD-547,C1367,2026-07-21T16:24:01.057Z,372.36,CANCELLED
ORD-548,C157,2026-07-07T09:33:20.185Z,124.42,PAID
ORD-549,C191,2026-09-05T22:23:31.716Z,983.08,SHIPPED
ORD-550,C1206,2026-08-01T01:04:49.890Z,93.95,PENDING
ORD-551,C568,2026-07-27T21:02:58.081Z,302.81,CANCELLED
ORD-552,C1454,2026-09-01T09:33:10.728Z,101.08,PAID
ORD-553,C1857,2026-08-27T14:06:49.085Z,636.13,SHIPPED
ORD-554,C454,2026-07-13T18:03:22.980Z,61.90,PENDING
ORD-555,C1856,2026-07-16T00:11:14.855Z,658.11,CANCELLED
ORD-556,C577,2026-09-24T16:14:46.712Z,127.56,PAID
ORD-557,C266,2026-09-11T18:54:14.504Z,637.21,SHIPPED
ORD-558,C483,2026-07-18T10:21:03.735Z,655.60,PENDING
ORD-559,C634,2026-07-15T18:55:09.999Z,556.75,CANCELLED
ORD-560,C875,2026-08-08T21:00:55.147Z,86.20,PAID
ORD-561,C820,2026-08-04T21:51:30.626Z,651.89,SHIPPED
ORD-562,C1687,2026-08-17T13:01:44.766Z,879.66,PENDING
ORD-563,C270,2026-09-25T19:42:37.628Z,931.17,CANCELLED
ORD-564,C1131,2026-07-27T05:08:05.817Z,234.03,PAID
ORD-565,C930,2026-08-26T17:14:08.783Z,595.81,SHIPPED
ORD-566,C1221,2026-09-07T08:23:16.023Z,135.95,PENDING
ORD-567,C1740,2026-09-23T19:35:17.683Z,963.13,CANCELLED
ORD-568,C322,2026-07-16T13:50:00.821Z,554.28,PAID
ORD-569,C1785,2026-08-15T01:50:53.470Z,404.99,SHIPPED
ORD-570,C1484,2026-08-28T21:41:54.250Z,705.62,PENDING
ORD-571,C1802,2026-07-22T23:05:42.966Z,717.90,CANCELLED
ORD-572,C1637,2026-09-30T21:47:16.079Z,271.62,PAID
ORD-573,C56,2026-09-21T07:13:35.689Z,768.22,SHIPPED
ORD-574,C412,2026-08-01T21:12:47.428Z,501.74,PENDING
ORD-575,C1769,2026-07-21T04:04:04.095Z,743.45,CANCELLED
ORD-576,C1862,2026-07-08T08:09:01.111Z,734.12,PAID
ORD-577,C1834,2026-07-23T22:49:17.076Z,411.45,SHIPPED
ORD-578,C1838,2026-07-09T07:14:03.364Z,161.26,PENDING
ORD-579,C230,2026-08-30T11:28:41.434Z,451.43,CANCELLED
ORD-580,C1080,2026-07-04T06:13:27.953Z,659.36,PAID
ORD-581,C1920,2026-09-29T15:36:23.026Z,303.85,SHIPPED
ORD-582,C242,2026-08-26T12:03:12.510Z,746.81,PENDING
ORD-583,C1410,2026-08-03T05:02:18.950Z,129.04,CANCELLED
ORD-584,C880,2026-08-03T03:15:40.715Z,581.73,PAID
ORD-585,C1332,2026-08-18T18:08:45.570Z,220.05,SHIPPED
ORD-586,C1614,2026-09-02T19:24:06.677Z,931.91,PENDING
ORD-587,C1391,2026-09-13T02:15:42.742Z,817.30,CANCELLED
ORD-588,C1225,2026-09-20T23:49:59.608Z,987.33,PAID
ORD-589,C674,2026-08-21T10:12:19.748Z,675.95,SHIPPED
ORD-590,C241,2026-09-03T03:13:34.246Z,756.24,PENDING
ORD-591,C158,2026-07-22T19:33:41.645Z,446.80,CANCELLED
ORD-592,C1278,2026-07-19T02:55:29.437Z,720.95,PAID
ORD-593,C1309,2026-09-15T16:42:46.893Z,510.50,SHIPPED
ORD-594,C730,2026-07-25T00:16:06.209Z,10.33,PENDING
ORD-595,C662,2026-09-02T01:59:36.575Z,195.71,CANCELLED
ORD-596,C465,2026-07-28T20:20:47.832Z,585.69,PAID
ORD-597,C1997,2026-07-23T00:49:23.785Z,980.72,SHIPPED
ORD-598,C1283,2026-09-08T21:27:00.682Z,706.27,PENDING
ORD-599,C1992,2026-08-16T17:36:13.356Z,618.97,CANCELLED
ORD-600,C1265,2026-07-17T22:43:54.500Z,702.71,PAID
ORD-601,C1306,2026-07-09T11:40:24.764Z,281.56,SHIPPED
ORD-602,C1935,2026-08-25T10:53:28.280Z,843.75,PENDING
ORD-603,C301,2026-07-19T13:24:03.108Z,360.01,CANCELLED
ORD-604,C1924,2026-07-13T20:28:19.991Z,255.08,PAID
ORD-605,C1141,2026-07-06T06:45:03.022Z,243.49,SHIPPED
ORD-606,C1187,2026-08-16T08:25:55.210Z,694.75,PENDING
ORD-607,C1496,2026-08-24T00:14:32.647Z,341.72,CANCELLED
ORD-608,C1527,2026-08-31T05:55:41.379Z,712.71,PAID
ORD-609,C1421,2026-08-28T00:04:32.873Z,74.59,SHIPPED
ORD-610,C1666,2026-09-15T05:05:28.298Z,11.81,PENDING
ORD-611,C1226,2026-09-17T09:11:30.956Z,878.37,CANCELLED
ORD-612,C663,2026-09-01T04:21:52.959Z,678.00,PAID
ORD-613,C1992,2026-08-04T01:48:06.880Z,292.26,SHIPPED
ORD-614,C1554,2026-09-06T21:51:00.173Z,569.53,PENDING
ORD-615,C1945,2026-09-15T01:16:42.309Z,535.70,CANCELLED
ORD-616,C275,2026-07-10T22:24:45.011Z,25.71,PAID
ORD-617,C271,2026-09-04T07:40:18.241Z,973.32,SHIPPED
ORD-618,C89,2026-08-04T11:01:38.065Z,510.44,PENDING
ORD-619,C1084,2026-09-04T15:13:28.301Z,306.73,CANCELLED
ORD-620,C337,2026-08-10T05:42:20.198Z,66.25,PAID
ORD-621,C934,2026-07-14T17:45:56.427Z,683.36,SHIPPED
ORD-622,C230,2026-09-14T07:56:01.286Z,771.83,PENDING
ORD-623,C1405,2026-09-16T14:03:41.009Z,873.13,CANCELLED
ORD-624,C870,2026-07-20T09:22:05.745Z,781.17,PAID
ORD-625,C106,2026-08-26T22:23:38.320Z,919.10,SHIPPED
ORD-626,C1164,2026-09-27T21:03:45.919Z,54.89,PENDING
ORD-627,C769,2026-09-10T14:10:34.036Z,820.65,CANCELLED
ORD-628,C1746,2026-07-12T02:21:57.335Z,770.80,PAID
ORD-629,C1881,2026-07-24T17:37:42.537Z,877.19,SHIPPED
ORD-630,C1270,2026-07-15T20:21:39.695Z,724.36,PENDING
ORD-631,C178,2026-09-15T16:25:57.131Z,839.08,CANCELLED
ORD-632,C1429,2026-07-10T12:09:13.269Z,558.08,PAID
ORD-633,C1850,2026-07-17T17:59:24.513Z,360.96,SHIPPED
ORD-634,C894,2026-07-20T10:45:39.382Z,454.78,PENDING
ORD-635,C710,2026-08-21T04:16:17.245Z,795.83,CANCELLED
ORD-636,C1478,2026-08-20T05:05:05.641Z,126.60,PAID
ORD-637,C1135,2026-09-11T03:29:25.697Z,650.87,SHIPPED
ORD-638,C850,2026-08-02T07:41:38.857Z,919.99,PENDING
ORD-639,C814,2026-07-20T09:34:59.953Z,178.19,CANCELLED
ORD-640,C580,2026-09-02T02:14:55.029Z,254.90,PAID
ORD-641,C696,2026-08-17T00:25:06.146Z,227.70,SHIPPED
ORD-642,C907,2026-07-15T11:42:53.887Z,875.05,PENDING
ORD-643,C153,2026-09-26T23:58:35.730Z,931.62,CANCELLED
ORD-644,C1464,2026-08-11T08:34:36.333Z,45.85,PAID
ORD-645,C626,2026-09-07T01:45:28.508Z,748.19,SHIPPED
ORD-646,C557,2026-07-17T13:21:40.828Z,295.92,PENDING
ORD-647,C916,2026-07-03T07:12:25.294Z,978.85,CANCELLED
ORD-648,C1514,2026-09-10T10:23:11.186Z,138.66,PAID
ORD-649,C1165,2026-09-10T04:40:51.767Z,438.14,SHIPPED
ORD-650,C812,2026-08-30T15:05:01.931Z,323.90,PENDING
ORD-651,C1439,2026-07-28T11:17:22.001Z,323.14,CANCELLED
ORD-652,C234,2026-07-10T12:25:58.015Z,163.18,PAID
ORD-653,C1261,2026-08-08T22:51:04.772Z,821.19,SHIPPED
ORD-654,C1016,2026-08-31T21:48:56.233Z,973.00,PENDING
ORD-655,C1985,2026-08-19T02:33:47.135Z,749.43,CANCELLED
ORD-656,C247,2026-09-30T20:29:45.251Z,668.12,PAID
ORD-657,C1590,2026-07-08T11:35:11.603Z,936.91,SHIPPED
ORD-658,C842,2026-07-21T18:58:54.626Z,627.31,PENDING
ORD-659,C830,2026-09-02T08:59:02.388Z,143.27,CANCELLED
ORD-660,C185,2026-09-30T06:03:24.804Z,727.81,PAID
ORD-661,C1191,2026-09-30T22:23:31.000Z,329.00,SHIPPED
ORD-662,C1305,2026-09-20T23:48:15.613Z,751.54,PENDING
ORD-663,C141,2026-08-09T09:55:15.127Z,372.34,CANCELLED
ORD-664,C1590,2026-08-18T03:25:50.412Z,571.12,PAID
ORD-665,C20,2026-09-02T16:40:40.147Z,547.47,SHIPPED
ORD-666,C1038,2026-09-29T07:32:24.992Z,241.70,PENDING
ORD-667,C1275,2026-08-09T21:42:20.978Z,528.43,CANCELLED
ORD-668,C539,2026-08-27T23:35:26.227Z,792.51,PAID
ORD-669,C1854,2026-07-07T03:34:52.524Z,195.22,SHIPPED
ORD-670,C1550,2026-09-14T15:45:37.202Z,211.03,PENDING
ORD-671,C340,2026-09-30T04:06:24.916Z,168.32,CANCELLED
ORD-672,C1304,2026-09-09T14:30:20.009Z,891.38,PAID
ORD-673,C1066,2026-07-09T02:37:52.742Z,269.95,SHIPPED
ORD-674,C1228,2026-09-09T15:01:48.058Z,284.89,PENDING
ORD-675,C1366,2026-09-14T00:06:45.154Z,27.83,CANCELLED
ORD-676,C1173,2026-08-21T10:13:18.125Z,937.24,PAID
ORD-677,C1552,2026-09-15T19:32:24.290Z,390.28,SHIPPED
ORD-678,C390,2026-07-20T18:40:52.346Z,154.18,PENDING
ORD-679,C1312,2026-08-22T16:57:00.999Z,515.99,CANCELLED
ORD-680,C1182,2026-08-19T05:43:24.856Z,729.58,PAID
ORD-681,C614,2026-09-12T05:16:41.675Z,23.84,SHIPPED
ORD-682,C31,2026-07-17T22:39:22.977Z,541.64,PENDING
ORD-683,C1933,2026-08-07T23:35:30.716Z,525.12,CANCELLED
ORD-684,C1885,2026-08-28T03:41:56.560Z,434.56,PAID
ORD-685,C1183,2026-08-19T14:46:50.989Z,38.21,SHIPPED
ORD-686,C1146,2026-07-24T15:25:38.433Z,244.79,PENDING
ORD-687,C464,2026-08-13T18:53:28.689Z,925.93,CANCELLED
ORD-688,C1329,2026-08-01T02:08:59.506Z,300.17,PAID
ORD-689,C618,2026-07-05T16:26:08.193Z,859.03,SHIPPED
ORD-690,C440,2026-08-04T15:43:26.103Z,423.86,PENDING
ORD-691,C135,2026-09-29T16:20:13.653Z,865.37,CANCELLED
ORD-692,C974,2026-09-15T00:09:57.524Z,949.97,PAID
ORD-693,C860,2026-07-05T12:24:26.271Z,84.97,SHIPPED
ORD-694,C671,2026-09-17T14:17:41.045Z,50.78,PENDING
ORD-695,C238,2026-08-29T04:25:38.987Z,514.24,CANCELLED
ORD-696,C1734,2026-07-28T11:48:43.219Z,842.04,PAID
ORD-697,C1489,2026-08-14T17:08:05.688Z,928.18,SHIPPED
ORD-698,C298,2026-08-26T01:02:09.753Z,191.85,PENDING
ORD-699,C1059,2026-08-02T06:44:14.474Z,331.93,CANCELLED
ORD-700,C557,2026-09-01T12:23:53.169Z,152.47,PAID
ORD-701,C1278,2026-09-03T19:38:46.471Z,780.87,SHIPPED
ORD-702,C1635,2026-08-04T03:57:16.602Z,97.55,PENDING
ORD-703,C1102,2026-07-22T23:22:09.503Z,781.23,CANCELLED
ORD-704,C1151,2026-08-02T14:01:26.953Z,203.35,PAID
ORD-705,C451,2026-08-03T21:48:18.281Z,670.71,SHIPPED
ORD-706,C352,2026-07-31T19:00:18.602Z,91.00,PENDING
ORD-707,C1019,2026-07-15T23:33:49.653Z,546.12,CANCELLED
ORD-708,C746,2026-08-17T12:43:35.004Z,361.20,PAID
ORD-709,C979,2026-07-07T11:47:50.329Z,650.31,SHIPPED
ORD-710,C188,2026-08-24T21:02:14.420Z,898.81,PENDING
ORD-711,C1818,2026-08-22T04:53:23.922Z,755.74,CANCELLED
ORD-712,C1422,2026-07-08T12:30:18.146Z,809.70,PAID
ORD-713,C591,2026-07-24T14:57:47.163Z,870.63,SHIPPED
ORD-714,C969,2026-08-30T23:08:44.771Z,668.96,PENDING
ORD-715,C697,2026-09-14T01:59:45.096Z,84.08,CANCELLED
ORD-716,C794,2026-07-06T14:18:45.963Z,540.68,PAID
ORD-717,C12,2026-07-11T20:33:16.978Z,941.40,SHIPPED
ORD-718,C1904,2026-07-25T00:09:27.947Z,202.90,PENDING
ORD-719,C1992,2026-07-06T10:08:36.712Z,195.67,CANCELLED
ORD-720,C276,2026-07-19T12:02:13.342Z,154.48,PAID
ORD-721,C157,2026-09-28T20:16:39.117Z,413.49,SHIPPED
ORD-722,C1910,2026-07-26T09:07:49.064Z,645.16,PENDING
ORD-723,C1827,2026-09-02T06:31:34.887Z,15.92,CANCELLED
ORD-724,C1007,2026-07-26T09:40:58.260Z,30.75,PAID
ORD-725,C1931,2026-08-15T17:24:52.119Z,175.93,SHIPPED
ORD-726,C1173,2026-09-07T02:08:04.017Z,482.02,PENDING
ORD-727,C632,2026-09-15T11:30:18.129Z,747.61,CANCELLED
ORD-728,C811,2026-09-29T02:01:26.652Z,73.87,PAID
ORD-729,C253,2026-09-20T03:36:01.100Z,366.87,SHIPPED
ORD-730,C1363,2026-09-21T07:29:41.995Z,41.21,PENDING
ORD-731,C1857,2026-08-31T19:50:49.843Z,144.62,CANCELLED
ORD-732,C1042,2026-09-01T20:18:21.692Z,881.76,PAID
ORD-733,C178,2026-09-21T08:07:21.966Z,878.78,SHIPPED
ORD-734,C1103,2026-07-08T06:59:58.494Z,508.46,PENDING
ORD-735,C1910,2026-08-19T15:35:26.727Z,732.75,CANCELLED
ORD-736,C976,2026-09-26T09:24:55.686Z,232.46,PAID
ORD-737,C530,2026-07-04T05:50:03.125Z,416.74,SHIPPED
ORD-738,C637,2026-08-05T22:26:21.415Z,384.78,PENDING
ORD-739,C200,2026-09-23T21:52:55.586Z,482.48,CANCELLED
ORD-740,C1033,2026-08-22T22:41:16.127Z,478.43,PAID
ORD-741,C362,2026-09-01T18:02:16.856Z,501.77,SHIPPED
ORD-742,C1462,2026-08-28T21:15:43.146Z,328.16,PENDING
ORD-743,C1216,2026-09-10T05:04:57.470Z,658.14,CANCELLED
ORD-744,C1987,2026-09-27T07:20:37.899Z,886.88,PAID
ORD-745,C172,2026-09-23T03:04:38.448Z,384.78,SHIPPED
ORD-746,C291,2026-09-26T02:48:58.805Z,836.36,PENDING
ORD-747,C809,2026-08-16T07:45:55.256Z,900.56,CANCELLED
ORD-748,C446,2026-09-18T13:52:01.958Z,405.06,PAID
ORD-749,C1825,2026-07-29T00:48:07.703Z,810.83,SHIPPED
ORD-750,C664,2026-07-18T13:44:12.466Z,178.84,PENDING
ORD-751,C1763,2026-09-29T09:38:03.371Z,472.75,CANCELLED
ORD-752,C1613,2026-08-25T00:41:29.061Z,747.02,PAID
ORD-753,C1454,2026-07-17T20:01:58.067Z,579.71,SHIPPED
ORD-754,C1881,2026-07-16T00:43:57.696Z,679.85,PENDING
ORD-755,C1648,2026-08-19T21:14:16.176Z,16.31,CANCELLED
ORD-756,C487,2026-08-27T13:10:59.237Z,246.04,PAID
ORD-757,C1426,2026-09-17T22:35:18.540Z,289.77,SHIPPED
ORD-758,C43,2026-08-10T10:54:54.780Z,683.79,PENDING
ORD-759,C324,2026-08-12T22:55:18.816Z,257.50,CANCELLED
ORD-760,C1893,2026-08-28T08:19:57.656Z,331.18,PAID
ORD-761,C1415,2026-09-01T08:25:56.485Z,897.94,SHIPPED
ORD-762,C1353,2026-09-29T18:38:19.085Z,97.77,PENDING
ORD-763,C72,2026-07-06T07:31:16.741Z,316.31,CANCELLED
ORD-764,C1702,2026-07-18T16:47:44.845Z,147.32,PAID
ORD-765,C1978,2026-08-27T09:38:14.482Z,772.97,SHIPPED
ORD-766,C928,2026-08-01T11:16:27.475Z,840.54,PENDING
ORD-767,C1927,2026-09-18T13:08:02.836Z,684.09,CANCELLED
ORD-768,C831,2026-09-16T03:48:42.389Z,734.48,PAID
ORD-769,C1539,2026-09-12T06:30:50.861Z,552.99,SHIPPED
ORD-770,C70,2026-08-20T03:24:12.571Z,671.86,PENDING
ORD-771,C1469,2026-08-11T01:27:34.162Z,337.95,CANCELLED
ORD-772,C1904,2026-08-16T07:02:39.777Z,437.22,PAID
ORD-773,C1916,2026-07-28T11:58:22.358Z,172.71,SHIPPED
ORD-774,C1263,2026-07-10T04:24:55.148Z,679.26,PENDING
ORD-775,C1740,2026-08-14T14:47:16.323Z,545.90,CANCELLED
ORD-776,C962,2026-08-31T05:55:07.208Z,519.95,PAID
ORD-777,C290,2026-07-25T12:50:12.370Z,317.94,SHIPPED
ORD-778,C1463,2026-07-20T06:21:40.899Z,762.92,PENDING
ORD-779,C147,2026-09-08T17:42:23.667Z,174.67,CANCELLED
ORD-780,C685,2026-09-26T07:52:31.775Z,3.31,PAID
ORD-781,C652,2026-09-07T14:49:39.776Z,263.12,SHIPPED
ORD-782,C1313,2026-07-15T22:22:22.519Z,506.03,PENDING
ORD-783,C879,2026-07-31T09:56:01.208Z,326.90,CANCELLED
ORD-784,C1532,2026-09-12T01:12:09.692Z,368.09,PAID
ORD-785,C181,2026-08-09T19:47:10.573Z,867.50,SHIPPED
ORD-786,C883,2026-08-25T15:32:07.196Z,633.60,PENDING
ORD-787,C607,2026-08-21T01:16:29.844Z,688.73,CANCELLED
ORD-788,C268,2026-07-09T07:54:34.752Z,888.49,PAID
ORD-789,C1086,2026-08-05T20:57:23.745Z,647.91,SHIPPED
ORD-790,C1383,2026-09-29T17:05:52.116Z,153.46,PENDING
ORD-791,C1832,2026-07-06T01:22:21.287Z,397.54,CANCELLED
ORD-792,C1338,2026-07-24T13:44:20.552Z,332.18,PAID
ORD-793,C117,2026-08-21T14:03:23.266Z,583.90,SHIPPED
ORD-794,C1129,2026-07-14T11:47:37.054Z,393.52,PENDING
ORD-795,C894,2026-07-18T12:16:07.385Z,190.56,CANCELLED
ORD-796,C1384,2026-09-14T16:39:02.820Z,850.51,PAID
ORD-797,C337,2026-08-26T01:24:20.975Z,233.39,SHIPPED
ORD-798,C1220,2026-07-05T03:52:41.293Z,469.83,PENDING
ORD-799,C1192,2026-08-03T03:17:52.985Z,547.87,CANCELLED
ORD-800,C1448,2026-09-06T17:41:26.197Z,417.07,PAID
ORD-801,C1485,2026-09-09T04:53:15.565Z,319.90,SHIPPED
ORD-802,C111,2026-08-06T15:49:35.949Z,680.84,PENDING
ORD-803,C722,2026-09-22T05:15:15.731Z,883.32,CANCELLED
ORD-804,C314,2026-08-19T15:39:20.657Z,774.23,PAID
ORD-805,C592,2026-08-16T03:08:42.739Z,829.20,SHIPPED
ORD-806,C1803,2026-09-05T07:55:42.591Z,486.82,PENDING
ORD-807,C433,2026-07-26T19:20:05.103Z,936.92,CANCELLED
ORD-808,C1788,2026-08-17T00:59:34.886Z,163.17,PAID
ORD-809,C311,2026-08-01T10:46:59.265Z,652.46,SHIPPED
ORD-810,C500,2026-08-29T10:58:57.397Z,196.49,PENDING
ORD-811,C890,2026-07-03T20:45:54.988Z,475.66,CANCELLED
ORD-812,C924,2026-09-22T15:31:49.146Z,779.26,PAID
ORD-813,C1013,2026-07-06T20:02:56.870Z,828.54,SHIPPED
ORD-814,C1237,2026-09-23T12:54:59.426Z,365.40,PENDING
ORD-815,C768,2026-08-30T08:33:07.364Z,171.11,CANCELLED
ORD-816,C806,2026-07-22T04:11:12.728Z,172.63,PAID
ORD-817,C451,2026-09-08T19:08:00.726Z,740.84,SHIPPED
ORD-818,C813,2026-09-07T14:29:31.437Z,377.21,PENDING
ORD-819,C1525,2026-09-21T00:50:07.907Z,548.58,CANCELLED
ORD-820,C1413,2026-08-20T22:52:54.850Z,509.01,PAID
ORD-821,C269,2026-08-07T20:16:44.001Z,313.39,SHIPPED
ORD-822,C185,2026-08-06T03:53:12.200Z,691.74,PENDING
ORD-823,C1403,2026-09-09T03:50:22.491Z,705.64,CANCELLED
ORD-824,C1395,2026-09-11T06:18:29.811Z,290.51,PAID
ORD-825,C570,2026-09-18T19:20:09.768Z,747.36,SHIPPED
ORD-826,C1161,2026-07-25T23:14:29.244Z,756.27,PENDING
ORD-827,C1623,2026-07-07T23:39:52.438Z,428.60,CANCELLED
ORD-828,C1693,2026-09-17T11:59:53.230Z,887.15,PAID
ORD-829,C934,2026-09-29T01:54:46.477Z,469.77,SHIPPED
ORD-830,C1461,2026-07-09T07:23:43.882Z,833.70,PENDING
ORD-831,C106,2026-07-15T21:21:48.026Z,209.24,CANCELLED
ORD-832,C635,2026-07-23T15:31:32.972Z,519.19,PAID
ORD-833,C312,2026-09-26T15:34:45.474Z,233.63,SHIPPED
ORD-834,C1775,2026-07-24T21:25:12.989Z,509.20,PENDING
ORD-835,C1186,2026-07-15T09:28:26.262Z,8.97,CANCELLED
ORD-836,C220,2026-08-02T15:42:17.550Z,126.07,PAID
ORD-837,C1098,2026-07-28T19:24:02.731Z,167.02,SHIPPED
ORD-838,C1370,2026-09-11T16:54:17.975Z,357.13,PENDING
ORD-839,C1186,2026-09-13T17:09:06.196Z,708.94,CANCELLED
ORD-840,C600,2026-08-10T10:42:55.859Z,507.62,PAID
ORD-841,C1879,2026-07-05T09:51:19.854Z,426.25,SHIPPED
ORD-842,C184,2026-08-18T16:11:47.713Z,951.83,PENDING
ORD-843,C1731,2026-09-18T15:07:57.959Z,947.04,CANCELLED
ORD-844,C905,2026-09-26T02:43:21.134Z,599.66,PAID
ORD-845,C317,2026-07-08T08:06:35.001Z,387.36,SHIPPED
ORD-846,C1196,2026-09-26T01:25:55.713Z,29.43,PENDING
ORD-847,C785,2026-08-05T00:09:05.411Z,405.94,CANCELLED
ORD-848,C1361,2026-08-14T05:10:34.980Z,743.16,PAID
ORD-849,C1079,2026-08-13T07:08:33.579Z,484.39,SHIPPED
ORD-850,C942,2026-07-19T16:49:50.695Z,448.96,PENDING
ORD-851,C1364,2026-09-19T20:51:21.117Z,559.67,CANCELLED
ORD-852,C283,2026-08-30T05:48:40.171Z,966.40,PAID
ORD-853,C339,2026-07-18T14:52:03.982Z,149.23,SHIPPED
ORD-854,C461,2026-09-09T05:14:26.000Z,284.37,PENDING
ORD-855,C1936,2026-07-29T10:10:49.097Z,266.82,CANCELLED
ORD-856,C879,2026-07-29T09:10:29.770Z,6.68,PAID
ORD-857,C1115,2026-09-09T14:56:52.539Z,870.88,SHIPPED
ORD-858,C1733,2026-08-27T00:47:35.173Z,194.18,PENDING
ORD-859,C875,2026-07-31T11:52:06.864Z,558.56,CANCELLED
ORD-860,C727,2026-08-02T11:17:22.985Z,384.19,PAID
ORD-861,C110,2026-09-18T02:33:58.751Z,70.56,SHIPPED
ORD-862,C250,2026-08-27T17:38:06.489Z,566.12,PENDING
ORD-863,C504,2026-09-07T22:59:27.080Z,14.95,CANCELLED
ORD-864,C414,2026-09-08T04:17:26.108Z,987.10,PAID
ORD-865,C1473,2026-08-12T17:53:19.530Z,983.09,SHIPPED
ORD-866,C1685,2026-09-17T22:14:52.748Z,393.12,PENDING
ORD-867,C565,2026-08-04T02:28:06.274Z,572.91,CANCELLED
ORD-868,C102,2026-09-12T17:30:58.858Z,906.01,PAID
ORD-869,C284,2026-08-25T18:30:49.599Z,55.58,SHIPPED
ORD-870,C871,2026-08-06T10:54:10.176Z,182.87,PENDING
ORD-871,C1298,2026-08-09T18:18:19.322Z,733.54,CANCELLED
ORD-872,C1239,2026-07-13T17:50:05.503Z,927.02,PAID
ORD-873,C71,2026-08-25T16:38:49.175Z,108.38,SHIPPED
ORD-874,C113,2026-09-12T21:01:16.364Z,481.61,PENDING
ORD-875,C1182,2026-07-07T18:10:13.522Z,886.31,CANCELLED
ORD-876,C1250,2026-09-19T18:54:43.984Z,772.43,PAID
ORD-877,C926,2026-07-06T21:39:38.251Z,918.91,SHIPPED
ORD-878,C1123,2026-08-05T03:39:03.860Z,34.08,PENDING
ORD-879,C1061,2026-08-12T11:25:58.306Z,300.01,CANCELLED
ORD-880,C1774,2026-09-02T07:39:12.360Z,478.67,PAID
ORD-881,C417,2026-09-26T13:45:19.355Z,961.79,SHIPPED
ORD-882,C274,2026-09-22T19:16:50.793Z,787.93,PENDING
ORD-883,C1352,2026-09-08T01:13:33.591Z,755.85,CANCELLED
ORD-884,C66,2026-09-28T12:05:14.382Z,140.95,PAID
ORD-885,C1869,2026-08-01T22:26:58.727Z,544.22,SHIPPED
ORD-886,C1374,2026-08-25T09:29:37.182Z,210.52,PENDING
ORD-887,C1901,2026-08-30T22:18:44.505Z,100.41,CANCELLED
ORD-888,C839,2026-08-15T00:17:38.252Z,286.07,PAID
ORD-889,C847,2026-08-06T20:21:17.702Z,375.52,SHIPPED
ORD-890,C1780,2026-09-26T07:28:20.054Z,521.86,PENDING
ORD-891,C218,2026-09-19T17:15:32.475Z,821.27,CANCELLED
ORD-892,C696,2026-08-24T08:33:56.542Z,434.00,PAID
ORD-893,C1398,2026-07-27T18:29:05.917Z,906.99,SHIPPED
ORD-894,C1357,2026-07-25T12:27:01.781Z,876.55,PENDING
ORD-895,C1173,2026-08-19T03:30:45.287Z,393.02,CANCELLED
ORD-896,C1038,2026-09-27T05:04:50.233Z,336.42,PAID
ORD-897,C925,2026-09-25T19:18:10.547Z,610.48,SHIPPED
ORD-898,C40,2026-09-08T09:00:19.524Z,787.53,PENDING
ORD-899,C1284,2026-08-05T16:14:36.448Z,387.44,CANCELLED
ORD-900,C742,2026-07-13T02:01:02.492Z,554.10,PAID
ORD-901,C873,2026-07-08T18:48:48.445Z,369.31,SHIPPED
ORD-902,C1335,2026-07-11T19:07:12.215Z,196.72,PENDING
ORD-903,C143,2026-07-12T06:03:11.703Z,578.54,CANCELLED
ORD-904,C680,2026-07-20T02:25:46.136Z,863.57,PAID
ORD-905,C1610,2026-07-22T14:48:27.224Z,354.75,SHIPPED
ORD-906,C6,2026-07-09T18:12:22.276Z,603.58,PENDING
ORD-907,C736,2026-08-12T13:07:54.206Z,260.20,CANCELLED
ORD-908,C553,2026-07-30T17:12:51.710Z,782.10,PAID
ORD-909,C68,2026-09-01T01:45:59.165Z,329.25,SHIPPED
ORD-910,C1099,2026-08-20T18:03:02.668Z,110.96,PENDING
ORD-911,C865,2026-07-06T23:38:49.601Z,277.22,CANCELLED
ORD-912,C50,2026-08-21T09:17:03.662Z,374.38,PAID
ORD-913,C1158,2026-09-30T09:20:30.557Z,651.26,SHIPPED
ORD-914,C418,2026-07-16T05:32:33.023Z,841.84,PENDING
ORD-915,C392,2026-07-22T10:45:30.292Z,487.62,CANCELLED
ORD-916,C1590,2026-09-17T10:55:15.716Z,422.64,PAID
ORD-917,C93,2026-07-11T02:17:41.603Z,999.55,SHIPPED
ORD-918,C1766,2026-07-07T02:23:32.588Z,589.96,PENDING
ORD-919,C28,2026-08-16T13:05:36.257Z,303.36,CANCELLED
ORD-920,C623,2026-08-01T04:17:32.124Z,399.32,PAID
ORD-921,C871,2026-08-20T12:12:15.018Z,549.70,SHIPPED
ORD-922,C1757,2026-08-17T06:33:42.005Z,596.03,PENDING
ORD-923,C433,2026-07-22T18:05:08.905Z,482.20,CANCELLED
ORD-924,C327,2026-09-08T23:22:16.580Z,194.76,PAID
ORD-925,C693,2026-07-24T04:05:54.165Z,962.34,SHIPPED
ORD-926,C564,2026-09-05T05:15:39.644Z,644.81,PENDING
ORD-927,C673,2026-08-26T03:09:25.304Z,859.15,CANCELLED
ORD-928,C311,2026-09-15T21:40:22.551Z,418.56,PAID
ORD-929,C1441,2026-08-07T08:38:44.285Z,402.56,SHIPPED
ORD-930,C474,2026-08-14T02:16:31.192Z,632.21,PENDING
ORD-931,C1352,2026-07-04T10:15:23.473Z,310.88,CANCELLED
ORD-932,C227,2026-09-28T00:55:02.778Z,344.89,PAID
ORD-933,C392,2026-07-16T20:33:05.804Z,947.20,SHIPPED
ORD-934,C1889,2026-09-05T15:22:23.363Z,969.55,PENDING
ORD-935,C301,2026-07-06T04:34:47.706Z,453.52,CANCELLED
ORD-936,C159,2026-07-19T18:45:08.817Z,767.02,PAID
ORD-937,C177,2026-09-12T08:24:44.639Z,913.58,SHIPPED
ORD-938,C1149,2026-07-04T08:32:37.638Z,569.20,PENDING
ORD-939,C1326,2026-09-26T21:40:53.444Z,316.97,CANCELLED
ORD-940,C1390,2026-07-12T22:45:45.434Z,847.19,PAID
ORD-941,C1242,2026-08-26T09:26:56.263Z,355.97,SHIPPED
ORD-942,C1219,2026-07-12T00:24:47.916Z,223.80,PENDING
ORD-943,C2,2026-08-24T21:37:34.898Z,948.90,CANCELLED
ORD-944,C1307,2026-09-13T22:43:02.309Z,143.79,PAID
ORD-945,C1049,2026-09-29T00:38:51.274Z,507.92,SHIPPED
ORD-946,C1977,2026-09-03T09:44:57.026Z,232.15,PENDING
ORD-947,C1842,2026-07-07T17:58:14.176Z,630.63,CANCELLED
ORD-948,C1794,2026-08-30T17:27:05.611Z,509.39,PAID
ORD-949,C1234,2026-07-06T12:25:47.591Z,850.81,SHIPPED
ORD-950,C1224,2026-07-16T07:49:11.772Z,561.13,PENDING
ORD-951,C1062,2026-08-13T20:49:35.844Z,877.76,CANCELLED
ORD-952,C717,2026-07-06T22:16:50.371Z,624.97,PAID
ORD-953,C1541,2026-08-05T17:45:31.512Z,757.01,SHIPPED
ORD-954,C58,2026-09-01T03:03:56.671Z,82.43,PENDING
ORD-955,C448,2026-09-10T07:10:41.037Z,967.09,CANCELLED
ORD-956,C1873,2026-07-07T19:11:56.964Z,600.10,PAID
ORD-957,C1881,2026-07-10T08:35:11.966Z,962.79,SHIPPED
ORD-958,C195,2026-08-19T17:18:39.335Z,212.09,PENDING
ORD-959,C500,2026-09-12T04:11:12.719Z,208.73,CANCELLED
ORD-960,C644,2026-09-11T01:33:15.952Z,236.77,PAID
ORD-961,C1411,2026-08-16T07:49:26.800Z,725.56,SHIPPED
ORD-962,C1264,2026-08-13T03:57:52.129Z,367.34,PENDING
ORD-963,C1043,2026-08-23T08:29:07.254Z,774.27,CANCELLED
ORD-964,C619,2026-09-03T11:56:36.127Z,808.49,PAID
ORD-965,C812,2026-09-05T01:36:41.752Z,633.29,SHIPPED
ORD-966,C1496,2026-07-24T14:58:44.091Z,209.77,PENDING
ORD-967,C1558,2026-08-18T19:11:43.659Z,252.94,CANCELLED
ORD-968,C1042,2026-08-24T00:36:59.280Z,858.30,PAID
ORD-969,C756,2026-09-27T08:22:16.215Z,15.38,SHIPPED
ORD-970,C489,2026-07-21T14:47:34.050Z,42.35,PENDING
ORD-971,C1019,2026-09-20T06:38:42.155Z,417.41,CANCELLED
ORD-972,C1175,2026-07-27T21:24:53.123Z,207.64,PAID
ORD-973,C1368,2026-07-17T08:28:48.130Z,642.27,SHIPPED
ORD-974,C718,2026-07-09T17:40:48.141Z,823.26,PENDING
ORD-975,C938,2026-09-08T19:56:37.500Z,350.96,CANCELLED
ORD-976,C1682,2026-09-15T04:31:16.247Z,413.30,PAID
ORD-977,C1475,2026-08-08T22:25:45.338Z,6.60,SHIPPED
ORD-978,C189,2026-09-09T23:09:35.095Z,286.18,PENDING
ORD-979,C927,2026-08-08T22:26:45.222Z,616.55,CANCELLED
ORD-980,C64,2026-08-09T19:59:09.771Z,67.99,PAID
ORD-981,C1702,2026-08-05T00:42:43.744Z,20.04,SHIPPED
ORD-982,C711,2026-07-19T13:48:59.417Z,760.49,PENDING
ORD-983,C1022,2026-08-18T15:45:05.698Z,618.48,CANCELLED
ORD-984,C724,2026-09-17T21:23:39.038Z,989.80,PAID
ORD-985,C230,2026-09-09T09:58:53.883Z,74.87,SHIPPED
ORD-986,C136,2026-08-27T00:31:33.907Z,378.81,PENDING
ORD-987,C1834,2026-07-26T17:47:32.313Z,276.63,CANCELLED
ORD-988,C1806,2026-07-06T17:36:20.244Z,642.84,PAID
ORD-989,C627,2026-09-18T04:26:57.206Z,591.64,SHIPPED
ORD-990,C726,2026-08-19T20:08:47.967Z,910.20,PENDING
ORD-991,C561,2026-09-27T00:24:11.123Z,0.77,CANCELLED
ORD-992,C1030,2026-07-07T16:55:53.568Z,161.70,PAID
ORD-993,C537,2026-08-28T04:07:20.540Z,682.68,SHIPPED
ORD-994,C1502,2026-09-29T04:17:17.005Z,209.82,PENDING
ORD-995,C1615,2026-09-29T23:09:30.521Z,110.73,CANCELLED
ORD-996,C515,2026-09-09T10:50:51.744Z,462.52,PAID
ORD-997,C1727,2026-09-05T11:42:46.840Z,447.49,SHIPPED
ORD-998,C400,2026-07-24T22:37:10.444Z,486.68,PENDING
ORD-999,C1671,2026-08-09T14:06:08.256Z,987.33,CANCELLED
ORD-1000,C1492,not-a-date,662.29,PAID
ORD-1001,C1961,2026-09-16T09:49:02.576Z,852.44,SHIPPED
ORD-1002,C604,2026-09-30T21:20:11.848Z,790.88,PENDING
ORD-1003,C1267,2026-07-21T16:03:14.656Z,211.29,CANCELLED
ORD-1004,C1267,2026-09-30T03:50:02.822Z,663.33,PAID
ORD-1005,C1910,2026-08-31T20:09:54.326Z,68.88,SHIPPED
ORD-1006,C1138,2026-07-10T01:51:14.524Z,33.39,PENDING
ORD-1007,C183,2026-07-04T09:28:28.308Z,380.16,CANCELLED
ORD-1008,C1736,2026-09-12T22:34:38.598Z,442.82,PAID
ORD-1009,C543,2026-07-19T02:49:00.213Z,174.88,SHIPPED
ORD-1010,C1884,2026-09-04T18:17:34.721Z,985.53,PENDING
ORD-1011,C692,2026-08-03T19:28:45.054Z,958.76,CANCELLED
ORD-1012,C1964,2026-09-18T19:17:43.266Z,258.89,PAID
ORD-1013,C382,2026-07-21T23:54:21.650Z,650.13,SHIPPED
ORD-1014,C1049,2026-07-09T05:02:17.798Z,822.55,PENDING
ORD-1015,C671,2026-07-30T19:46:16.071Z,974.40,CANCELLED
ORD-1016,C1722,2026-09-20T21:26:43.891Z,312.95,PAID
ORD-1017,C814,2026-07-17T19:24:16.158Z,643.25,SHIPPED
ORD-1018,C792,2026-08-13T11:00:14.863Z,834.65,PENDING
ORD-1019,C1390,2026-07-20T20:47:43.661Z,249.29,CANCELLED
ORD-1020,C1630,2026-09-04T13:37:56.487Z,271.78,PAID
ORD-1021,C759,2026-08-23T15:34:18.829Z,398.65,SHIPPED
ORD-1022,C1620,2026-09-08T02:03:17.731Z,766.28,PENDING
ORD-1023,C680,2026-09-08T00:56:51.831Z,88.93,CANCELLED
ORD-1024,C632,2026-08-31T05:35:31.384Z,461.07,PAID
ORD-1025,C1164,2026-08-06T09:44:18.836Z,611.51,SHIPPED
ORD-1026,C1920,2026-07-16T18:47:42.016Z,886.22,PENDING
ORD-1027,C1874,2026-08-27T08:34:54.181Z,574.18,CANCELLED
ORD-1028,C1617,2026-07-16T06:26:12.172Z,363.27,PAID
ORD-1029,C1329,2026-08-26T12:06:27.766Z,243.97,SHIPPED
ORD-1030,C1315,2026-09-28T12:20:30.450Z,341.16,PENDING
ORD-1031,C1120,2026-09-03T01:54:31.354Z,124.41,CANCELLED
ORD-1032,C341,2026-09-28T01:18:36.519Z,299.90,PAID
ORD-1033,C1368,2026-08-30T19:47:40.482Z,178.26,SHIPPED
ORD-1034,C984,2026-08-09T20:16:19.854Z,518.43,PENDING
ORD-1035,C655,2026-09-28T18:01:13.652Z,758.95,CANCELLED
ORD-1036,C1471,2026-09-04T22:03:41.302Z,188.68,PAID
ORD-1037,C180,2026-08-31T18:20:28.218Z,312.49,SHIPPED
ORD-1038,C1823,2026-07-30T20:17:24.029Z,780.86,PENDING
ORD-1039,C848,2026-08-08T14:57:48.784Z,118.72,CANCELLED
ORD-1040,C596,2026-08-08T00:19:24.355Z,342.57,PAID
ORD-1041,C1790,2026-08-09T00:34:05.794Z,404.80,SHIPPED
ORD-1042,C737,2026-09-30T20:51:09.486Z,428.63,PENDING
ORD-1043,C1394,2026-07-24T02:25:02.496Z,628.65,CANCELLED
ORD-1044,C1385,2026-07-22T20:57:14.954Z,217.85,PAID
ORD-1045,C370,2026-08-13T05:17:19.542Z,535.94,SHIPPED
ORD-1046,C9,2026-09-23T10:46:35.598Z,47.73,PENDING
ORD-1047,C1871,2026-09-02T06:59:10.856Z,0.65,CANCELLED
ORD-1048,C505,2026-09-01T17:40:50.178Z,77.69,PAID
ORD-1049,C338,2026-09-12T15:04:36.381Z,925.86,SHIPPED
ORD-1050,C1432,2026-08-25T22:03:01.000Z,969.01,PENDING
ORD-1051,C493,2026-07-23T10:42:41.967Z,924.43,CANCELLED
ORD-1052,C311,2026-07-12T03:45:35.720Z,302.98,PAID
ORD-1053,C1254,2026-07-16T16:02:02.551Z,685.58,SHIPPED
ORD-1054,C728,2026-09-28T05:57:36.010Z,774.69,PENDING
ORD-1055,C816,2026-08-11T02:44:14.035Z,699.57,CANCELLED
ORD-1056,C63,2026-07-28T14:27:32.382Z,776.23,PAID
ORD-1057,C1933,2026-07-25T17:25:16.006Z,334.71,SHIPPED
ORD-1058,C1462,2026-07-13T07:58:26.878Z,21.51,PENDING
ORD-1059,C305,2026-08-11T14:59:05.033Z,993.59,CANCELLED
ORD-1060,C102,2026-08-18T14:23:56.014Z,631.11,PAID
ORD-1061,C327,2026-09-19T21:11:32.047Z,773.99,SHIPPED
ORD-1062,C951,2026-07-21T11:58:15.845Z,373.18,PENDING
ORD-1063,C1268,2026-08-05T01:34:07.817Z,174.37,CANCELLED
ORD-1064,C565,2026-08-01T09:51:19.253Z,308.68,PAID
ORD-1065,C474,2026-08-04T17:06:16.004Z,653.68,SHIPPED
ORD-1066,C1330,2026-08-13T09:40:48.157Z,803.64,PENDING
ORD-1067,C1333,2026-08-16T20:55:36.747Z,923.43,CANCELLED
ORD-1068,C3,2026-08-09T01:25:39.716Z,427.95,PAID
ORD-1069,C1849,2026-08-02T01:34:01.768Z,671.66,SHIPPED
ORD-1070,C757,2026-08-30T19:45:17.874Z,796.37,PENDING
ORD-1071,C1963,2026-08-02T12:13:21.298Z,263.07,CANCELLED
ORD-1072,C1288,2026-09-06T14:19:44.409Z,518.54,PAID
ORD-1073,C1947,2026-07-25T06:22:44.520Z,925.57,SHIPPED
ORD-1074,C1244,2026-09-25T06:21:25.270Z,442.39,PENDING
ORD-1075,C717,2026-08-04T14:30:55.563Z,858.82,CANCELLED
ORD-1076,C1703,2026-09-28T09:55:06.303Z,950.42,PAID
ORD-1077,C386,2026-08-04T16:30:32.319Z,357.77,SHIPPED
ORD-1078,C172,2026-07-25T22:44:52.832Z,344.85,PENDING
ORD-1079,C1309,2026-08-16T02:44:44.611Z,623.58,CANCELLED
ORD-1080,C1324,2026-09-01T07:26:14.963Z,474.67,PAID
ORD-1081,C1252,2026-08-30T21:53:24.385Z,855.15,SHIPPED
ORD-1082,C659,2026-08-05T16:31:14.445Z,868.43,PENDING
ORD-1083,C169,2026-09-02T00:17:40.810Z,557.82,CANCELLED
ORD-1084,C566,2026-09-23T12:43:21.925Z,913.59,PAID
ORD-1085,C1157,2026-07-29T14:25:15.627Z,893.79,SHIPPED
ORD-1086,C1026,2026-07-21T11:52:14.123Z,712.47,PENDING
ORD-1087,C1091,2026-09-03T17:02:12.854Z,157.14,CANCELLED
ORD-1088,C842,2026-09-04T01:01:16.750Z,268.44,PAID
ORD-1089,C1018,2026-07-20T06:54:46.924Z,715.34,SHIPPED
ORD-1090,C789,2026-09-10T02:19:13.865Z,900.28,PENDING
ORD-1091,C1561,2026-08-17T11:24:54.219Z,25.76,CANCELLED
ORD-1092,C1432,2026-07-09T21:00:46.592Z,959.94,PAID
ORD-1093,C1366,2026-08-16T23:14:40.461Z,173.05,SHIPPED
ORD-1094,C1250,2026-08-03T22:31:55.153Z,774.55,PENDING
ORD-1095,C54,2026-07-21T23:50:09.216Z,178.94,CANCELLED
ORD-1096,C364,2026-08-21T04:10:36.014Z,980.43,PAID
ORD-1097,C202,2026-07-21T01:33:15.467Z,463.62,SHIPPED
ORD-1098,C551,2026-07-10T21:12:03.050Z,230.91,PENDING
ORD-1099,C632,2026-08-02T12:19:58.821Z,317.72,CANCELLED
ORD-1100,C1809,2026-08-18T17:35:20.038Z,502.41,PAID
ORD-1101,C528,2026-07-26T14:26:57.185Z,46.52,SHIPPED
ORD-1102,C1656,2026-07-22T21:38:19.574Z,60.31,PENDING
ORD-1103,C909,2026-08-13T19:34:02.546Z,695.45,CANCELLED
ORD-1104,C1631,2026-08-08T08:48:58.468Z,546.29,PAID
ORD-1105,C1595,2026-09-13T17:10:18.990Z,476.98,SHIPPED
ORD-1106,C193,2026-08-07T00:03:46.761Z,777.60,PENDING
ORD-1107,C1358,2026-09-23T18:02:08.430Z,86.27,CANCELLED
ORD-1108,C188,2026-08-09T03:08:18.413Z,245.75,PAID
ORD-1109,C1918,2026-07-18T13:14:23.583Z,112.46,SHIPPED
ORD-1110,C404,2026-07-21T21:45:55.507Z,813.13,PENDING
ORD-1111,C1435,2026-07-09T02:49:12.192Z,625.37,CANCELLED
ORD-1112,C182,2026-09-14T20:18:26.819Z,518.82,PAID
ORD-1113,C247,2026-08-27T07:32:52.818Z,517.93,SHIPPED
ORD-1114,C302,2026-07-30T07:36:01.048Z,55.64,PENDING
ORD-1115,C775,2026-09-14T16:15:20.314Z,801.23,CANCELLED
ORD-1116,C899,2026-07-09T10:40:03.705Z,9.05,PAID
ORD-1117,C83,2026-07-22T16:52:38.308Z,335.51,SHIPPED
ORD-1118,C1722,2026-07-16T07:22:55.271Z,577.03,PENDING
ORD-1119,C1583,2026-09-24T01:54:25.201Z,447.53,CANCELLED
ORD-1120,C1534,2026-09-17T10:36:36.856Z,484.26,PAID
ORD-1121,C249,2026-09-03T00:42:45.876Z,699.79,SHIPPED
ORD-1122,C1734,2026-07-17T23:09:18.619Z,424.80,PENDING
ORD-1123,C566,2026-09-07T16:18:59.216Z,750.51,CANCELLED
ORD-1124,C1252,2026-07-13T03:00:13.120Z,149.46,PAID
ORD-1125,C460,2026-08-16T05:58:32.417Z,155.78,SHIPPED
ORD-1126,C450,2026-09-29T03:35:57.645Z,899.51,PENDING
ORD-1127,C27,2026-08-15T09:37:45.213Z,33.88,CANCELLED
ORD-1128,C1187,2026-07-04T05:31:09.567Z,289.51,PAID
ORD-1129,C697,2026-07-16T23:46:34.178Z,881.60,SHIPPED
ORD-1130,C1143,2026-07-27T21:38:53.404Z,342.30,PENDING
ORD-1131,C1529,2026-07-13T01:01:47.955Z,714.98,CANCELLED
ORD-1132,C1067,2026-08-30T10:20:07.569Z,858.76,PAID
ORD-1133,C6,2026-09-19T18:02:40.445Z,570.40,SHIPPED
ORD-1134,C587,2026-08-05T05:11:21.862Z,712.38,PENDING
ORD-1135,C1048,2026-08-08T08:02:25.803Z,846.07,CANCELLED
ORD-1136,C831,2026-07-18T19:03:18.069Z,62.95,PAID
ORD-1137,C535,2026-08-28T21:37:49.046Z,299.78,SHIPPED
ORD-1138,C584,2026-09-13T16:31:49.203Z,909.78,PENDING
ORD-1139,C1905,2026-09-19T05:29:59.101Z,338.91,CANCELLED
ORD-1140,C71,2026-07-31T17:57:26.035Z,727.88,PAID
ORD-1141,C1662,2026-08-24T00:46:39.241Z,849.78,SHIPPED
ORD-1142,C306,2026-09-21T11:17:43.205Z,428.80,PENDING
ORD-1143,C1152,2026-07-16T15:34:40.004Z,448.15,CANCELLED
ORD-1144,C993,2026-09-27T03:03:30.622Z,35.88,PAID
ORD-1145,C1729,2026-09-17T11:39:45.964Z,335.98,SHIPPED
ORD-1146,C1108,2026-08-07T15:45:55.098Z,528.55,PENDING
ORD-1147,C906,2026-08-27T00:24:46.814Z,785.34,CANCELLED
ORD-1148,C1306,2026-08-23T23:53:00.795Z,382.96,PAID
ORD-1149,C402,2026-08-24T23:57:58.385Z,774.58,SHIPPED
ORD-1150,C1232,2026-08-13T08:48:55.121Z,793.07,PENDING
ORD-1151,C1022,2026-09-30T10:07:52.180Z,614.07,CANCELLED
ORD-1152,C399,2026-09-06T17:34:12.857Z,469.01,PAID
ORD-1153,C810,2026-08-20T23:42:28.475Z,483.56,SHIPPED
ORD-1154,C569,2026-08-09T18:24:24.983Z,129.67,PENDING
ORD-1155,C974,2026-09-11T06:53:58.000Z,322.43,CANCELLED
ORD-1156,C1860,2026-08-26T07:06:49.829Z,952.01,PAID
ORD-1157,C516,2026-08-29T05:55:43.579Z,688.24,SHIPPED
ORD-1158,C507,2026-07-13T00:11:45.826Z,59.20,PENDING
ORD-1159,C679,2026-09-29T23:31:09.781Z,722.64,CANCELLED
ORD-1160,C647,2026-09-23T15:13:42.124Z,128.19,PAID
ORD-1161,C1446,2026-09-21T04:33:09.878Z,647.85,SHIPPED
ORD-1162,C1656,2026-09-11T11:00:51.087Z,699.46,PENDING
ORD-1163,C879,2026-07-31T21:50:15.972Z,618.41,CANCELLED
ORD-1164,C407,2026-08-05T13:43:55.467Z,33.03,PAID
ORD-1165,C249,2026-08-22T19:20:03.398Z,602.48,SHIPPED
ORD-1166,C1951,2026-08-16T06:19:43.980Z,44.34,PENDING
ORD-1167,C1001,2026-07-23T03:58:15.439Z,626.58,CANCELLED
ORD-1168,C476,2026-08-26T18:20:09.912Z,774.04,PAID
ORD-1169,C1991,2026-09-04T18:29:46.227Z,885.30,SHIPPED
ORD-1170,C1278,2026-09-02T10:19:53.724Z,457.13,PENDING
ORD-1171,C219,2026-08-24T02:30:02.533Z,177.73,CANCELLED
ORD-1172,C808,2026-07-07T22:57:42.980Z,802.75,PAID
ORD-1173,C594,2026-08-25T09:13:15.859Z,114.09,SHIPPED
ORD-1174,C1831,2026-07-19T05:35:27.441Z,308.21,PENDING
ORD-1175,C1557,2026-08-05T20:52:39.745Z,406.40,CANCELLED
ORD-1176,C762,2026-09-18T03:17:55.170Z,750.59,PAID
ORD-1177,C42,2026-09-14T06:41:04.137Z,413.99,SHIPPED
ORD-1178,C383,2026-07-16T07:35:22.234Z,487.47,PENDING
ORD-1179,C761,2026-07-12T16:27:31.363Z,763.84,CANCELLED
ORD-1180,C422,2026-09-13T02:02:02.978Z,768.03,PAID
ORD-1181,C1422,2026-08-31T12:53:52.317Z,164.48,SHIPPED
ORD-1182,C1735,2026-09-19T12:20:26.313Z,451.37,PENDING
ORD-1183,C800,2026-08-30T16:38:01.380Z,10.89,CANCELLED
ORD-1184,C1247,2026-07-20T08:30:56.710Z,835.90,PAID
ORD-1185,C1254,2026-08-22T02:25:10.066Z,513.80,SHIPPED
ORD-1186,C699,2026-08-04T07:50:04.402Z,542.84,PENDING
ORD-1187,C1822,2026-08-22T10:44:38.084Z,429.44,CANCELLED
ORD-1188,C444,2026-07-16T22:53:31.184Z,513.18,PAID
ORD-1189,C732,2026-08-21T19:40:04.279Z,52.78,SHIPPED
ORD-1190,C52,2026-09-06T21:59:37.870Z,390.12,PENDING
ORD-1191,C1860,2026-08-20T15:58:17.088Z,102.75,CANCELLED
ORD-1192,C1088,2026-08-11T03:27:38.127Z,483.94,PAID
ORD-1193,C1835,2026-08-12T14:46:59.966Z,983.79,SHIPPED
ORD-1194,C583,2026-08-17T03:05:10.566Z,180.54,PENDING
ORD-1195,C625,2026-08-18T20:50:00.526Z,376.85,CANCELLED
ORD-1196,C433,2026-07-10T15:59:19.399Z,307.26,PAID
ORD-1197,C652,2026-07-22T00:53:29.982Z,41.39,SHIPPED
ORD-1198,C289,2026-08-23T22:48:03.576Z,390.92,PENDING
ORD-1199,C475,2026-08-25T16:14:07.196Z,295.27,CANCELLED
ORD-1200,C1166,2026-09-15T19:38:47.178Z,120.78,PAID
ORD-1201,C1164,2026-09-15T21:55:47.864Z,777.56,SHIPPED
ORD-1202,C507,2026-09-13T14:58:58.575Z,807.51,PENDING
ORD-1203,C1804,2026-07-30T03:25:17.655Z,901.29,CANCELLED
ORD-1204,C1226,2026-09-16T16:40:37.230Z,817.44,PAID
ORD-1205,C1812,2026-07-07T00:14:26.980Z,130.66,SHIPPED
ORD-1206,C631,2026-08-04T17:42:11.205Z,454.41,PENDING
ORD-1207,C1986,2026-07-12T12:35:13.915Z,297.18,CANCELLED
ORD-1208,C261,2026-09-15T20:52:12.778Z,857.10,PAID
ORD-1209,C1869,2026-09-18T02:39:53.065Z,198.74,SHIPPED
ORD-1210,C240,2026-09-15T10:51:11.990Z,930.48,PENDING
ORD-1211,C1683,2026-07-25T05:20:13.779Z,238.06,CANCELLED
ORD-1212,C1009,2026-08-13T17:47:13.228Z,174.66,PAID
ORD-1213,C1548,2026-09-14T20:27:32.651Z,537.36,SHIPPED
ORD-1214,C112,2026-09-17T11:08:43.976Z,175.31,PENDING
ORD-1215,C1788,2026-09-05T16:04:59.758Z,170.12,CANCELLED
ORD-1216,C4,2026-09-30T14:52:03.942Z,61.52,PAID
ORD-1217,C195,2026-07-05T20:11:02.654Z,146.44,SHIPPED
ORD-1218,C373,2026-08-12T17:03:06.201Z,241.03,PENDING
ORD-1219,C1064,2026-09-28T18:27:27.755Z,854.17,CANCELLED
ORD-1220,C1846,2026-09-15T03:09:52.526Z,473.93,PAID
ORD-1221,C77,2026-08-08T08:36:49.007Z,386.02,SHIPPED
ORD-1222,C1214,2026-09-02T07:24:32.962Z,31.71,PENDING
ORD-1223,C31,2026-07-04T07:01:50.351Z,392.02,CANCELLED
ORD-1224,C1240,2026-08-11T13:58:38.961Z,857.04,PAID
ORD-1225,C1945,2026-08-06T19:11:17.575Z,342.32,SHIPPED
ORD-1226,C41,2026-09-20T07:46:08.653Z,327.62,PENDING
ORD-1227,C1977,2026-09-18T21:49:23.928Z,773.45,CANCELLED
ORD-1228,C795,2026-08-14T04:52:36.994Z,815.47,PAID
ORD-1229,C106,2026-08-21T11:44:28.382Z,845.38,SHIPPED
ORD-1230,C1472,2026-08-23T08:28:16.891Z,303.38,PENDING
ORD-1231,C1731,2026-08-09T16:32:36.145Z,377.84,CANCELLED
ORD-1232,C534,2026-07-08T14:33:27.685Z,785.27,PAID
ORD-1233,C1260,2026-07-26T15:26:33.126Z,25.98,SHIPPED
ORD-1234,C711,2026-09-29T20:56:46.537Z,473.52,PENDING
ORD-1235,C901,2026-09-11T05:41:49.226Z,327.27,CANCELLED
ORD-1236,C1346,2026-09-25T22:32:34.182Z,861.26,PAID
ORD-1237,C1934,2026-08-21T14:58:12.915Z,241.30,SHIPPED
ORD-1238,C660,2026-08-23T08:31:57.498Z,2.86,PENDING
ORD-1239,C1495,2026-08-07T14:31:11.438Z,309.50,CANCELLED
ORD-1240,C1749,2026-08-29T14:36:40.257Z,721.32,PAID
ORD-1241,C1091,2026-08-14T23:13:58.433Z,994.84,SHIPPED
ORD-1242,C962,2026-08-29T05:25:54.608Z,709.63,PENDING
ORD-1243,C696,2026-09-10T20:21:15.333Z,676.88,CANCELLED
ORD-1244,C765,2026-07-31T14:12:06.667Z,730.94,PAID
ORD-1245,C1566,2026-07-10T19:53:25.931Z,56.73,SHIPPED
ORD-1246,C1571,2026-09-30T07:02:47.552Z,110.16,PENDING
ORD-1247,C814,2026-08-19T14:37:30.593Z,358.16,CANCELLED
ORD-1248,C1225,2026-08-16T04:26:37.257Z,572.76,PAID
ORD-1249,C1459,2026-09-25T05:50:39.822Z,159.51,SHIPPED
ORD-1250,C1808,2026-09-23T05:01:08.772Z,177.45,PENDING
ORD-1251,C94,2026-07-21T04:42:21.843Z,964.24,CANCELLED
ORD-1252,C1027,2026-08-05T16:17:20.493Z,640.24,PAID
ORD-1253,C1592,2026-07-21T05:28:59.695Z,80.45,SHIPPED
ORD-1254,C1141,2026-07-30T18:21:26.994Z,690.36,PENDING
ORD-1255,C1879,2026-09-13T10:45:33.707Z,267.09,CANCELLED
ORD-1256,C1986,2026-09-17T13:04:57.597Z,89.18,PAID
ORD-1257,C1262,2026-08-25T05:17:54.435Z,142.66,SHIPPED
ORD-1258,C1898,2026-09-03T05:43:04.906Z,201.76,PENDING
ORD-1259,C1355,2026-08-14T20:54:08.982Z,474.19,CANCELLED
ORD-1260,C1431,2026-08-26T22:46:58.065Z,78.54,PAID
ORD-1261,C1317,2026-08-02T09:56:20.461Z,575.81,SHIPPED
ORD-1262,C1592,2026-08-04T19:03:37.121Z,60.01,PENDING
ORD-1263,C1817,2026-07-17T22:36:29.297Z,28.46,CANCELLED
ORD-1264,C672,2026-09-30T08:14:47.659Z,604.54,PAID
ORD-1265,C81,2026-09-14T11:37:06.960Z,46.43,SHIPPED
ORD-1266,C1982,2026-09-21T05:48:19.229Z,708.86,PENDING
ORD-1267,C55,2026-08-06T07:57:43.998Z,272.61,CANCELLED
ORD-1268,C1164,2026-08-19T15:05:00.968Z,992.63,PAID
ORD-1269,C662,2026-07-21T04:30:40.604Z,660.19,SHIPPED
ORD-1270,C1459,2026-08-01T16:34:06.357Z,346.32,PENDING
ORD-1271,C388,2026-08-11T02:19:26.503Z,572.22,CANCELLED
ORD-1272,C1292,2026-07-07T12:58:02.540Z,350.02,PAID
ORD-1273,C1697,2026-09-09T11:35:34.063Z,312.65,SHIPPED
ORD-1274,C1021,2026-08-21T03:47:19.826Z,432.72,PENDING
ORD-1275,C650,2026-08-12T02:55:49.070Z,916.97,CANCELLED
ORD-1276,C1277,2026-08-19T13:25:22.435Z,457.23,PAID
ORD-1277,C1839,2026-07-21T04:26:09.072Z,864.11,SHIPPED
ORD-1278,C253,2026-07-31T23:31:18.458Z,882.05,PENDING
ORD-1279,C778,2026-08-05T11:04:47.577Z,690.59,CANCELLED
ORD-1280,C858,2026-09-20T00:52:47.108Z,497.24,PAID
ORD-1281,C291,2026-09-23T12:30:13.816Z,816.65,SHIPPED
ORD-1282,C274,2026-08-16T02:26:57.707Z,884.32,PENDING
ORD-1283,C1167,2026-07-11T15:07:26.967Z,480.93,CANCELLED
ORD-1284,C1832,2026-09-04T16:01:23.220Z,914.51,PAID
ORD-1285,C939,2026-09-30T10:03:28.673Z,97.23,SHIPPED
ORD-1286,C1673,2026-07-20T00:10:15.606Z,783.92,PENDING
ORD-1287,C1072,2026-09-07T03:29:00.235Z,92.38,CANCELLED
ORD-1288,C1068,2026-07-18T04:47:08.176Z,50.49,PAID
ORD-1289,C1793,2026-09-20T02:48:56.821Z,425.55,SHIPPED
ORD-1290,C743,2026-08-10T01:19:56.802Z,893.83,PENDING
ORD-1291,C818,2026-07-03T13:13:05.724Z,918.87,CANCELLED
ORD-1292,C1847,2026-08-04T13:54:15.760Z,310.93,PAID
ORD-1293,C445,2026-07-04T03:50:29.277Z,553.30,SHIPPED
ORD-1294,C1091,2026-08-25T05:25:55.936Z,516.18,PENDING
ORD-1295,C661,2026-08-03T21:50:18.475Z,477.42,CANCELLED
ORD-1296,C295,2026-09-19T19:35:43.115Z,191.79,PAID
ORD-1297,C1756,2026-08-05T04:21:46.311Z,683.47,SHIPPED
ORD-1298,C955,2026-09-15T00:53:03.385Z,441.90,PENDING
ORD-1299,C663,2026-07-22T09:40:23.340Z,761.87,CANCELLED
ORD-1300,C135,2026-07-10T04:30:41.038Z,679.93,PAID
ORD-1301,C645,2026-08-04T23:53:18.404Z,770.53,SHIPPED
ORD-1302,C623,2026-08-16T22:59:55.069Z,503.03,PENDING
ORD-1303,C802,2026-07-27T05:18:04.088Z,3.54,CANCELLED
ORD-1304,C448,2026-09-02T06:22:40.673Z,362.30,PAID
ORD-1305,C1720,2026-08-11T00:30:27.557Z,349.34,SHIPPED
ORD-1306,C130,2026-09-03T11:39:32.522Z,249.22,PENDING
ORD-1307,C1022,2026-09-22T11:04:47.785Z,601.66,CANCELLED
ORD-1308,C1001,2026-08-12T21:51:09.525Z,708.62,PAID
ORD-1309,C972,2026-07-29T12:18:24.544Z,677.28,SHIPPED
ORD-1310,C1928,2026-09-05T03:58:23.766Z,640.62,PENDING
ORD-1311,C1143,2026-08-21T09:14:48.261Z,74.47,CANCELLED
ORD-1312,C1085,2026-09-30T17:20:06.709Z,553.70,PAID
ORD-1313,C232,2026-09-09T00:03:20.232Z,290.85,SHIPPED
ORD-1314,C1239,2026-08-29T06:25:35.783Z,710.79,PENDING
ORD-1315,C292,2026-07-24T10:57:22.521Z,176.13,CANCELLED
ORD-1316,C1091,2026-07-17T02:44:30.387Z,825.35,PAID
ORD-1317,C1012,2026-08-10T08:27:10.248Z,365.44,SHIPPED
ORD-1318,C677,2026-07-08T00:08:29.201Z,586.65,PENDING
ORD-1319,C1304,2026-07-17T21:21:50.440Z,996.34,CANCELLED
ORD-1320,C147,2026-08-28T11:35:23.968Z,267.17,PAID
ORD-1321,C399,2026-09-01T15:01:13.581Z,814.37,SHIPPED
ORD-1322,C1945,2026-09-10T17:53:23.994Z,277.85,PENDING
ORD-1323,C1770,2026-09-11T23:08:14.505Z,537.73,CANCELLED
ORD-1324,C1406,2026-08-17T12:46:21.304Z,887.26,PAID
ORD-1325,C626,2026-08-15T10:43:25.921Z,547.01,SHIPPED
ORD-1326,C1362,2026-07-06T14:30:53.355Z,281.25,PENDING
ORD-1327,C526,2026-08-26T07:12:23.930Z,258.50,CANCELLED
ORD-1328,C270,2026-08-21T19:04:54.121Z,882.81,PAID
ORD-1329,C1188,2026-07-15T01:38:49.216Z,813.12,SHIPPED
ORD-1330,C1801,2026-08-03T17:25:05.985Z,858.40,PENDING
ORD-1331,C401,2026-09-05T07:07:21.961Z,393.68,CANCELLED
ORD-1332,C66,2026-07-23T21:13:51.849Z,508.56,PAID
ORD-1333,C1860,2026-08-24T00:59:49.027Z,946.60,SHIPPED
ORD-1334,C1825,2026-09-24T20:29:31.464Z,850.09,PENDING
ORD-1335,C693,2026-08-29T06:36:13.240Z,852.03,CANCELLED
ORD-1336,C1677,2026-07-13T13:26:59.967Z,968.48,PAID
ORD-1337,C156,2026-08-26T13:18:16.394Z,872.28,SHIPPED
ORD-1338,C906,2026-09-24T20:06:24.986Z,612.53,PENDING
ORD-1339,C117,2026-08-06T11:53:49.167Z,613.43,CANCELLED
ORD-1340,C836,2026-07-04T03:42:23.079Z,630.56,PAID
ORD-1341,C855,2026-08-08T20:50:37.884Z,663.31,SHIPPED
ORD-1342,C25,2026-08-04T12:35:54.703Z,99.82,PENDING
ORD-1343,C1381,2026-07-16T10:45:03.649Z,154.17,CANCELLED
ORD-1344,C44,2026-09-16T00:35:08.270Z,668.81,PAID
ORD-1345,C882,2026-08-31T09:12:41.205Z,712.93,SHIPPED
ORD-1346,C532,2026-08-06T09:07:47.586Z,495.16,PENDING
ORD-1347,C1582,2026-08-16T08:53:47.429Z,958.66,CANCELLED
ORD-1348,C1291,2026-08-03T04:37:56.845Z,277.75,PAID
ORD-1349,C771,2026-08-02T07:48:05.232Z,196.12,SHIPPED
ORD-1350,C1815,2026-07-29T04:22:06.072Z,499.82,PENDING
ORD-1351,C598,2026-08-09T22:16:50.338Z,837.63,CANCELLED
ORD-1352,C113,2026-09-21T15:01:36.998Z,663.07,PAID
ORD-1353,C762,2026-08-09T07:34:14.576Z,503.27,SHIPPED
ORD-1354,C1853,2026-09-03T16:33:15.999Z,446.66,PENDING
ORD-1355,C1627,2026-07-27T08:48:38.958Z,300.92,CANCELLED
ORD-1356,C1046,2026-07-23T22:59:48.656Z,967.10,PAID
ORD-1357,C1890,2026-09-22T06:20:25.510Z,574.42,SHIPPED
ORD-1358,C1019,2026-08-30T21:11:05.614Z,626.40,PENDING
ORD-1359,C1940,2026-07-30T17:03:39.047Z,581.65,CANCELLED
ORD-1360,C1967,2026-09-16T04:38:44.538Z,728.63,PAID
ORD-1361,C959,2026-09-30T20:02:46.645Z,118.42,SHIPPED
ORD-1362,C1628,2026-08-25T01:30:47.226Z,66.13,PENDING
ORD-1363,C1351,2026-08-20T05:32:18.235Z,954.05,CANCELLED
ORD-1364,C1216,2026-09-04T13:00:01.237Z,965.87,PAID
ORD-1365,C1000,2026-08-26T13:47:19.635Z,53.97,SHIPPED
ORD-1366,C33,2026-08-14T15:12:46.176Z,830.27,PENDING
ORD-1367,C58,2026-07-23T23:27:36.245Z,143.90,CANCELLED
ORD-1368,C1964,2026-07-30T22:43:25.448Z,326.58,PAID
ORD-1369,C5,2026-08-11T14:27:23.642Z,551.28,SHIPPED
ORD-1370,C863,2026-07-04T08:13:37.840Z,555.35,PENDING
ORD-1371,C1064,2026-08-13T06:18:42.423Z,21.95,CANCELLED
ORD-1372,C758,2026-07-08T15:00:15.280Z,402.88,PAID
ORD-1373,C1576,2026-08-10T00:25:37.037Z,582.73,SHIPPED
ORD-1374,C1449,2026-09-26T16:38:04.875Z,450.50,PENDING
ORD-1375,C1433,2026-09-15T22:53:52.995Z,234.63,CANCELLED
ORD-1376,C1650,2026-09-15T07:23:05.910Z,791.26,PAID
ORD-1377,C1226,2026-09-10T18:08:06.146Z,19.31,SHIPPED
ORD-1378,C1840,2026-09-18T23:50:34.856Z,973.08,PENDING
ORD-1379,C1115,2026-09-04T07:28:22.785Z,37.34,CANCELLED
ORD-1380,C1101,2026-09-21T19:27:56.260Z,917.84,PAID
ORD-1381,C1141,2026-07-13T12:23:04.462Z,833.76,SHIPPED
ORD-1382,C113,2026-08-15T07:54:24.707Z,620.88,PENDING
ORD-1383,C395,2026-08-22T13:58:06.744Z,155.92,CANCELLED
ORD-1384,C735,2026-09-25T08:20:17.361Z,984.79,PAID
ORD-1385,C644,2026-09-19T12:48:52.193Z,423.63,SHIPPED
ORD-1386,C1149,2026-07-26T09:45:40.037Z,611.99,PENDING
ORD-1387,C1939,2026-07-08T21:07:52.603Z,225.59,CANCELLED
ORD-1388,C631,2026-08-19T11:00:19.215Z,258.52,PAID
ORD-1389,C1776,2026-08-11T18:24:19.379Z,26.40,SHIPPED
ORD-1390,C133,2026-07-03T10:05:00.347Z,371.87,PENDING
ORD-1391,C1616,2026-08-26T08:01:24.708Z,36.04,CANCELLED
ORD-1392,C1856,2026-09-14T13:39:01.648Z,311.65,PAID
ORD-1393,C1192,2026-07-13T21:03:15.950Z,418.46,SHIPPED
ORD-1394,C992,2026-07-04T03:45:25.815Z,884.00,PENDING
ORD-1395,C164,2026-07-26T12:14:29.516Z,780.81,CANCELLED
ORD-1396,C970,2026-08-10T19:24:20.455Z,927.16,PAID
ORD-1397,C146,2026-07-16T13:29:50.080Z,561.49,SHIPPED
ORD-1398,C894,2026-08-30T23:05:34.136Z,724.91,PENDING
ORD-1399,C805,2026-09-19T11:40:51.265Z,948.61,CANCELLED
ORD-1400,C1815,2026-08-16T16:15:43.082Z,116.75,PAID
ORD-1401,C335,2026-07-30T08:09:21.028Z,722.82,SHIPPED
ORD-1402,C1787,2026-09-19T10:16:45.302Z,778.15,PENDING
ORD-1403,C176,2026-09-25T14:22:15.883Z,296.02,CANCELLED
ORD-1404,C1365,2026-08-01T03:26:39.052Z,110.45,PAID
ORD-1405,C1502,2026-09-02T06:59:22.106Z,345.06,SHIPPED
ORD-1406,C156,2026-08-02T15:58:58.522Z,275.22,PENDING
ORD-1407,C38,2026-09-29T04:31:17.897Z,242.61,CANCELLED
ORD-1408,C987,2026-08-14T16:24:46.602Z,574.46,PAID
ORD-1409,C811,2026-07-20T07:43:12.025Z,986.74,SHIPPED
ORD-1410,C1788,2026-08-14T13:42:22.422Z,674.92,PENDING
ORD-1411,C129,2026-08-19T12:32:36.289Z,955.50,CANCELLED
ORD-1412,C14,2026-08-30T04:30:21.598Z,698.43,PAID
ORD-1413,C352,2026-08-26T03:51:15.184Z,88.79,SHIPPED
ORD-1414,C1835,2026-07-19T16:24:30.145Z,289.12,PENDING
ORD-1415,C1174,2026-07-24T13:52:29.002Z,900.37,CANCELLED
ORD-1416,C21,2026-08-05T15:04:15.517Z,698.80,PAID
ORD-1417,C1172,2026-09-04T16:51:28.862Z,669.72,SHIPPED
ORD-1418,C1229,2026-09-08T08:21:05.374Z,56.94,PENDING
ORD-1419,C55,2026-07-19T01:19:10.842Z,816.10,CANCELLED
ORD-1420,C976,2026-07-05T18:14:41.697Z,95.83,PAID
ORD-1421,C908,2026-07-03T12:57:50.687Z,659.82,SHIPPED
ORD-1422,C1579,2026-08-31T05:56:06.940Z,323.74,PENDING
ORD-1423,C1928,2026-07-17T06:38:16.402Z,492.22,CANCELLED
ORD-1424,C592,2026-07-25T03:02:58.580Z,406.64,PAID
ORD-1425,C846,2026-09-26T17:42:24.871Z,92.60,SHIPPED
ORD-1426,C1201,2026-09-30T05:02:42.407Z,662.84,PENDING
ORD-1427,C80,2026-08-23T04:03:06.579Z,905.01,CANCELLED
ORD-1428,C1936,2026-09-11T06:15:30.987Z,716.83,PAID
ORD-1429,C256,2026-08-06T19:45:39.810Z,614.86,SHIPPED
ORD-1430,C63,2026-08-22T14:29:27.567Z,296.94,PENDING
ORD-1431,C1938,2026-09-11T15:26:42.218Z,436.60,CANCELLED
ORD-1432,C627,2026-07-15T22:27:36.114Z,313.89,PAID
ORD-1433,C521,2026-09-04T05:17:39.555Z,575.92,SHIPPED
ORD-1434,C650,2026-09-25T22:07:27.975Z,976.73,PENDING
ORD-1435,C1747,2026-09-28T13:01:45.870Z,324.60,CANCELLED
ORD-1436,C565,2026-09-09T05:36:09.549Z,590.54,PAID
ORD-1437,C1743,2026-08-21T12:04:11.613Z,820.95,SHIPPED
ORD-1438,C753,2026-08-24T04:20:23.096Z,286.10,PENDING
ORD-1439,C265,2026-07-07T15:11:21.526Z,364.38,CANCELLED
ORD-1440,C1954,2026-09-15T12:47:15.823Z,256.99,PAID
ORD-1441,C169,2026-08-03T20:09:22.120Z,595.44,SHIPPED
ORD-1442,C1496,2026-08-27T23:13:55.292Z,696.17,PENDING
ORD-1443,C218,2026-08-07T15:47:51.020Z,216.88,CANCELLED
ORD-1444,C1747,2026-09-19T15:31:09.821Z,698.49,PAID
ORD-1445,C851,2026-07-12T20:29:51.599Z,989.80,SHIPPED
ORD-1446,C1669,2026-08-09T01:53:01.134Z,635.27,PENDING
ORD-1447,C1975,2026-07-25T11:47:48.109Z,552.15,CANCELLED
ORD-1448,C122,2026-09-30T01:16:25.097Z,772.93,PAID
ORD-1449,C1009,2026-09-18T02:41:32.887Z,887.58,SHIPPED
ORD-1450,C1396,2026-08-06T14:49:14.224Z,118.38,PENDING
ORD-1451,C292,2026-09-22T18:34:27.764Z,415.30,CANCELLED
ORD-1452,C1084,2026-07-11T14:07:10.470Z,709.07,PAID
ORD-1453,C109,2026-08-21T06:41:46.125Z,721.01,SHIPPED
ORD-1454,C1172,2026-07-23T13:17:32.156Z,69.59,PENDING
ORD-1455,C1856,2026-08-01T18:03:46.901Z,188.83,CANCELLED
ORD-1456,C1628,2026-09-20T17:11:21.266Z,98.33,PAID
ORD-1457,C281,2026-08-15T22:44:29.984Z,235.05,SHIPPED
ORD-1458,C1929,2026-09-03T15:11:11.577Z,212.50,PENDING
ORD-1459,C630,2026-09-05T23:21:34.463Z,607.35,CANCELLED
ORD-1460,C94,2026-08-20T09:58:15.025Z,688.60,PAID
ORD-1461,C291,2026-09-19T02:52:10.560Z,259.47,SHIPPED
ORD-1462,C185,2026-08-29T22:52:44.145Z,564.28,PENDING
ORD-1463,C1678,2026-08-09T06:43:21.649Z,711.66,CANCELLED
ORD-1464,C1719,2026-08-23T01:34:21.502Z,462.51,PAID
ORD-1465,C1693,2026-08-05T17:30:41.547Z,577.67,SHIPPED
ORD-1466,C609,2026-07-22T02:10:08.469Z,477.00,PENDING
ORD-1467,C1656,2026-09-04T08:26:54.464Z,444.55,CANCELLED
ORD-1468,C402,2026-09-05T00:35:59.549Z,878.06,PAID
ORD-1469,C1870,2026-07-23T08:56:23.681Z,887.13,SHIPPED
ORD-1470,C1158,2026-09-17T14:24:07.671Z,109.23,PENDING
ORD-1471,C1317,2026-09-09T09:39:29.901Z,470.98,CANCELLED
ORD-1472,C1853,2026-07-13T00:23:32.770Z,288.95,PAID
ORD-1473,C531,2026-07-24T13:43:35.449Z,932.70,SHIPPED
ORD-1474,C1532,2026-09-11T17:30:09.089Z,256.13,PENDING
ORD-1475,C1355,2026-07-06T05:27:48.198Z,951.46,CANCELLED
ORD-1476,C559,2026-07-25T04:45:04.467Z,740.03,PAID
ORD-1477,C626,2026-07-21T22:39:55.098Z,616.92,SHIPPED
ORD-1478,C157,2026-09-16T23:36:43.070Z,701.59,PENDING
ORD-1479,C1902,2026-09-12T20:58:26.430Z,696.83,CANCELLED
ORD-1480,C485,2026-09-05T16:02:52.508Z,684.75,PAID
ORD-1481,C354,2026-09-14T10:04:58.566Z,370.44,SHIPPED
ORD-1482,C1102,2026-09-17T23:10:51.238Z,8.48,PENDING
ORD-1483,C1379,2026-09-04T10:01:10.754Z,901.10,CANCELLED
ORD-1484,C1535,2026-07-29T12:59:07.014Z,501.84,PAID
ORD-1485,C514,2026-09-15T22:15:46.176Z,449.97,SHIPPED
ORD-1486,C1711,2026-08-05T14:07:02.230Z,391.58,PENDING
ORD-1487,C298,2026-09-05T21:40:21.957Z,854.33,CANCELLED
ORD-1488,C473,2026-09-07T06:47:29.397Z,213.08,PAID
ORD-1489,C1927,2026-08-28T02:09:13.309Z,10.39,SHIPPED
ORD-1490,C1480,2026-09-17T11:56:26.493Z,190.20,PENDING
ORD-1491,C600,2026-08-13T17:29:20.022Z,475.87,CANCELLED
ORD-1492,C1598,2026-08-27T13:29:35.782Z,27.14,PAID
ORD-1493,C999,2026-07-03T07:18:12.194Z,841.01,SHIPPED
ORD-1494,C970,2026-09-02T17:03:04.318Z,272.74,PENDING
ORD-1495,C1223,2026-09-08T06:15:49.368Z,368.72,CANCELLED
ORD-1496,C810,2026-09-04T20:41:43.493Z,966.01,PAID
ORD-1497,C1203,2026-08-02T15:09:01.725Z,665.81,SHIPPED
ORD-1498,C1825,2026-07-13T07:54:27.188Z,386.44,PENDING
ORD-1499,C1390,2026-07-06T17:20:15.451Z,1.35,CANCELLED
ORD-1500,C864,2026-09-11T13:03:11.735Z,abc,PAID
ORD-1501,C1330,2026-09-04T02:36:30.109Z,748.35,SHIPPED
ORD-1502,C1370,2026-08-24T15:58:25.882Z,661.90,PENDING
ORD-1503,C1583,2026-07-05T01:21:08.417Z,145.57,CANCELLED
ORD-1504,C87,2026-09-05T01:25:10.693Z,125.52,PAID
ORD-1505,C1284,2026-09-10T11:32:20.549Z,87.97,SHIPPED
ORD-1506,C828,2026-07-04T06:37:09.474Z,572.62,PENDING
ORD-1507,C897,2026-07-15T10:55:34.888Z,729.47,CANCELLED
ORD-1508,C1069,2026-07-12T23:12:32.045Z,880.86,PAID
ORD-1509,C902,2026-08-05T01:18:31.746Z,329.58,SHIPPED
ORD-1510,C1450,2026-09-30T21:14:23.926Z,608.58,PENDING
ORD-1511,C609,2026-09-16T00:11:12.438Z,422.06,CANCELLED
ORD-1512,C1634,2026-07-09T12:09:19.737Z,889.96,PAID
ORD-1513,C565,2026-09-01T23:12:43.476Z,322.47,SHIPPED
ORD-1514,C646,2026-08-29T16:59:36.075Z,76.15,PENDING
ORD-1515,C807,2026-09-11T23:58:15.405Z,261.15,CANCELLED
ORD-1516,C519,2026-08-02T19:27:33.777Z,115.41,PAID
ORD-1517,C1395,2026-09-10T12:17:07.062Z,784.46,SHIPPED
ORD-1518,C706,2026-08-14T01:30:00.752Z,429.78,PENDING
ORD-1519,C751,2026-08-14T06:49:37.546Z,322.10,CANCELLED
ORD-1520,C374,2026-07-27T04:06:42.030Z,981.01,PAID
ORD-1521,C221,2026-08-06T06:38:46.904Z,826.49,SHIPPED
ORD-1522,C343,2026-08-13T14:55:36.206Z,605.39,PENDING
ORD-1523,C71,2026-08-02T02:52:17.753Z,358.82,CANCELLED
ORD-1524,C123,2026-08-02T10:39:33.289Z,975.83,PAID
ORD-1525,C1114,2026-09-25T18:17:46.077Z,176.31,SHIPPED
ORD-1526,C1714,2026-07-07T13:10:47.056Z,504.46,PENDING
ORD-1527,C1787,2026-09-28T02:04:52.626Z,320.52,CANCELLED
ORD-1528,C761,2026-09-16T22:15:45.296Z,666.70,PAID
ORD-1529,C816,2026-08-23T19:35:09.016Z,33.24,SHIPPED
ORD-1530,C772,2026-09-01T15:21:38.012Z,12.76,PENDING
ORD-1531,C845,2026-09-27T16:08:11.164Z,193.22,CANCELLED
ORD-1532,C1207,2026-07-14T01:46:49.515Z,66.29,PAID
ORD-1533,C1665,2026-07-13T21:13:01.865Z,467.35,SHIPPED
ORD-1534,C812,2026-09-01T13:59:51.530Z,192.25,PENDING
ORD-1535,C886,2026-08-10T06:09:24.381Z,579.60,CANCELLED
ORD-1536,C237,2026-07-13T05:16:55.059Z,8.19,PAID
ORD-1537,C1429,2026-07-17T22:06:45.637Z,50.20,SHIPPED
ORD-1538,C668,2026-09-30T10:58:25.175Z,338.76,PENDING
ORD-1539,C1930,2026-08-17T02:43:19.884Z,227.56,CANCELLED
ORD-1540,C1118,2026-08-26T12:50:50.732Z,268.82,PAID
ORD-1541,C1834,2026-09-08T04:27:18.933Z,44.73,SHIPPED
ORD-1542,C362,2026-08-30T13:50:07.798Z,525.35,PENDING
ORD-1543,C203,2026-07-29T09:52:08.276Z,774.93,CANCELLED
ORD-1544,C496,2026-08-10T06:14:13.975Z,53.54,PAID
ORD-1545,C1531,2026-08-12T15:36:10.376Z,94.24,SHIPPED
ORD-1546,C9,2026-09-26T15:05:24.020Z,819.95,PENDING
ORD-1547,C1038,2026-08-06T14:15:12.122Z,957.27,CANCELLED
ORD-1548,C1719,2026-08-02T20:08:00.712Z,148.11,PAID
ORD-1549,C129,2026-07-26T08:20:57.185Z,145.35,SHIPPED
ORD-1550,C1210,2026-09-17T03:40:31.641Z,219.23,PENDING
ORD-1551,C1135,2026-07-21T07:50:11.516Z,804.11,CANCELLED
ORD-1552,C1643,2026-08-13T19:03:29.332Z,821.17,PAID
ORD-1553,C1926,2026-07-25T05:07:02.213Z,871.30,SHIPPED
ORD-1554,C1897,2026-09-24T14:22:53.313Z,548.72,PENDING
ORD-1555,C1406,2026-07-10T14:11:02.176Z,685.48,CANCELLED
ORD-1556,C706,2026-08-07T19:56:15.574Z,806.13,PAID
ORD-1557,C1423,2026-07-22T01:13:21.277Z,627.19,SHIPPED
ORD-1558,C1903,2026-09-19T23:07:54.207Z,587.90,PENDING
ORD-1559,C873,2026-09-15T20:06:59.027Z,555.59,CANCELLED
ORD-1560,C360,2026-07-24T03:08:31.647Z,946.35,PAID
ORD-1561,C801,2026-08-10T21:31:11.949Z,554.43,SHIPPED
ORD-1562,C984,2026-09-09T21:23:52.154Z,447.75,PENDING
ORD-1563,C1731,2026-08-05T22:46:11.229Z,221.57,CANCELLED
ORD-1564,C1997,2026-08-06T01:58:03.948Z,656.88,PAID
ORD-1565,C1391,2026-08-11T06:16:45.188Z,253.72,SHIPPED
ORD-1566,C1794,2026-07-11T03:07:14.639Z,495.78,PENDING
ORD-1567,C348,2026-09-27T12:51:06.765Z,38.02,CANCELLED
ORD-1568,C400,2026-09-20T18:37:49.376Z,840.49,PAID
ORD-1569,C188,2026-08-28T12:57:13.279Z,308.14,SHIPPED
ORD-1570,C1624,2026-09-19T07:47:10.233Z,353.79,PENDING
ORD-1571,C836,2026-08-02T13:22:40.618Z,542.07,CANCELLED
ORD-1572,C539,2026-09-10T08:01:12.359Z,526.81,PAID
ORD-1573,C950,2026-09-03T20:14:38.056Z,163.53,SHIPPED
ORD-1574,C721,2026-07-07T17:16:57.879Z,859.97,PENDING
ORD-1575,C887,2026-08-10T07:31:13.232Z,627.94,CANCELLED
ORD-1576,C506,2026-07-23T03:20:35.617Z,44.47,PAID
ORD-1577,C1981,2026-09-12T07:38:56.299Z,830.85,SHIPPED
ORD-1578,C648,2026-07-06T17:18:32.284Z,500.68,PENDING
ORD-1579,C194,2026-09-08T18:30:39.786Z,938.75,CANCELLED
ORD-1580,C1442,2026-07-03T07:28:06.206Z,315.96,PAID
ORD-1581,C217,2026-09-05T23:45:32.271Z,338.35,SHIPPED
ORD-1582,C1516,2026-07-16T03:35:25.643Z,912.76,PENDING
ORD-1583,C948,2026-07-21T14:36:55.931Z,154.36,CANCELLED
ORD-1584,C665,2026-07-25T15:08:57.205Z,811.02,PAID
ORD-1585,C1761,2026-09-22T02:44:50.464Z,139.04,SHIPPED
ORD-1586,C1427,2026-07-12T21:37:56.564Z,512.63,PENDING
ORD-1587,C1335,2026-08-17T01:40:55.355Z,266.63,CANCELLED
ORD-1588,C1595,2026-08-13T19:10:51.108Z,861.94,PAID
ORD-1589,C397,2026-08-04T00:29:33.848Z,764.44,SHIPPED
ORD-1590,C246,2026-07-07T11:52:05.841Z,954.40,PENDING
ORD-1591,C1216,2026-07-21T00:00:24.875Z,309.49,CANCELLED
ORD-1592,C504,2026-09-13T12:27:01.323Z,761.80,PAID
ORD-1593,C318,2026-08-24T04:37:09.173Z,785.25,SHIPPED
ORD-1594,C1579,2026-09-24T14:25:56.090Z,990.04,PENDING
ORD-1595,C1691,2026-09-18T19:39:47.123Z,152.00,CANCELLED
ORD-1596,C1994,2026-08-28T10:09:34.615Z,636.20,PAID
ORD-1597,C410,2026-09-05T22:04:21.750Z,378.93,SHIPPED
ORD-1598,C879,2026-08-19T16:07:27.091Z,947.62,PENDING
ORD-1599,C1171,2026-07-13T06:45:11.678Z,603.32,CANCELLED
ORD-1600,C888,2026-09-29T23:18:56.033Z,303.45,PAID
ORD-1601,C380,2026-08-06T13:50:46.079Z,92.37,SHIPPED
ORD-1602,C1381,2026-08-10T05:01:26.280Z,781.41,PENDING
ORD-1603,C1748,2026-09-30T21:31:16.953Z,262.02,CANCELLED
ORD-1604,C1066,2026-07-08T14:27:10.034Z,196.17,PAID
ORD-1605,C1438,2026-07-31T13:09:45.638Z,704.50,SHIPPED
ORD-1606,C119,2026-07-27T17:31:12.000Z,588.38,PENDING
ORD-1607,C1719,2026-08-14T02:39:12.037Z,70.54,CANCELLED
ORD-1608,C285,2026-08-26T07:55:42.336Z,131.25,PAID
ORD-1609,C145,2026-07-23T04:24:52.003Z,637.83,SHIPPED
ORD-1610,C1535,2026-07-19T20:56:32.685Z,888.40,PENDING
ORD-1611,C1687,2026-07-18T05:56:20.461Z,152.55,CANCELLED
ORD-1612,C432,2026-08-12T22:44:18.286Z,305.13,PAID
ORD-1613,C142,2026-09-07T11:19:45.890Z,34.01,SHIPPED
ORD-1614,C1135,2026-08-05T06:05:11.662Z,119.03,PENDING
ORD-1615,C111,2026-07-05T04:50:48.054Z,612.70,CANCELLED
ORD-1616,C157,2026-09-08T17:55:50.358Z,138.68,PAID
ORD-1617,C742,2026-07-13T11:49:44.039Z,117.34,SHIPPED
ORD-1618,C1367,2026-07-19T20:31:35.015Z,389.53,PENDING
ORD-1619,C151,2026-08-22T23:59:20.525Z,271.90,CANCELLED
ORD-1620,C950,2026-09-20T20:26:53.814Z,648.34,PAID
ORD-1621,C560,2026-09-18T17:08:54.569Z,150.37,SHIPPED
ORD-1622,C1116,2026-07-06T03:04:46.344Z,87.34,PENDING
ORD-1623,C1886,2026-09-15T03:20:18.525Z,274.37,CANCELLED
ORD-1624,C1242,2026-07-18T01:10:24.844Z,390.89,PAID
ORD-1625,C1365,2026-07-12T01:04:14.437Z,260.01,SHIPPED
ORD-1626,C1344,2026-09-20T04:34:58.627Z,361.04,PENDING
ORD-1627,C513,2026-09-21T22:09:32.006Z,87.35,CANCELLED
ORD-1628,C1855,2026-08-30T00:22:07.998Z,278.04,PAID
ORD-1629,C671,2026-09-26T09:23:08.781Z,393.49,SHIPPED
ORD-1630,C475,2026-07-31T01:46:50.939Z,678.03,PENDING
ORD-1631,C224,2026-07-12T11:01:43.057Z,68.06,CANCELLED
ORD-1632,C910,2026-09-30T04:29:34.186Z,875.44,PAID
ORD-1633,C1803,2026-08-14T17:27:25.725Z,780.46,SHIPPED
ORD-1634,C803,2026-07-13T10:49:04.156Z,618.25,PENDING
ORD-1635,C1505,2026-07-20T05:17:45.631Z,832.38,CANCELLED
ORD-1636,C914,2026-07-06T14:45:39.992Z,661.50,PAID
ORD-1637,C1486,2026-08-27T17:37:26.612Z,338.48,SHIPPED
ORD-1638,C1775,2026-09-24T12:31:57.282Z,221.27,PENDING
ORD-1639,C225,2026-07-04T08:56:55.471Z,905.73,CANCELLED
ORD-1640,C863,2026-07-18T10:15:34.594Z,942.25,PAID
ORD-1641,C1374,2026-09-25T19:59:12.713Z,667.74,SHIPPED
ORD-1642,C1437,2026-07-08T19:47:50.538Z,501.71,PENDING
ORD-1643,C870,2026-07-04T18:21:33.280Z,973.13,CANCELLED
ORD-1644,C941,2026-09-11T08:33:24.609Z,465.14,PAID
ORD-1645,C409,2026-07-22T03:02:24.916Z,70.29,SHIPPED
ORD-1646,C760,2026-09-11T13:56:54.880Z,929.05,PENDING
ORD-1647,C1491,2026-07-06T14:12:08.182Z,137.16,CANCELLED
ORD-1648,C139,2026-09-01T21:48:06.073Z,661.34,PAID
ORD-1649,C726,2026-09-01T11:16:59.061Z,341.90,SHIPPED
ORD-1650,C969,2026-08-07T04:19:45.088Z,824.19,PENDING
ORD-1651,C679,2026-09-18T04:15:24.936Z,851.95,CANCELLED
ORD-1652,C1952,2026-08-25T14:21:47.142Z,973.62,PAID
ORD-1653,C1026,2026-08-30T04:34:47.223Z,824.82,SHIPPED
ORD-1654,C1857,2026-07-05T18:29:26.546Z,593.30,PENDING
ORD-1655,C1742,2026-07-17T17:24:19.439Z,221.71,CANCELLED
ORD-1656,C1059,2026-08-14T02:13:18.948Z,392.48,PAID
ORD-1657,C1769,2026-08-07T23:27:48.895Z,974.09,SHIPPED
ORD-1658,C206,2026-09-25T21:38:04.771Z,425.25,PENDING
ORD-1659,C95,2026-09-10T00:04:07.107Z,969.70,CANCELLED
ORD-1660,C219,2026-09-08T10:38:00.030Z,676.98,PAID
ORD-1661,C931,2026-08-31T21:54:26.678Z,81.50,SHIPPED
ORD-1662,C1297,2026-09-18T11:45:05.409Z,212.62,PENDING
ORD-1663,C190,2026-09-11T22:44:55.223Z,728.93,CANCELLED
ORD-1664,C1183,2026-07-15T15:19:16.710Z,145.21,PAID
ORD-1665,C1825,2026-08-27T23:23:56.966Z,419.32,SHIPPED
ORD-1666,C202,2026-08-25T03:24:26.535Z,577.32,PENDING
ORD-1667,C440,2026-07-28T00:00:54.794Z,335.74,CANCELLED
ORD-1668,C933,2026-08-09T10:11:51.229Z,670.46,PAID
ORD-1669,C319,2026-08-25T16:22:37.360Z,33.63,SHIPPED
ORD-1670,C527,2026-08-13T15:06:36.848Z,751.85,PENDING
ORD-1671,C716,2026-09-25T12:07:51.532Z,714.78,CANCELLED
ORD-1672,C518,2026-07-29T08:15:01.249Z,759.73,PAID
ORD-1673,C1478,2026-09-27T22:51:24.131Z,600.03,SHIPPED
ORD-1674,C877,2026-08-08T17:20:18.942Z,419.36,PENDING
ORD-1675,C797,2026-09-21T20:12:16.248Z,572.25,CANCELLED
ORD-1676,C183,2026-07-09T07:05:38.170Z,504.71,PAID
ORD-1677,C885,2026-08-04T02:05:27.526Z,956.68,SHIPPED
ORD-1678,C964,2026-09-27T03:42:40.973Z,976.78,PENDING
ORD-1679,C1535,2026-07-16T06:02:04.831Z,942.00,CANCELLED
ORD-1680,C1072,2026-09-01T06:18:22.976Z,359.09,PAID
ORD-1681,C992,2026-08-02T21:58:12.771Z,141.53,SHIPPED
ORD-1682,C1129,2026-07-23T07:52:57.850Z,23.07,PENDING
ORD-1683,C1307,2026-09-20T18:25:42.080Z,348.69,CANCELLED
ORD-1684,C1645,2026-07-19T17:44:42.819Z,616.27,PAID
ORD-1685,C360,2026-09-23T11:36:15.326Z,745.94,SHIPPED
ORD-1686,C1935,2026-08-19T22:46:55.525Z,834.97,PENDING
ORD-1687,C931,2026-08-27T06:51:07.413Z,704.14,CANCELLED
ORD-1688,C1864,2026-07-15T16:29:35.745Z,832.39,PAID
ORD-1689,C1339,2026-07-05T02:04:04.545Z,468.70,SHIPPED
ORD-1690,C1132,2026-07-13T13:58:25.342Z,842.76,PENDING
ORD-1691,C1941,2026-08-27T17:24:45.711Z,373.07,CANCELLED
ORD-1692,C547,2026-08-18T15:03:31.991Z,819.54,PAID
ORD-1693,C449,2026-09-21T09:42:31.156Z,625.52,SHIPPED
ORD-1694,C1901,2026-09-05T14:42:56.052Z,568.59,PENDING
ORD-1695,C1947,2026-07-06T14:57:38.136Z,228.36,CANCELLED
ORD-1696,C110,2026-07-09T19:52:38.192Z,956.42,PAID
ORD-1697,C1400,2026-09-24T06:21:27.880Z,414.77,SHIPPED
ORD-1698,C339,2026-07-08T08:04:20.188Z,244.65,PENDING
ORD-1699,C383,2026-09-08T01:39:58.559Z,381.88,CANCELLED
ORD-1700,C416,2026-07-08T18:14:18.915Z,165.68,PAID
ORD-1701,C1285,2026-07-22T11:53:14.041Z,738.55,SHIPPED
ORD-1702,C915,2026-07-29T10:10:55.171Z,172.90,PENDING
ORD-1703,C1527,2026-09-30T11:33:40.924Z,186.61,CANCELLED
ORD-1704,C1488,2026-07-24T05:46:28.140Z,970.55,PAID
ORD-1705,C1067,2026-08-20T08:40:39.656Z,658.49,SHIPPED
ORD-1706,C435,2026-07-22T19:30:49.949Z,988.11,PENDING
ORD-1707,C937,2026-07-27T06:06:15.477Z,352.29,CANCELLED
ORD-1708,C1198,2026-09-15T18:22:22.425Z,558.57,PAID
ORD-1709,C1015,2026-08-27T14:38:15.626Z,699.76,SHIPPED
ORD-1710,C1824,2026-08-14T14:14:15.469Z,363.01,PENDING
ORD-1711,C189,2026-08-30T08:37:03.999Z,845.02,CANCELLED
ORD-1712,C710,2026-09-04T16:27:01.129Z,770.26,PAID
ORD-1713,C1583,2026-08-03T04:44:12.556Z,628.25,SHIPPED
ORD-1714,C1796,2026-09-12T21:38:36.569Z,190.03,PENDING
ORD-1715,C607,2026-09-06T17:29:34.488Z,158.42,CANCELLED
ORD-1716,C374,2026-09-14T03:23:41.837Z,345.28,PAID
ORD-1717,C1010,2026-07-06T09:50:30.347Z,80.50,SHIPPED
ORD-1718,C1483,2026-09-22T06:12:05.348Z,653.79,PENDING
ORD-1719,C1852,2026-09-24T08:57:59.936Z,707.87,CANCELLED
ORD-1720,C315,2026-08-11T21:11:51.562Z,704.69,PAID
ORD-1721,C187,2026-08-27T01:44:29.815Z,423.90,SHIPPED
ORD-1722,C835,2026-08-28T01:48:16.544Z,444.43,PENDING
ORD-1723,C1403,2026-09-10T05:29:10.016Z,485.50,CANCELLED
ORD-1724,C1374,2026-08-16T17:13:25.584Z,411.11,PAID
ORD-1725,C635,2026-08-06T00:22:02.533Z,472.50,SHIPPED
ORD-1726,C1428,2026-07-30T13:22:27.993Z,784.19,PENDING
ORD-1727,C1545,2026-09-27T23:11:08.286Z,383.11,CANCELLED
ORD-1728,C1944,2026-08-19T04:28:55.496Z,701.84,PAID
ORD-1729,C681,2026-08-27T00:52:38.683Z,968.61,SHIPPED
ORD-1730,C1885,2026-07-05T14:42:17.076Z,407.05,PENDING
ORD-1731,C133,2026-09-18T20:46:23.914Z,626.52,CANCELLED
ORD-1732,C50,2026-09-13T15:20:39.240Z,544.04,PAID
ORD-1733,C1958,2026-07-29T18:58:30.985Z,170.55,SHIPPED
ORD-1734,C71,2026-09-28T16:52:00.517Z,632.23,PENDING
ORD-1735,C1456,2026-09-01T07:25:06.445Z,266.31,CANCELLED
ORD-1736,C459,2026-07-22T06:34:10.747Z,958.15,PAID
ORD-1737,C802,2026-07-25T09:26:52.550Z,658.38,SHIPPED
ORD-1738,C949,2026-07-21T03:55:56.111Z,577.91,PENDING
ORD-1739,C1943,2026-07-06T06:07:17.071Z,655.81,CANCELLED
ORD-1740,C941,2026-09-10T04:56:08.230Z,180.30,PAID
ORD-1741,C1333,2026-09-27T02:21:23.210Z,90.70,SHIPPED
ORD-1742,C640,2026-07-22T18:18:49.135Z,865.61,PENDING
ORD-1743,C1532,2026-08-23T04:06:48.437Z,864.90,CANCELLED
ORD-1744,C1341,2026-08-09T18:25:14.818Z,754.94,PAID
ORD-1745,C134,2026-08-10T06:16:20.185Z,768.52,SHIPPED
ORD-1746,C1703,2026-08-11T22:35:27.868Z,987.21,PENDING
ORD-1747,C755,2026-09-12T23:16:00.896Z,294.15,CANCELLED
ORD-1748,C1265,2026-09-18T21:44:21.514Z,477.04,PAID
ORD-1749,C270,2026-07-11T12:38:46.658Z,18.58,SHIPPED
ORD-1750,C1744,2026-08-10T06:23:37.295Z,609.93,PENDING
ORD-1751,C536,2026-08-06T05:08:53.033Z,249.83,CANCELLED
ORD-1752,C1279,2026-08-01T05:15:24.089Z,391.62,PAID
ORD-1753,C746,2026-09-24T20:04:53.759Z,59.90,SHIPPED
ORD-1754,C19,2026-09-23T01:00:16.126Z,945.78,PENDING
ORD-1755,C1594,2026-08-21T22:58:36.209Z,636.79,CANCELLED
ORD-1756,C345,2026-09-12T13:22:22.909Z,973.91,PAID
ORD-1757,C759,2026-08-17T15:51:15.642Z,469.10,SHIPPED
ORD-1758,C1481,2026-07-06T01:07:57.382Z,490.49,PENDING
ORD-1759,C1009,2026-07-07T22:32:25.219Z,511.02,CANCELLED
ORD-1760,C186,2026-07-25T00:53:04.255Z,925.66,PAID
ORD-1761,C999,2026-08-23T17:20:38.517Z,35.23,SHIPPED
ORD-1762,C1096,2026-08-17T04:27:22.214Z,698.74,PENDING
ORD-1763,C1732,2026-09-11T12:00:41.215Z,734.97,CANCELLED
ORD-1764,C671,2026-09-11T03:43:41.031Z,644.08,PAID
ORD-1765,C1393,2026-08-14T09:49:20.916Z,589.63,SHIPPED
ORD-1766,C1812,2026-09-07T17:59:54.377Z,630.03,PENDING
ORD-1767,C1819,2026-09-16T09:30:00.624Z,792.01,CANCELLED
ORD-1768,C1990,2026-07-18T09:03:52.972Z,173.02,PAID
ORD-1769,C1739,2026-07-15T14:00:47.476Z,636.05,SHIPPED
ORD-1770,C83,2026-08-29T05:44:31.504Z,473.00,PENDING
ORD-1771,C1062,2026-07-22T14:04:35.213Z,758.73,CANCELLED
ORD-1772,C47,2026-08-12T04:09:00.518Z,518.00,PAID
ORD-1773,C1697,2026-07-21T03:37:49.282Z,223.73,SHIPPED
ORD-1774,C59,2026-08-25T15:25:22.519Z,609.45,PENDING
ORD-1775,C1887,2026-08-14T19:39:50.413Z,609.59,CANCELLED
ORD-1776,C460,2026-08-09T10:02:45.719Z,567.18,PAID
ORD-1777,C1634,2026-08-02T03:00:35.819Z,302.77,SHIPPED
ORD-1778,C1619,2026-09-01T05:10:33.881Z,973.40,PENDING
ORD-1779,C518,2026-09-05T14:31:23.750Z,385.47,CANCELLED
ORD-1780,C621,2026-08-17T04:13:28.255Z,300.87,PAID
ORD-1781,C1467,2026-08-29T01:23:00.009Z,760.55,SHIPPED
ORD-1782,C361,2026-07-22T05:33:01.396Z,504.90,PENDING
ORD-1783,C1662,2026-08-22T01:59:33.958Z,386.49,CANCELLED
ORD-1784,C256,2026-08-05T12:21:35.786Z,225.78,PAID
ORD-1785,C1318,2026-08-12T06:07:23.126Z,682.68,SHIPPED
ORD-1786,C977,2026-08-12T00:19:01.550Z,268.84,PENDING
ORD-1787,C807,2026-08-15T13:37:48.239Z,12.29,CANCELLED
ORD-1788,C228,2026-09-11T22:01:38.718Z,516.78,PAID
ORD-1789,C1133,2026-09-14T23:41:00.687Z,66.29,SHIPPED
ORD-1790,C1373,2026-08-03T13:51:18.987Z,861.14,PENDING
ORD-1791,C1138,2026-08-08T08:51:37.123Z,731.95,CANCELLED
ORD-1792,C501,2026-09-09T06:37:56.858Z,101.71,PAID
ORD-1793,C422,2026-07-11T03:50:47.239Z,544.14,SHIPPED
ORD-1794,C1385,2026-08-02T17:14:03.892Z,958.65,PENDING
ORD-1795,C1183,2026-07-17T20:30:01.561Z,701.72,CANCELLED
ORD-1796,C117,2026-07-23T15:49:30.262Z,317.57,PAID
ORD-1797,C1221,2026-07-05T21:09:26.788Z,520.68,SHIPPED
ORD-1798,C671,2026-09-13T06:42:38.526Z,55.50,PENDING
ORD-1799,C796,2026-08-28T00:11:15.500Z,641.74,CANCELLED
ORD-1800,C652,2026-07-26T21:02:52.867Z,993.35,PAID
ORD-1801,C1395,2026-08-19T11:29:05.105Z,200.99,SHIPPED
ORD-1802,C210,2026-08-02T04:50:33.451Z,615.79,PENDING
ORD-1803,C889,2026-09-09T09:14:27.032Z,936.22,CANCELLED
ORD-1804,C607,2026-09-22T13:05:30.139Z,925.40,PAID
ORD-1805,C694,2026-08-19T16:04:06.500Z,892.13,SHIPPED
ORD-1806,C801,2026-08-31T03:53:23.423Z,691.83,PENDING
ORD-1807,C1630,2026-07-11T19:52:25.047Z,982.67,CANCELLED
ORD-1808,C1136,2026-08-09T21:57:20.186Z,93.98,PAID
ORD-1809,C1204,2026-09-12T14:13:26.561Z,476.39,SHIPPED
ORD-1810,C495,2026-09-14T16:00:05.251Z,639.26,PENDING
ORD-1811,C1456,2026-07-12T09:30:09.217Z,531.20,CANCELLED
ORD-1812,C1246,2026-07-06T00:09:56.901Z,596.26,PAID
ORD-1813,C1481,2026-07-06T23:08:15.789Z,338.67,SHIPPED
ORD-1814,C746,2026-08-15T12:43:39.826Z,422.50,PENDING
ORD-1815,C616,2026-08-19T10:26:45.565Z,745.01,CANCELLED
ORD-1816,C1063,2026-08-06T14:02:08.954Z,861.64,PAID
ORD-1817,C528,2026-08-09T05:54:53.532Z,385.93,SHIPPED
ORD-1818,C964,2026-07-20T07:30:14.159Z,757.17,PENDING
ORD-1819,C847,2026-07-17T03:32:49.988Z,291.47,CANCELLED
ORD-1820,C1515,2026-07-20T21:08:53.045Z,495.95,PAID
ORD-1821,C1286,2026-08-07T00:19:30.159Z,70.62,SHIPPED
ORD-1822,C922,2026-08-15T21:31:19.692Z,838.90,PENDING
ORD-1823,C1803,2026-09-17T19:15:40.764Z,645.97,CANCELLED
ORD-1824,C736,2026-08-15T09:25:00.353Z,551.40,PAID
ORD-1825,C966,2026-07-19T00:27:13.169Z,565.54,SHIPPED
ORD-1826,C1615,2026-08-03T14:48:19.630Z,305.21,PENDING
ORD-1827,C1292,2026-08-06T23:26:35.112Z,215.85,CANCELLED
ORD-1828,C605,2026-07-17T05:29:15.485Z,266.99,PAID
ORD-1829,C1838,2026-09-24T23:01:21.085Z,917.80,SHIPPED
ORD-1830,C1499,2026-08-24T14:41:01.039Z,98.50,PENDING
ORD-1831,C895,2026-07-06T17:30:57.407Z,265.14,CANCELLED
ORD-1832,C59,2026-07-23T10:38:43.268Z,462.88,PAID
ORD-1833,C795,2026-07-05T14:07:17.563Z,20.00,SHIPPED
ORD-1834,C1401,2026-09-12T13:43:02.468Z,760.46,PENDING
ORD-1835,C457,2026-10-01T01:04:18.148Z,701.12,CANCELLED
ORD-1836,C789,2026-08-25T10:54:27.696Z,315.80,PAID
ORD-1837,C818,2026-08-01T07:58:52.940Z,122.38,SHIPPED
ORD-1838,C574,2026-08-17T19:00:38.220Z,85.46,PENDING
ORD-1839,C1104,2026-09-26T07:16:58.706Z,815.56,CANCELLED
ORD-1840,C249,2026-08-21T00:27:01.570Z,944.39,PAID
ORD-1841,C299,2026-09-18T00:44:38.898Z,284.97,SHIPPED
ORD-1842,C709,2026-09-08T03:52:23.616Z,704.05,PENDING
ORD-1843,C609,2026-10-01T03:19:45.827Z,52.37,CANCELLED
ORD-1844,C210,2026-09-11T21:04:34.515Z,68.05,PAID
ORD-1845,C1681,2026-08-13T04:03:30.727Z,285.61,SHIPPED
ORD-1846,C732,2026-08-18T09:29:05.834Z,182.06,PENDING
ORD-1847,C1080,2026-09-29T10:39:09.688Z,957.00,CANCELLED
ORD-1848,C1376,2026-09-27T20:49:14.715Z,679.63,PAID
ORD-1849,C896,2026-08-25T09:32:41.262Z,368.41,SHIPPED
ORD-1850,C1579,2026-09-27T15:10:18.523Z,383.43,PENDING
ORD-1851,C1012,2026-07-20T09:01:24.835Z,414.11,CANCELLED
ORD-1852,C1449,2026-08-04T09:41:15.842Z,410.74,PAID
ORD-1853,C1427,2026-08-11T06:35:51.134Z,592.58,SHIPPED
ORD-1854,C1242,2026-08-01T06:18:23.864Z,825.22,PENDING
ORD-1855,C1986,2026-07-26T12:58:04.252Z,547.11,CANCELLED
ORD-1856,C381,2026-09-02T15:23:16.788Z,179.88,PAID
ORD-1857,C1982,2026-07-15T09:18:56.972Z,393.16,SHIPPED
ORD-1858,C169,2026-09-18T10:18:03.083Z,768.42,PENDING
ORD-1859,C707,2026-09-16T14:56:15.176Z,936.40,CANCELLED
ORD-1860,C73,2026-09-26T09:57:30.554Z,476.98,PAID
ORD-1861,C519,2026-09-11T17:58:17.157Z,375.66,SHIPPED
ORD-1862,C655,2026-08-28T03:46:42.781Z,709.88,PENDING
ORD-1863,C275,2026-09-11T17:15:50.235Z,130.80,CANCELLED
ORD-1864,C1555,2026-07-04T03:05:13.654Z,764.25,PAID
ORD-1865,C1596,2026-09-23T04:41:44.266Z,609.64,SHIPPED
ORD-1866,C1184,2026-07-12T17:45:50.215Z,449.09,PENDING
ORD-1867,C1116,2026-08-17T14:20:06.872Z,234.97,CANCELLED
ORD-1868,C264,2026-09-12T19:48:48.841Z,712.72,PAID
ORD-1869,C498,2026-09-24T21:46:51.368Z,613.01,SHIPPED
ORD-1870,C146,2026-07-21T00:28:10.988Z,8.60,PENDING
ORD-1871,C729,2026-09-16T11:16:52.416Z,435.58,CANCELLED
ORD-1872,C408,2026-08-16T01:06:28.738Z,710.49,PAID
ORD-1873,C941,2026-08-19T11:30:18.803Z,601.54,SHIPPED
ORD-1874,C1895,2026-09-12T01:27:20.227Z,116.73,PENDING
ORD-1875,C1923,2026-09-05T23:07:06.315Z,547.01,CANCELLED
ORD-1876,C1543,2026-07-27T06:37:24.475Z,735.95,PAID
ORD-1877,C142,2026-09-17T00:52:50.357Z,657.46,SHIPPED
ORD-1878,C320,2026-07-04T02:52:15.928Z,742.99,PENDING
ORD-1879,C221,2026-08-11T14:02:22.568Z,634.77,CANCELLED
ORD-1880,C909,2026-07-04T16:08:45.871Z,509.33,PAID
ORD-1881,C852,2026-07-15T09:18:44.664Z,74.41,SHIPPED
ORD-1882,C1484,2026-08-05T22:08:36.836Z,797.63,PENDING
ORD-1883,C1391,2026-07-06T20:36:34.117Z,294.35,CANCELLED
ORD-1884,C1743,2026-07-31T12:55:22.549Z,249.57,PAID
ORD-1885,C1833,2026-09-10T04:22:49.642Z,553.87,SHIPPED
ORD-1886,C660,2026-09-03T20:28:25.024Z,203.15,PENDING
ORD-1887,C1638,2026-07-09T05:14:59.550Z,611.61,CANCELLED
ORD-1888,C1775,2026-09-10T02:49:15.595Z,350.38,PAID
ORD-1889,C1055,2026-08-04T16:28:53.962Z,49.76,SHIPPED
ORD-1890,C1525,2026-10-01T02:12:13.261Z,786.75,PENDING
ORD-1891,C466,2026-08-04T12:28:18.374Z,353.63,CANCELLED
ORD-1892,C170,2026-08-16T16:37:09.534Z,75.33,PAID
ORD-1893,C1880,2026-07-25T02:33:31.607Z,813.22,SHIPPED
ORD-1894,C1561,2026-08-07T10:09:04.994Z,539.01,PENDING
ORD-1895,C1565,2026-08-06T07:58:41.755Z,839.96,CANCELLED
ORD-1896,C1954,2026-09-11T17:28:18.792Z,890.95,PAID
ORD-1897,C88,2026-09-25T10:28:34.394Z,628.02,SHIPPED
ORD-1898,C75,2026-09-20T12:35:41.571Z,988.68,PENDING
ORD-1899,C15,2026-07-21T10:51:24.155Z,230.49,CANCELLED
ORD-1900,C1989,2026-07-16T13:36:39.825Z,995.15,PAID
ORD-1901,C489,2026-07-07T15:07:50.554Z,681.67,SHIPPED
ORD-1902,C949,2026-07-28T19:16:39.387Z,0.47,PENDING
ORD-1903,C409,2026-08-22T01:23:46.982Z,238.96,CANCELLED
ORD-1904,C1288,2026-08-17T20:16:41.007Z,84.13,PAID
ORD-1905,C551,2026-08-14T23:34:07.088Z,114.27,SHIPPED
ORD-1906,C1922,2026-07-15T20:19:43.280Z,638.94,PENDING
ORD-1907,C612,2026-08-13T08:36:27.440Z,37.89,CANCELLED
ORD-1908,C346,2026-07-25T07:21:33.358Z,797.21,PAID
ORD-1909,C1658,2026-07-04T01:14:33.024Z,811.45,SHIPPED
ORD-1910,C708,2026-08-08T11:25:52.726Z,586.91,PENDING
ORD-1911,C505,2026-09-01T19:01:23.923Z,157.66,CANCELLED
ORD-1912,C1092,2026-08-13T14:27:45.139Z,614.13,PAID
ORD-1913,C1361,2026-09-13T23:28:52.993Z,667.23,SHIPPED
ORD-1914,C837,2026-09-17T19:47:05.465Z,801.06,PENDING
ORD-1915,C1183,2026-08-13T06:15:44.200Z,424.25,CANCELLED
ORD-1916,C63,2026-09-20T15:13:41.018Z,608.01,PAID
ORD-1917,C7,2026-09-25T04:14:28.205Z,0.68,SHIPPED
ORD-1918,C1167,2026-07-03T23:16:00.824Z,949.49,PENDING
ORD-1919,C924,2026-08-03T03:50:10.457Z,840.34,CANCELLED
ORD-1920,C1661,2026-08-10T15:03:43.000Z,459.61,PAID
ORD-1921,C1344,2026-07-17T17:40:44.975Z,140.32,SHIPPED
ORD-1922,C38,2026-07-05T19:16:08.689Z,946.92,PENDING
ORD-1923,C287,2026-07-24T22:36:44.890Z,873.11,CANCELLED
ORD-1924,C1217,2026-09-07T11:49:29.471Z,51.40,PAID
ORD-1925,C1068,2026-07-17T21:05:45.995Z,486.97,SHIPPED
ORD-1926,C1806,2026-09-27T11:22:54.478Z,1.15,PENDING
ORD-1927,C1228,2026-07-18T11:24:51.205Z,193.10,CANCELLED
ORD-1928,C616,2026-07-31T13:24:20.078Z,241.22,PAID
ORD-1929,C1142,2026-09-17T17:19:20.251Z,444.24,SHIPPED
ORD-1930,C964,2026-07-04T00:01:13.554Z,295.71,PENDING
ORD-1931,C183,2026-08-25T08:05:15.080Z,41.07,CANCELLED
ORD-1932,C1786,2026-08-02T22:40:26.443Z,746.50,PAID
ORD-1933,C637,2026-09-06T03:59:58.923Z,664.18,SHIPPED
ORD-1934,C343,2026-07-06T23:07:12.161Z,51.04,PENDING
ORD-1935,C605,2026-07-25T02:00:14.564Z,134.32,CANCELLED
ORD-1936,C189,2026-09-28T17:07:39.449Z,118.44,PAID
ORD-1937,C138,2026-09-07T16:47:35.132Z,898.99,SHIPPED
ORD-1938,C745,2026-08-26T18:07:32.675Z,479.76,PENDING
ORD-1939,C891,2026-07-23T18:02:33.029Z,674.30,CANCELLED
ORD-1940,C1234,2026-08-07T14:02:16.593Z,478.19,PAID
ORD-1941,C1435,2026-08-03T07:59:27.846Z,647.00,SHIPPED
ORD-1942,C451,2026-08-02T09:38:11.744Z,697.72,PENDING
ORD-1943,C1382,2026-09-11T15:22:29.437Z,548.83,CANCELLED
ORD-1944,C1595,2026-08-10T23:12:12.678Z,448.71,PAID
ORD-1945,C913,2026-07-06T20:02:28.830Z,349.34,SHIPPED
ORD-1946,C1864,2026-08-20T03:09:13.594Z,942.29,PENDING
ORD-1947,C1402,2026-08-03T14:47:11.106Z,266.36,CANCELLED
ORD-1948,C1081,2026-07-05T02:49:11.592Z,950.71,PAID
ORD-1949,C1342,2026-08-07T16:31:36.605Z,439.71,SHIPPED
ORD-1950,C20,2026-09-28T03:44:51.938Z,58.99,PENDING
ORD-1951,C591,2026-09-26T16:17:44.838Z,45.96,CANCELLED
ORD-1952,C828,2026-08-22T15:10:01.601Z,563.58,PAID
ORD-1953,C1547,2026-09-20T16:58:44.588Z,971.01,SHIPPED
ORD-1954,C335,2026-09-05T20:56:05.662Z,243.42,PENDING
ORD-1955,C1707,2026-08-21T18:39:18.577Z,566.01,CANCELLED
ORD-1956,C6,2026-07-20T12:50:36.274Z,549.54,PAID
ORD-1957,C1196,2026-08-23T19:40:41.072Z,362.39,SHIPPED
ORD-1958,C599,2026-09-22T15:04:27.538Z,195.04,PENDING
ORD-1959,C522,2026-07-12T06:42:00.433Z,874.25,CANCELLED
ORD-1960,C612,2026-09-08T14:51:24.980Z,279.99,PAID
ORD-1961,C738,2026-09-14T15:02:09.292Z,308.13,SHIPPED
ORD-1962,C1133,2026-08-12T23:41:39.473Z,781.13,PENDING
ORD-1963,C14,2026-09-28T04:59:07.584Z,684.98,CANCELLED
ORD-1964,C365,2026-08-31T07:52:43.153Z,182.87,PAID
ORD-1965,C1377,2026-09-30T15:52:35.392Z,980.40,SHIPPED
ORD-1966,C1437,2026-07-14T17:46:52.187Z,337.35,PENDING
ORD-1967,C768,2026-09-09T16:14:43.235Z,21.46,CANCELLED
ORD-1968,C1825,2026-08-31T20:33:05.078Z,177.96,PAID
ORD-1969,C711,2026-09-26T22:45:50.176Z,64.48,SHIPPED
ORD-1970,C65,2026-08-31T20:05:12.286Z,941.12,PENDING
ORD-1971,C1485,2026-07-11T09:37:00.877Z,340.52,CANCELLED
ORD-1972,C562,2026-09-12T22:56:19.517Z,149.00,PAID
ORD-1973,C942,2026-09-25T02:44:14.906Z,870.77,SHIPPED
ORD-1974,C930,2026-09-03T04:19:36.203Z,0.15,PENDING
ORD-1975,C1231,2026-08-31T12:44:04.948Z,415.18,CANCELLED
ORD-1976,C1728,2026-09-12T23:38:19.600Z,80.10,PAID
ORD-1977,C242,2026-08-31T16:00:18.811Z,87.64,SHIPPED
ORD-1978,C974,2026-08-18T07:38:49.409Z,105.78,PENDING
ORD-1979,C1861,2026-07-10T12:46:05.421Z,871.38,CANCELLED
ORD-1980,C1095,2026-08-17T17:23:41.455Z,160.85,PAID
ORD-1981,C1633,2026-07-03T05:54:05.295Z,402.57,SHIPPED
ORD-1982,C1744,2026-09-22T08:46:38.826Z,774.55,PENDING
ORD-1983,C539,2026-07-21T10:31:36.597Z,470.78,CANCELLED
ORD-1984,C1778,2026-09-11T20:27:41.330Z,35.96,PAID
ORD-1985,C967,2026-07-29T20:59:28.250Z,870.39,SHIPPED
ORD-1986,C1089,2026-08-12T08:25:06.406Z,911.13,PENDING
ORD-1987,C565,2026-08-25T21:35:15.663Z,429.40,CANCELLED
ORD-1988,C1554,2026-09-03T13:31:05.378Z,709.38,PAID
ORD-1989,C251,2026-09-05T16:57:32.981Z,133.22,SHIPPED
ORD-1990,C1686,2026-07-11T09:48:40.310Z,927.61,PENDING
ORD-1991,C1817,2026-07-11T03:43:07.415Z,228.34,CANCELLED
ORD-1992,C1328,2026-09-10T00:28:56.449Z,550.30,PAID
ORD-1993,C983,2026-08-12T10:19:17.983Z,738.21,SHIPPED
ORD-1994,C976,2026-07-15T11:50:08.139Z,624.02,PENDING
ORD-1995,C286,2026-09-26T03:59:34.676Z,121.17,CANCELLED
ORD-1996,C1839,2026-09-09T08:29:31.427Z,724.37,PAID
ORD-1997,C1649,2026-08-29T15:06:52.099Z,217.86,SHIPPED
ORD-1998,C1777,2026-07-11T07:47:57.770Z,477.67,PENDING
ORD-1999,C1661,2026-09-19T13:37:34.007Z,965.20,CANCELLED
ORD-2000,C1289,not-a-date,197.03,PAID
ORD-2001,C455,2026-07-19T09:41:57.281Z,626.07,SHIPPED
ORD-2002,C1009,2026-09-08T22:39:39.354Z,30.08,PENDING
ORD-2003,C1362,2026-09-08T22:17:19.443Z,150.40,CANCELLED
ORD-2004,C1405,2026-07-27T16:42:59.683Z,842.33,PAID
ORD-2005,C1602,2026-10-01T03:03:16.629Z,210.53,SHIPPED
ORD-2006,C398,2026-07-12T07:14:40.427Z,703.76,PENDING
ORD-2007,C236,2026-09-12T20:55:47.768Z,332.79,CANCELLED
ORD-2008,C699,2026-07-24T05:56:49.722Z,52.66,PAID
ORD-2009,C1439,2026-09-02T23:30:03.836Z,419.37,SHIPPED
ORD-2010,C585,2026-08-08T09:23:50.887Z,178.16,PENDING
ORD-2011,C1970,2026-09-07T21:03:54.259Z,805.02,CANCELLED
ORD-2012,C455,2026-07-14T14:26:51.059Z,108.26,PAID
ORD-2013,C133,2026-07-07T16:07:27.024Z,95.06,SHIPPED
ORD-2014,C380,2026-08-01T04:56:27.319Z,561.79,PENDING
ORD-2015,C1136,2026-09-25T06:58:46.995Z,814.08,CANCELLED
ORD-2016,C436,2026-07-28T14:44:43.824Z,77.42,PAID
ORD-2017,C1803,2026-09-18T04:43:09.606Z,444.31,SHIPPED
ORD-2018,C1322,2026-09-08T02:38:27.806Z,842.44,PENDING
ORD-2019,C714,2026-09-15T21:24:53.901Z,815.96,CANCELLED
ORD-2020,C420,2026-09-03T03:05:56.619Z,918.56,PAID
ORD-2021,C1923,2026-09-29T07:35:50.743Z,777.70,SHIPPED
ORD-2022,C1461,2026-08-22T19:54:56.826Z,549.79,PENDING
ORD-2023,C240,2026-10-01T02:47:29.759Z,560.80,CANCELLED
ORD-2024,C1446,2026-08-26T22:45:19.197Z,518.91,PAID
ORD-2025,C834,2026-09-07T22:39:52.517Z,186.73,SHIPPED
ORD-2026,C418,2026-09-24T05:59:45.755Z,811.87,PENDING
ORD-2027,C1646,2026-09-26T20:35:44.534Z,571.39,CANCELLED
ORD-2028,C1924,2026-07-09T16:50:52.666Z,448.17,PAID
ORD-2029,C809,2026-07-24T02:34:05.043Z,747.89,SHIPPED
ORD-2030,C57,2026-08-30T19:23:01.824Z,12.45,PENDING
ORD-2031,C237,2026-08-27T22:16:53.645Z,882.13,CANCELLED
ORD-2032,C629,2026-09-08T21:36:10.947Z,474.39,PAID
ORD-2033,C1815,2026-09-21T12:32:12.462Z,541.40,SHIPPED
ORD-2034,C1807,2026-08-23T23:15:05.087Z,508.52,PENDING
ORD-2035,C1998,2026-09-19T19:50:32.205Z,496.20,CANCELLED
ORD-2036,C1222,2026-07-06T00:34:38.915Z,645.83,PAID
ORD-2037,C725,2026-08-04T08:54:33.700Z,62.07,SHIPPED
ORD-2038,C1329,2026-09-09T23:38:19.771Z,145.01,PENDING
ORD-2039,C1543,2026-07-25T10:28:06.320Z,311.75,CANCELLED
ORD-2040,C81,2026-07-11T11:12:06.362Z,431.46,PAID
ORD-2041,C712,2026-07-26T03:33:34.589Z,774.92,SHIPPED
ORD-2042,C1746,2026-07-27T06:48:31.258Z,686.18,PENDING
ORD-2043,C766,2026-09-18T15:37:26.739Z,104.53,CANCELLED
ORD-2044,C113,2026-07-17T22:24:13.682Z,214.91,PAID
ORD-2045,C1209,2026-09-07T06:04:50.700Z,373.03,SHIPPED
ORD-2046,C1847,2026-07-28T03:22:16.041Z,578.13,PENDING
ORD-2047,C170,2026-07-09T03:49:20.987Z,37.47,CANCELLED
ORD-2048,C718,2026-07-20T10:48:54.296Z,22.10,PAID
ORD-2049,C331,2026-08-01T01:17:48.116Z,858.10,SHIPPED
ORD-2050,C95,2026-08-02T08:40:37.001Z,388.32,PENDING
ORD-2051,C149,2026-09-01T09:59:21.480Z,956.38,CANCELLED
ORD-2052,C663,2026-08-05T08:58:21.367Z,672.17,PAID
ORD-2053,C928,2026-07-27T21:09:41.802Z,182.72,SHIPPED
ORD-2054,C70,2026-07-30T03:43:44.480Z,612.58,PENDING
ORD-2055,C221,2026-07-09T02:15:29.632Z,362.32,CANCELLED
ORD-2056,C1648,2026-09-06T21:12:29.229Z,950.42,PAID
ORD-2057,C110,2026-07-13T19:44:34.054Z,896.07,SHIPPED
ORD-2058,C108,2026-09-25T03:47:12.623Z,671.18,PENDING
ORD-2059,C1667,2026-07-18T23:25:26.645Z,624.91,CANCELLED
ORD-2060,C1303,2026-08-08T01:50:40.111Z,89.35,PAID
ORD-2061,C778,2026-08-24T13:31:26.081Z,770.03,SHIPPED
ORD-2062,C214,2026-07-10T20:32:51.002Z,602.48,PENDING
ORD-2063,C97,2026-08-13T13:28:25.618Z,878.32,CANCELLED
ORD-2064,C737,2026-07-14T09:53:48.507Z,259.64,PAID
ORD-2065,C1108,2026-08-22T02:51:51.214Z,747.91,SHIPPED
ORD-2066,C1494,2026-07-26T12:16:50.004Z,941.21,PENDING
ORD-2067,C1868,2026-08-31T18:33:05.701Z,130.39,CANCELLED
ORD-2068,C1472,2026-09-10T18:49:21.875Z,949.11,PAID
ORD-2069,C15,2026-08-11T21:07:49.240Z,528.80,SHIPPED
ORD-2070,C994,2026-07-18T10:35:51.983Z,190.75,PENDING
ORD-2071,C870,2026-09-29T01:11:40.434Z,656.92,CANCELLED
ORD-2072,C1048,2026-08-01T18:53:59.366Z,441.94,PAID
ORD-2073,C1424,2026-07-27T15:14:02.824Z,910.54,SHIPPED
ORD-2074,C9,2026-07-25T06:45:21.214Z,696.23,PENDING
ORD-2075,C512,2026-09-26T21:17:20.934Z,213.52,CANCELLED
ORD-2076,C1734,2026-08-08T01:23:06.575Z,707.52,PAID
ORD-2077,C1933,2026-08-20T07:26:04.071Z,699.82,SHIPPED
ORD-2078,C133,2026-07-13T14:54:50.424Z,772.73,PENDING
ORD-2079,C1216,2026-09-19T05:59:05.273Z,763.82,CANCELLED
ORD-2080,C1616,2026-07-13T12:11:14.094Z,774.54,PAID
ORD-2081,C1312,2026-08-31T18:37:28.101Z,266.43,SHIPPED
ORD-2082,C695,2026-08-13T07:32:46.288Z,739.93,PENDING
ORD-2083,C1704,2026-07-04T08:07:47.009Z,268.88,CANCELLED
ORD-2084,C820,2026-09-14T23:08:38.886Z,428.95,PAID
ORD-2085,C1738,2026-08-29T04:05:04.617Z,39.25,SHIPPED
ORD-2086,C454,2026-07-03T15:43:56.344Z,441.66,PENDING
ORD-2087,C91,2026-07-15T11:25:54.147Z,973.84,CANCELLED
ORD-2088,C328,2026-07-14T22:36:25.036Z,96.46,PAID
ORD-2089,C1645,2026-08-06T20:28:28.171Z,154.55,SHIPPED
ORD-2090,C717,2026-08-31T20:11:47.308Z,761.89,PENDING
ORD-2091,C885,2026-07-25T15:47:12.621Z,219.78,CANCELLED
ORD-2092,C1709,2026-08-07T21:25:13.970Z,626.60,PAID
ORD-2093,C363,2026-07-07T01:26:54.740Z,482.88,SHIPPED
ORD-2094,C55,2026-07-21T13:41:26.845Z,474.00,PENDING
ORD-2095,C1439,2026-07-10T13:51:57.055Z,382.01,CANCELLED
ORD-2096,C1583,2026-08-29T19:33:22.587Z,954.86,PAID
ORD-2097,C216,2026-07-05T16:38:43.576Z,466.50,SHIPPED
ORD-2098,C1013,2026-08-24T10:21:35.922Z,959.30,PENDING
ORD-2099,C390,2026-09-19T00:37:57.786Z,551.77,CANCELLED
ORD-2100,C1454,2026-08-28T02:13:29.426Z,539.74,PAID
ORD-2101,C689,2026-08-07T21:19:02.428Z,834.14,SHIPPED
ORD-2102,C882,2026-07-30T17:57:34.022Z,181.58,PENDING
ORD-2103,C855,2026-07-14T12:36:02.410Z,702.61,CANCELLED
ORD-2104,C444,2026-09-16T16:05:30.867Z,273.40,PAID
ORD-2105,C1476,2026-08-11T05:39:07.205Z,999.43,SHIPPED
ORD-2106,C1472,2026-09-17T05:59:19.739Z,974.56,PENDING
ORD-2107,C18,2026-07-20T11:04:53.157Z,334.84,CANCELLED
ORD-2108,C890,2026-07-31T05:13:52.662Z,122.92,PAID
ORD-2109,C508,2026-09-28T15:13:08.636Z,67.50,SHIPPED
ORD-2110,C87,2026-07-25T07:59:30.960Z,471.30,PENDING
ORD-2111,C260,2026-09-07T06:16:59.111Z,161.28,CANCELLED
ORD-2112,C334,2026-07-09T00:53:32.524Z,165.21,PAID
ORD-2113,C1374,2026-08-07T14:06:23.793Z,264.76,SHIPPED
ORD-2114,C1943,2026-07-31T13:03:16.372Z,882.08,PENDING
ORD-2115,C1862,2026-07-12T09:46:38.361Z,272.87,CANCELLED
ORD-2116,C1732,2026-09-23T00:52:31.291Z,830.09,PAID
ORD-2117,C1082,2026-07-22T14:39:53.922Z,98.47,SHIPPED
ORD-2118,C726,2026-07-31T17:57:30.692Z,959.11,PENDING
ORD-2119,C1017,2026-08-08T22:01:15.519Z,196.11,CANCELLED
ORD-2120,C1311,2026-08-16T09:19:13.337Z,586.08,PAID
ORD-2121,C172,2026-07-22T09:24:14.316Z,215.52,SHIPPED
ORD-2122,C1875,2026-09-06T17:46:54.185Z,230.98,PENDING
ORD-2123,C1796,2026-09-16T17:33:12.973Z,514.60,CANCELLED
ORD-2124,C952,2026-07-08T21:17:11.994Z,121.78,PAID
ORD-2125,C662,2026-07-18T09:12:26.750Z,491.25,SHIPPED
ORD-2126,C616,2026-09-02T03:11:09.046Z,111.60,PENDING
ORD-2127,C1398,2026-07-15T14:34:15.974Z,418.22,CANCELLED
ORD-2128,C1072,2026-09-20T02:20:11.701Z,325.18,PAID
ORD-2129,C586,2026-08-09T06:12:34.433Z,134.75,SHIPPED
ORD-2130,C1922,2026-09-20T17:42:41.351Z,804.85,PENDING
ORD-2131,C988,2026-07-21T21:55:07.508Z,840.32,CANCELLED
ORD-2132,C1596,2026-09-01T01:34:51.075Z,633.72,PAID
ORD-2133,C1754,2026-08-11T18:05:04.726Z,950.20,SHIPPED
ORD-2134,C1651,2026-07-29T13:37:37.347Z,609.81,PENDING
ORD-2135,C1577,2026-07-31T12:27:34.235Z,953.15,CANCELLED
ORD-2136,C275,2026-07-19T16:00:04.746Z,845.69,PAID
ORD-2137,C663,2026-08-14T09:35:19.784Z,862.43,SHIPPED
ORD-2138,C310,2026-09-15T14:22:12.717Z,762.43,PENDING
ORD-2139,C1857,2026-08-09T15:03:31.499Z,933.94,CANCELLED
ORD-2140,C246,2026-07-10T12:00:21.596Z,531.72,PAID
ORD-2141,C783,2026-08-17T18:52:35.811Z,15.89,SHIPPED
ORD-2142,C152,2026-10-01T01:16:38.687Z,603.00,PENDING
ORD-2143,C1404,2026-09-13T22:10:09.063Z,726.42,CANCELLED
ORD-2144,C234,2026-07-20T16:17:33.941Z,340.71,PAID
ORD-2145,C1923,2026-07-13T12:25:44.216Z,594.54,SHIPPED
ORD-2146,C1446,2026-09-28T05:35:55.301Z,932.16,PENDING
ORD-2147,C1006,2026-09-26T09:08:01.028Z,694.02,CANCELLED
ORD-2148,C268,2026-08-10T10:30:50.427Z,680.96,PAID
ORD-2149,C773,2026-08-26T15:20:35.083Z,838.45,SHIPPED
ORD-2150,C1651,2026-08-10T17:35:32.326Z,273.69,PENDING
ORD-2151,C1429,2026-07-09T01:05:26.107Z,642.55,CANCELLED
ORD-2152,C128,2026-08-21T12:52:21.404Z,203.05,PAID
ORD-2153,C769,2026-07-22T14:11:50.530Z,238.42,SHIPPED
ORD-2154,C956,2026-08-01T14:53:22.346Z,809.56,PENDING
ORD-2155,C1100,2026-07-22T08:07:31.672Z,11.36,CANCELLED
ORD-2156,C1896,2026-09-20T02:48:46.647Z,740.88,PAID
ORD-2157,C68,2026-08-23T23:58:35.581Z,279.98,SHIPPED
ORD-2158,C1451,2026-08-20T05:13:45.183Z,435.56,PENDING
ORD-2159,C655,2026-07-25T14:18:30.377Z,796.78,CANCELLED
ORD-2160,C358,2026-09-30T13:25:07.189Z,809.60,PAID
ORD-2161,C1303,2026-09-26T13:27:14.679Z,304.06,SHIPPED
ORD-2162,C1374,2026-08-04T22:11:48.311Z,645.26,PENDING
ORD-2163,C546,2026-09-30T10:19:06.472Z,531.59,CANCELLED
ORD-2164,C1230,2026-07-20T13:02:55.545Z,335.77,PAID
ORD-2165,C1192,2026-08-01T02:35:09.372Z,95.69,SHIPPED
ORD-2166,C12,2026-09-05T07:29:00.015Z,309.87,PENDING
ORD-2167,C1864,2026-08-27T13:37:14.705Z,737.01,CANCELLED
ORD-2168,C726,2026-09-18T21:44:45.639Z,822.68,PAID
ORD-2169,C1779,2026-09-06T14:29:47.096Z,349.03,SHIPPED
ORD-2170,C1551,2026-09-14T04:37:08.227Z,403.39,PENDING
ORD-2171,C748,2026-08-16T23:32:35.878Z,641.30,CANCELLED
ORD-2172,C1361,2026-09-28T22:24:55.911Z,234.61,PAID
ORD-2173,C1715,2026-09-14T08:42:21.027Z,968.58,SHIPPED
ORD-2174,C952,2026-07-26T11:55:07.183Z,65.61,PENDING
ORD-2175,C1518,2026-08-03T06:03:39.230Z,10.24,CANCELLED
ORD-2176,C144,2026-08-08T01:43:56.041Z,64.21,PAID
ORD-2177,C464,2026-09-15T00:53:33.771Z,259.85,SHIPPED
ORD-2178,C1026,2026-07-27T19:09:52.124Z,93.45,PENDING
ORD-2179,C1701,2026-07-24T02:04:22.270Z,762.04,CANCELLED
ORD-2180,C725,2026-09-14T15:15:22.340Z,441.30,PAID
ORD-2181,C1459,2026-07-20T09:00:25.651Z,379.36,SHIPPED
ORD-2182,C2000,2026-09-05T08:40:49.017Z,21.37,PENDING
ORD-2183,C880,2026-08-20T01:37:18.804Z,697.75,CANCELLED
ORD-2184,C1644,2026-07-04T03:48:40.753Z,4.69,PAID
ORD-2185,C373,2026-07-09T03:47:54.480Z,974.58,SHIPPED
ORD-2186,C1183,2026-09-25T13:34:03.155Z,903.76,PENDING
ORD-2187,C156,2026-07-04T21:12:03.355Z,222.82,CANCELLED
ORD-2188,C1774,2026-08-29T19:06:47.681Z,181.09,PAID
ORD-2189,C829,2026-09-18T09:25:53.590Z,821.29,SHIPPED
ORD-2190,C1602,2026-07-22T22:16:32.175Z,263.68,PENDING
ORD-2191,C1709,2026-08-31T00:31:53.952Z,608.68,CANCELLED
ORD-2192,C847,2026-09-26T22:16:59.056Z,198.09,PAID
ORD-2193,C459,2026-08-06T00:42:15.998Z,407.18,SHIPPED
ORD-2194,C617,2026-08-05T22:06:41.457Z,620.07,PENDING
ORD-2195,C1988,2026-08-27T21:22:48.765Z,488.88,CANCELLED
ORD-2196,C1362,2026-08-18T09:36:30.522Z,551.71,PAID
ORD-2197,C1282,2026-08-07T00:54:03.395Z,413.26,SHIPPED
ORD-2198,C329,2026-09-03T12:15:50.158Z,943.52,PENDING
ORD-2199,C339,2026-09-27T01:28:28.095Z,647.72,CANCELLED
ORD-2200,C1038,2026-08-15T06:59:09.606Z,458.09,PAID
ORD-2201,C1065,2026-07-31T02:17:35.247Z,198.11,SHIPPED
ORD-2202,C79,2026-07-21T10:53:07.268Z,382.95,PENDING
ORD-2203,C606,2026-07-29T12:11:30.079Z,634.80,CANCELLED
ORD-2204,C863,2026-09-05T00:36:38.953Z,867.05,PAID
ORD-2205,C1888,2026-07-15T13:58:42.558Z,615.22,SHIPPED
ORD-2206,C1871,2026-07-13T16:41:27.171Z,835.80,PENDING
ORD-2207,C816,2026-07-06T16:22:47.906Z,454.99,CANCELLED
ORD-2208,C862,2026-08-22T15:17:56.820Z,260.29,PAID
ORD-2209,C360,2026-08-07T02:04:31.100Z,492.39,SHIPPED
ORD-2210,C1299,2026-07-25T08:26:24.594Z,416.86,PENDING
ORD-2211,C766,2026-08-05T19:32:20.881Z,867.27,CANCELLED
ORD-2212,C1852,2026-07-22T21:32:53.359Z,914.22,PAID
ORD-2213,C1477,2026-07-03T17:28:07.052Z,594.21,SHIPPED
ORD-2214,C1445,2026-09-17T12:23:41.276Z,363.96,PENDING
ORD-2215,C1098,2026-09-11T07:30:38.155Z,682.53,CANCELLED
ORD-2216,C402,2026-09-24T05:16:07.509Z,244.20,PAID
ORD-2217,C1446,2026-08-15T20:59:48.556Z,96.15,SHIPPED
ORD-2218,C1534,2026-08-04T17:31:59.706Z,608.95,PENDING
ORD-2219,C941,2026-09-17T14:57:41.563Z,247.41,CANCELLED
ORD-2220,C4,2026-08-07T01:30:11.647Z,387.19,PAID
ORD-2221,C750,2026-07-11T17:38:36.241Z,855.82,SHIPPED
ORD-2222,C271,2026-07-12T22:33:19.133Z,477.76,PENDING
ORD-2223,C1483,2026-07-06T00:36:12.408Z,88.09,CANCELLED
ORD-2224,C1188,2026-09-21T02:08:43.577Z,716.11,PAID
ORD-2225,C90,2026-09-18T19:20:39.906Z,637.89,SHIPPED
ORD-2226,C9,2026-08-20T15:41:46.301Z,242.06,PENDING
ORD-2227,C1895,2026-08-27T01:02:41.506Z,957.20,CANCELLED
ORD-2228,C856,2026-07-18T11:24:34.510Z,696.71,PAID
ORD-2229,C745,2026-09-30T15:04:41.502Z,491.97,SHIPPED
ORD-2230,C505,2026-08-06T05:07:50.600Z,468.28,PENDING
ORD-2231,C1507,2026-07-17T08:03:58.413Z,40.16,CANCELLED
ORD-2232,C1184,2026-07-08T16:15:18.656Z,662.96,PAID
ORD-2233,C2,2026-07-13T10:33:43.646Z,182.48,SHIPPED
ORD-2234,C1336,2026-07-25T20:09:01.276Z,974.20,PENDING
ORD-2235,C1224,2026-08-17T21:43:32.253Z,632.04,CANCELLED
ORD-2236,C215,2026-09-19T07:15:57.772Z,852.73,PAID
ORD-2237,C1578,2026-09-03T06:59:12.317Z,551.71,SHIPPED
ORD-2238,C894,2026-08-07T07:36:47.059Z,421.71,PENDING
ORD-2239,C1493,2026-08-22T04:02:05.317Z,950.09,CANCELLED
ORD-2240,C1297,2026-07-17T06:29:40.019Z,261.78,PAID
ORD-2241,C946,2026-09-26T10:24:40.953Z,522.63,SHIPPED
ORD-2242,C558,2026-07-06T17:01:24.491Z,568.06,PENDING
ORD-2243,C517,2026-07-16T00:02:44.273Z,512.52,CANCELLED
ORD-2244,C598,2026-09-04T08:29:41.676Z,83.54,PAID
ORD-2245,C1574,2026-09-28T22:11:35.189Z,982.98,SHIPPED
ORD-2246,C1630,2026-07-04T02:56:58.901Z,786.61,PENDING
ORD-2247,C609,2026-07-13T06:10:51.123Z,644.76,CANCELLED
ORD-2248,C671,2026-09-17T13:53:09.541Z,609.84,PAID
ORD-2249,C1644,2026-08-19T02:54:30.470Z,161.07,SHIPPED
ORD-2250,C1317,2026-07-27T23:44:19.089Z,665.93,PENDING
ORD-2251,C318,2026-07-11T23:52:17.324Z,203.15,CANCELLED
ORD-2252,C1451,2026-08-08T10:50:23.447Z,157.41,PAID
ORD-2253,C1363,2026-09-09T22:28:41.792Z,963.13,SHIPPED
ORD-2254,C1065,2026-07-31T07:35:13.313Z,401.11,PENDING
ORD-2255,C632,2026-07-25T19:28:43.452Z,423.53,CANCELLED
ORD-2256,C695,2026-07-14T11:46:46.941Z,587.66,PAID
ORD-2257,C181,2026-09-28T22:57:48.990Z,520.36,SHIPPED
ORD-2258,C302,2026-09-05T02:33:11.665Z,743.17,PENDING
ORD-2259,C1586,2026-08-07T15:59:40.398Z,944.00,CANCELLED
ORD-2260,C994,2026-09-09T16:00:10.339Z,890.74,PAID
ORD-2261,C157,2026-07-25T23:12:18.818Z,549.32,SHIPPED
ORD-2262,C1255,2026-07-28T16:49:25.924Z,590.70,PENDING
ORD-2263,C1705,2026-07-24T06:48:53.845Z,902.30,CANCELLED
ORD-2264,C1143,2026-09-13T15:33:31.693Z,105.80,PAID
ORD-2265,C1246,2026-07-17T11:02:34.250Z,641.11,SHIPPED
ORD-2266,C1264,2026-08-03T09:09:49.071Z,69.27,PENDING
ORD-2267,C1872,2026-07-08T05:07:49.193Z,708.04,CANCELLED
ORD-2268,C1300,2026-07-15T17:59:55.483Z,406.21,PAID
ORD-2269,C1602,2026-08-13T19:14:12.141Z,128.32,SHIPPED
ORD-2270,C1392,2026-09-13T23:41:15.839Z,886.88,PENDING
ORD-2271,C297,2026-09-06T18:08:24.624Z,138.05,CANCELLED
ORD-2272,C151,2026-07-10T21:26:18.649Z,768.74,PAID
ORD-2273,C682,2026-08-14T02:26:15.852Z,606.01,SHIPPED
ORD-2274,C130,2026-07-26T23:27:29.392Z,555.77,PENDING
ORD-2275,C1719,2026-07-19T15:59:17.941Z,679.71,CANCELLED
ORD-2276,C397,2026-07-13T17:48:36.779Z,282.77,PAID
ORD-2277,C1188,2026-09-26T13:31:18.074Z,737.47,SHIPPED
ORD-2278,C1958,2026-08-10T12:44:19.619Z,952.83,PENDING
ORD-2279,C1598,2026-09-18T13:19:25.011Z,960.99,CANCELLED
ORD-2280,C1987,2026-09-21T03:10:05.034Z,883.69,PAID
ORD-2281,C1856,2026-08-15T16:54:49.079Z,513.65,SHIPPED
ORD-2282,C1846,2026-08-12T11:32:56.491Z,243.50,PENDING
ORD-2283,C869,2026-08-26T06:36:02.037Z,367.87,CANCELLED
ORD-2284,C1480,2026-07-19T02:59:39.554Z,646.50,PAID
ORD-2285,C701,2026-07-07T21:13:15.416Z,942.48,SHIPPED
ORD-2286,C693,2026-08-11T01:08:00.885Z,73.40,PENDING
ORD-2287,C1737,2026-07-29T15:10:43.071Z,675.79,CANCELLED
ORD-2288,C893,2026-08-03T05:33:44.600Z,989.90,PAID
ORD-2289,C1583,2026-08-01T17:23:15.183Z,161.47,SHIPPED
ORD-2290,C1815,2026-09-17T19:36:23.077Z,676.78,PENDING
ORD-2291,C1251,2026-09-09T06:55:01.691Z,924.55,CANCELLED
ORD-2292,C1672,2026-07-05T12:52:00.585Z,8.12,PAID
ORD-2293,C108,2026-07-30T20:18:06.994Z,556.04,SHIPPED
ORD-2294,C772,2026-08-28T05:03:36.112Z,968.46,PENDING
ORD-2295,C454,2026-07-26T11:43:41.004Z,551.31,CANCELLED
ORD-2296,C1189,2026-07-14T06:31:30.198Z,318.03,PAID
ORD-2297,C1024,2026-09-01T12:28:49.577Z,896.03,SHIPPED
ORD-2298,C1462,2026-07-03T20:34:51.385Z,101.22,PENDING
ORD-2299,C1228,2026-07-31T22:00:02.987Z,645.76,CANCELLED
ORD-2300,C540,2026-08-18T15:31:30.544Z,323.23,PAID
ORD-2301,C607,2026-08-02T14:37:42.814Z,72.70,SHIPPED
ORD-2302,C191,2026-07-19T06:44:47.705Z,882.71,PENDING
ORD-2303,C106,2026-09-04T03:25:48.965Z,239.69,CANCELLED
ORD-2304,C126,2026-09-30T18:42:28.789Z,454.52,PAID
ORD-2305,C1252,2026-09-29T20:01:01.496Z,833.07,SHIPPED
ORD-2306,C55,2026-09-16T21:26:45.061Z,337.43,PENDING
ORD-2307,C1262,2026-09-01T12:12:35.223Z,147.66,CANCELLED
ORD-2308,C1199,2026-09-05T03:43:05.238Z,716.99,PAID
ORD-2309,C1412,2026-07-16T04:33:04.595Z,920.49,SHIPPED
ORD-2310,C1189,2026-08-13T08:19:14.268Z,618.63,PENDING
ORD-2311,C635,2026-08-16T06:59:58.349Z,54.48,CANCELLED
ORD-2312,C705,2026-09-12T01:57:38.929Z,195.55,PAID
ORD-2313,C336,2026-08-31T04:34:29.725Z,961.78,SHIPPED
ORD-2314,C498,2026-08-11T02:32:07.199Z,157.20,PENDING
ORD-2315,C774,2026-08-04T20:28:56.858Z,714.78,CANCELLED
ORD-2316,C219,2026-09-06T05:14:26.692Z,562.54,PAID
ORD-2317,C1655,2026-09-22T00:39:04.792Z,15.23,SHIPPED
ORD-2318,C1895,2026-08-01T07:25:36.452Z,305.31,PENDING
ORD-2319,C1232,2026-08-18T21:12:00.947Z,877.62,CANCELLED
ORD-2320,C1733,2026-08-14T12:31:08.988Z,350.24,PAID
ORD-2321,C1929,2026-07-22T02:57:41.395Z,699.38,SHIPPED
ORD-2322,C525,2026-09-26T18:09:21.555Z,755.22,PENDING
ORD-2323,C619,2026-09-27T18:29:59.712Z,430.62,CANCELLED
ORD-2324,C490,2026-09-16T20:35:45.603Z,518.20,PAID
ORD-2325,C1868,2026-09-19T08:57:04.167Z,767.08,SHIPPED
ORD-2326,C510,2026-09-06T01:33:10.565Z,516.61,PENDING
ORD-2327,C477,2026-09-20T11:33:09.247Z,191.52,CANCELLED
ORD-2328,C356,2026-07-28T02:02:20.257Z,738.10,PAID
ORD-2329,C1905,2026-09-04T06:50:32.835Z,214.28,SHIPPED
ORD-2330,C1796,2026-08-17T11:07:07.922Z,975.39,PENDING
ORD-2331,C354,2026-08-28T18:15:56.771Z,15.84,CANCELLED
ORD-2332,C1879,2026-08-03T08:53:45.309Z,562.85,PAID
ORD-2333,C1341,2026-08-24T18:09:41.581Z,592.67,SHIPPED
ORD-2334,C994,2026-07-27T18:52:40.554Z,611.52,PENDING
ORD-2335,C111,2026-07-29T16:53:06.409Z,743.33,CANCELLED
ORD-2336,C471,2026-08-02T00:26:53.155Z,381.60,PAID
ORD-2337,C1218,2026-07-16T11:18:09.525Z,610.47,SHIPPED
ORD-2338,C216,2026-07-20T17:38:35.099Z,472.66,PENDING
ORD-2339,C1403,2026-09-20T22:45:13.259Z,671.41,CANCELLED
ORD-2340,C1398,2026-09-13T04:00:41.756Z,479.07,PAID
ORD-2341,C1802,2026-07-12T00:56:10.274Z,968.98,SHIPPED
ORD-2342,C1634,2026-07-31T16:50:05.749Z,458.11,PENDING
ORD-2343,C275,2026-08-26T19:16:06.266Z,905.07,CANCELLED
ORD-2344,C703,2026-08-05T13:00:35.245Z,508.87,PAID
ORD-2345,C3,2026-09-05T06:28:36.038Z,172.31,SHIPPED
ORD-2346,C994,2026-07-29T12:42:53.412Z,123.74,PENDING
ORD-2347,C1628,2026-09-02T08:55:39.365Z,332.79,CANCELLED
ORD-2348,C1986,2026-08-07T04:11:50.940Z,131.35,PAID
ORD-2349,C1731,2026-09-04T15:16:43.476Z,70.98,SHIPPED
ORD-2350,C1381,2026-07-10T16:49:13.018Z,266.68,PENDING
ORD-2351,C1104,2026-09-29T19:42:55.227Z,888.21,CANCELLED
ORD-2352,C586,2026-09-08T11:01:13.949Z,0.84,PAID
ORD-2353,C105,2026-09-25T19:30:14.003Z,315.71,SHIPPED
ORD-2354,C1617,2026-09-20T18:51:59.075Z,710.84,PENDING
ORD-2355,C878,2026-08-06T06:23:55.266Z,516.46,CANCELLED
ORD-2356,C917,2026-08-04T11:38:08.504Z,707.10,PAID
ORD-2357,C1726,2026-07-05T13:07:37.926Z,959.60,SHIPPED
ORD-2358,C1074,2026-08-26T12:57:29.068Z,262.65,PENDING
ORD-2359,C83,2026-07-07T05:04:21.625Z,574.57,CANCELLED
ORD-2360,C1172,2026-08-08T22:37:27.699Z,321.10,PAID
ORD-2361,C1083,2026-07-17T10:24:57.324Z,15.43,SHIPPED
ORD-2362,C335,2026-08-28T07:43:13.823Z,652.30,PENDING
ORD-2363,C1077,2026-09-06T01:54:08.976Z,600.95,CANCELLED
ORD-2364,C693,2026-07-25T13:31:22.170Z,218.71,PAID
ORD-2365,C147,2026-08-14T05:11:02.400Z,786.99,SHIPPED
ORD-2366,C1964,2026-08-30T07:39:18.713Z,717.37,PENDING
ORD-2367,C308,2026-08-30T10:59:23.565Z,32.57,CANCELLED
ORD-2368,C1282,2026-09-02T22:22:47.720Z,884.93,PAID
ORD-2369,C1493,2026-07-09T19:44:04.188Z,688.58,SHIPPED
ORD-2370,C1707,2026-08-18T14:14:13.389Z,288.37,PENDING
ORD-2371,C1658,2026-07-12T11:30:51.197Z,538.54,CANCELLED
ORD-2372,C201,2026-08-07T12:21:59.268Z,358.92,PAID
ORD-2373,C1561,2026-09-26T23:54:15.658Z,983.48,SHIPPED
ORD-2374,C106,2026-08-25T09:23:51.127Z,552.50,PENDING
ORD-2375,C1481,2026-08-08T15:30:39.102Z,834.54,CANCELLED
ORD-2376,C116,2026-07-26T20:51:52.762Z,31.29,PAID
ORD-2377,C1764,2026-08-12T02:07:24.220Z,72.21,SHIPPED
ORD-2378,C452,2026-09-25T01:51:59.036Z,198.54,PENDING
ORD-2379,C611,2026-09-22T14:16:47.499Z,66.15,CANCELLED
ORD-2380,C1014,2026-07-30T15:01:08.884Z,304.43,PAID
ORD-2381,C1139,2026-08-26T07:01:29.211Z,677.80,SHIPPED
ORD-2382,C395,2026-09-28T07:50:13.993Z,258.08,PENDING
ORD-2383,C1287,2026-08-11T17:46:45.703Z,23.65,CANCELLED
ORD-2384,C1375,2026-08-30T18:36:11.192Z,333.66,PAID
ORD-2385,C506,2026-09-19T18:34:41.851Z,379.64,SHIPPED
ORD-2386,C797,2026-07-10T14:38:22.823Z,338.77,PENDING
ORD-2387,C387,2026-09-28T05:26:28.670Z,163.62,CANCELLED
ORD-2388,C991,2026-08-01T21:46:53.601Z,143.11,PAID
ORD-2389,C176,2026-07-04T07:51:59.451Z,151.44,SHIPPED
ORD-2390,C919,2026-08-01T22:02:01.768Z,147.02,PENDING
ORD-2391,C8,2026-08-24T04:04:29.782Z,40.70,CANCELLED
ORD-2392,C1408,2026-08-22T23:14:02.925Z,189.97,PAID
ORD-2393,C642,2026-08-09T16:24:40.661Z,264.47,SHIPPED
ORD-2394,C1768,2026-09-26T12:23:17.683Z,478.25,PENDING
ORD-2395,C1826,2026-07-30T06:20:08.635Z,490.21,CANCELLED
ORD-2396,C643,2026-07-28T03:00:05.331Z,287.36,PAID
ORD-2397,C625,2026-08-25T15:47:15.951Z,727.54,SHIPPED
ORD-2398,C879,2026-07-22T05:05:19.459Z,479.60,PENDING
ORD-2399,C821,2026-09-28T06:11:02.363Z,499.33,CANCELLED
ORD-2400,C245,2026-09-28T16:24:06.164Z,400.31,PAID
ORD-2401,C29,2026-07-24T14:15:00.965Z,307.22,SHIPPED
ORD-2402,C1028,2026-08-28T03:31:34.024Z,239.46,PENDING
ORD-2403,C1877,2026-08-18T23:06:46.442Z,659.03,CANCELLED
ORD-2404,C941,2026-09-17T06:37:23.264Z,816.76,PAID
ORD-2405,C854,2026-09-04T11:59:49.019Z,8.16,SHIPPED
ORD-2406,C1280,2026-08-20T16:43:02.658Z,143.44,PENDING
ORD-2407,C1533,2026-07-10T11:58:10.949Z,729.68,CANCELLED
ORD-2408,C269,2026-08-08T12:14:10.488Z,585.38,PAID
ORD-2409,C588,2026-08-24T03:20:02.504Z,822.17,SHIPPED
ORD-2410,C669,2026-09-20T01:59:26.219Z,556.79,PENDING
ORD-2411,C816,2026-09-28T04:29:50.859Z,141.92,CANCELLED
ORD-2412,C1453,2026-08-20T08:34:28.045Z,510.47,PAID
ORD-2413,C305,2026-07-09T04:09:45.646Z,667.83,SHIPPED
ORD-2414,C1384,2026-08-11T19:54:21.403Z,536.98,PENDING
ORD-2415,C1423,2026-08-29T09:30:10.456Z,718.21,CANCELLED
ORD-2416,C1903,2026-08-03T21:09:11.416Z,200.12,PAID
ORD-2417,C1578,2026-07-24T08:50:36.817Z,48.25,SHIPPED
ORD-2418,C1658,2026-07-23T15:46:15.002Z,860.91,PENDING
ORD-2419,C1210,2026-09-26T13:49:00.873Z,823.65,CANCELLED
ORD-2420,C1415,2026-07-07T04:06:57.151Z,604.91,PAID
ORD-2421,C142,2026-07-20T04:41:19.174Z,225.58,SHIPPED
ORD-2422,C475,2026-08-15T12:55:57.210Z,755.63,PENDING
ORD-2423,C1021,2026-09-14T15:04:38.340Z,197.39,CANCELLED
ORD-2424,C1020,2026-09-15T16:58:21.832Z,841.91,PAID
ORD-2425,C560,2026-08-12T13:03:10.716Z,438.61,SHIPPED
ORD-2426,C1244,2026-07-04T23:34:06.836Z,901.99,PENDING
ORD-2427,C26,2026-07-09T11:43:51.420Z,402.21,CANCELLED
ORD-2428,C100,2026-09-27T03:43:48.768Z,674.27,PAID
ORD-2429,C798,2026-08-26T13:07:47.741Z,951.37,SHIPPED
ORD-2430,C788,2026-07-11T23:56:02.540Z,335.53,PENDING
ORD-2431,C122,2026-07-28T23:15:30.789Z,475.71,CANCELLED
ORD-2432,C22,2026-07-20T08:06:45.646Z,129.38,PAID
ORD-2433,C1277,2026-09-02T16:38:32.336Z,315.46,SHIPPED
ORD-2434,C1198,2026-09-17T12:04:38.406Z,649.77,PENDING
ORD-2435,C89,2026-09-04T07:14:23.276Z,479.08,CANCELLED
ORD-2436,C46,2026-09-20T06:48:30.984Z,444.10,PAID
ORD-2437,C365,2026-09-05T07:34:07.979Z,101.04,SHIPPED
ORD-2438,C188,2026-08-19T17:11:33.045Z,544.26,PENDING
ORD-2439,C1166,2026-09-12T18:40:33.481Z,687.61,CANCELLED
ORD-2440,C734,2026-08-14T22:26:24.558Z,923.15,PAID
ORD-2441,C228,2026-08-20T03:09:50.882Z,433.74,SHIPPED
ORD-2442,C468,2026-09-26T09:11:48.176Z,668.49,PENDING
ORD-2443,C1190,2026-09-30T20:44:18.863Z,813.30,CANCELLED
ORD-2444,C665,2026-08-23T01:48:17.719Z,24.14,PAID
ORD-2445,C1994,2026-10-01T02:42:35.537Z,30.85,SHIPPED
ORD-2446,C307,2026-09-16T07:40:20.377Z,904.57,PENDING
ORD-2447,C216,2026-08-22T05:37:40.573Z,761.50,CANCELLED
ORD-2448,C1233,2026-07-14T13:23:03.287Z,423.15,PAID
ORD-2449,C1465,2026-08-30T04:40:59.479Z,276.42,SHIPPED
ORD-2450,C824,2026-07-09T11:11:55.639Z,528.75,PENDING
ORD-2451,C1812,2026-08-23T08:39:22.446Z,81.64,CANCELLED
ORD-2452,C920,2026-08-19T19:52:27.789Z,767.70,PAID
ORD-2453,C362,2026-08-12T16:46:19.629Z,120.44,SHIPPED
ORD-2454,C751,2026-09-04T04:36:58.246Z,803.00,PENDING
ORD-2455,C788,2026-08-06T03:16:25.670Z,474.03,CANCELLED
ORD-2456,C1694,2026-09-10T13:20:23.916Z,205.89,PAID
ORD-2457,C1322,2026-07-07T02:11:57.854Z,835.03,SHIPPED
ORD-2458,C1919,2026-07-26T17:48:42.395Z,106.39,PENDING
ORD-2459,C1223,2026-09-08T08:55:51.697Z,281.79,CANCELLED
ORD-2460,C1743,2026-09-14T03:59:57.035Z,502.30,PAID
ORD-2461,C1149,2026-09-30T21:15:07.356Z,974.79,SHIPPED
ORD-2462,C1784,2026-08-13T16:11:47.894Z,19.04,PENDING
ORD-2463,C1702,2026-08-23T00:33:55.482Z,510.47,CANCELLED
ORD-2464,C250,2026-09-17T20:42:12.134Z,922.29,PAID
ORD-2465,C1401,2026-08-10T19:51:02.600Z,846.13,SHIPPED
ORD-2466,C939,2026-09-05T17:04:39.349Z,758.22,PENDING
ORD-2467,C757,2026-07-31T03:48:40.886Z,986.65,CANCELLED
ORD-2468,C1656,2026-07-28T17:10:35.102Z,731.48,PAID
ORD-2469,C1601,2026-09-25T00:20:03.399Z,171.86,SHIPPED
ORD-2470,C261,2026-09-24T02:16:34.649Z,972.82,PENDING
ORD-2471,C1786,2026-09-22T04:41:51.532Z,43.80,CANCELLED
ORD-2472,C204,2026-08-10T06:11:35.377Z,562.01,PAID
ORD-2473,C1270,2026-09-24T14:41:26.604Z,50.97,SHIPPED
ORD-2474,C1959,2026-07-08T15:58:49.020Z,758.89,PENDING
ORD-2475,C1929,2026-09-02T11:07:06.243Z,347.66,CANCELLED
ORD-2476,C1443,2026-07-11T21:07:48.202Z,879.89,PAID
ORD-2477,C880,2026-07-05T13:58:03.706Z,233.09,SHIPPED
ORD-2478,C1857,2026-09-29T00:27:26.087Z,492.84,PENDING
ORD-2479,C544,2026-07-24T21:57:45.314Z,141.24,CANCELLED
ORD-2480,C1685,2026-07-12T01:54:06.785Z,701.95,PAID
ORD-2481,C1277,2026-08-13T18:18:29.055Z,817.03,SHIPPED
ORD-2482,C334,2026-07-11T05:32:05.208Z,952.59,PENDING
ORD-2483,C1318,2026-07-21T20:44:18.189Z,838.97,CANCELLED
ORD-2484,C228,2026-09-06T16:59:12.680Z,244.01,PAID
ORD-2485,C1967,2026-08-12T10:09:38.817Z,569.40,SHIPPED
ORD-2486,C428,2026-07-21T04:32:49.436Z,169.86,PENDING
ORD-2487,C1256,2026-09-15T03:06:06.772Z,279.51,CANCELLED
ORD-2488,C1915,2026-07-26T12:11:21.561Z,930.44,PAID
ORD-2489,C1474,2026-08-01T15:33:24.985Z,149.86,SHIPPED
ORD-2490,C192,2026-07-09T16:24:50.454Z,889.94,PENDING
ORD-2491,C370,2026-08-09T22:05:41.352Z,305.80,CANCELLED
ORD-2492,C1464,2026-07-04T15:24:01.473Z,626.73,PAID
ORD-2493,C890,2026-09-11T16:43:30.765Z,164.77,SHIPPED
ORD-2494,C1097,2026-07-27T14:30:07.796Z,80.57,PENDING
ORD-2495,C38,2026-09-18T09:47:24.094Z,278.71,CANCELLED
ORD-2496,C594,2026-09-21T03:39:30.933Z,319.29,PAID
ORD-2497,C234,2026-07-23T10:41:04.381Z,912.47,SHIPPED
ORD-2498,C182,2026-07-22T02:39:44.429Z,901.13,PENDING
ORD-2499,C1088,2026-07-05T16:47:37.055Z,756.63,CANCELLED
ORD-2500,C1223,2026-07-20T09:35:19.170Z,374.67,PAID
ORD-2501,C836,2026-08-12T18:11:45.478Z,529.24,SHIPPED
ORD-2502,C875,2026-09-21T09:28:14.636Z,772.21,PENDING
ORD-2503,C463,2026-07-15T14:58:58.494Z,827.93,CANCELLED
ORD-2504,C284,2026-08-16T04:33:54.618Z,71.25,PAID
ORD-2505,C1799,2026-09-29T03:30:03.694Z,287.65,SHIPPED
ORD-2506,C987,2026-09-18T15:13:52.969Z,884.44,PENDING
ORD-2507,C257,2026-08-10T16:53:17.319Z,306.82,CANCELLED
ORD-2508,C1929,2026-09-28T19:24:25.460Z,44.17,PAID
ORD-2509,C527,2026-09-05T02:54:22.455Z,34.69,SHIPPED
ORD-2510,C266,2026-07-05T02:35:30.659Z,445.80,PENDING
ORD-2511,C1724,2026-09-29T10:37:49.007Z,189.65,CANCELLED
ORD-2512,C1483,2026-07-26T18:01:02.513Z,560.22,PAID
ORD-2513,C1085,2026-07-24T17:19:10.347Z,255.13,SHIPPED
ORD-2514,C1366,2026-08-18T15:14:17.924Z,21.00,PENDING
ORD-2515,C745,2026-07-05T00:51:38.802Z,448.49,CANCELLED
ORD-2516,C1416,2026-08-17T09:56:07.517Z,920.06,PAID
ORD-2517,C1782,2026-09-26T17:05:35.919Z,447.71,SHIPPED
ORD-2518,C1544,2026-07-22T19:46:21.980Z,907.87,PENDING
ORD-2519,C576,2026-07-12T11:47:18.610Z,653.07,CANCELLED
ORD-2520,C445,2026-08-26T19:04:07.139Z,845.90,PAID
ORD-2521,C212,2026-07-22T19:07:11.957Z,929.55,SHIPPED
ORD-2522,C1350,2026-09-12T22:09:03.616Z,177.69,PENDING
ORD-2523,C743,2026-08-25T19:00:22.494Z,152.54,CANCELLED
ORD-2524,C122,2026-08-08T23:15:30.661Z,577.45,PAID
ORD-2525,C438,2026-09-23T11:49:47.267Z,23.19,SHIPPED
ORD-2526,C423,2026-08-05T15:32:40.861Z,905.89,PENDING
ORD-2527,C1793,2026-07-14T18:28:00.439Z,666.99,CANCELLED
ORD-2528,C1919,2026-08-09T04:20:42.947Z,767.62,PAID
ORD-2529,C1471,2026-08-29T18:04:05.457Z,953.00,SHIPPED
ORD-2530,C129,2026-09-19T14:06:33.750Z,515.80,PENDING
ORD-2531,C1521,2026-09-10T23:46:49.002Z,24.37,CANCELLED
ORD-2532,C158,2026-07-21T15:36:52.123Z,65.50,PAID
ORD-2533,C284,2026-08-06T19:17:17.318Z,101.15,SHIPPED
ORD-2534,C886,2026-09-20T02:13:10.417Z,90.94,PENDING
ORD-2535,C1920,2026-07-22T06:59:53.736Z,37.09,CANCELLED
ORD-2536,C677,2026-09-07T02:00:43.445Z,64.27,PAID
ORD-2537,C1338,2026-07-23T03:51:20.911Z,564.78,SHIPPED
ORD-2538,C118,2026-08-17T17:01:50.995Z,848.98,PENDING
ORD-2539,C1104,2026-08-10T05:50:16.834Z,237.09,CANCELLED
ORD-2540,C638,2026-09-09T11:36:00.413Z,175.48,PAID
ORD-2541,C1417,2026-09-11T10:02:07.367Z,273.10,SHIPPED
ORD-2542,C1189,2026-08-03T18:56:25.391Z,371.73,PENDING
ORD-2543,C144,2026-09-29T21:39:12.991Z,295.14,CANCELLED
ORD-2544,C1787,2026-09-18T10:13:23.870Z,831.08,PAID
ORD-2545,C1937,2026-09-05T15:29:57.464Z,685.51,SHIPPED
ORD-2546,C1222,2026-09-26T09:19:26.196Z,253.67,PENDING
ORD-2547,C1652,2026-07-10T23:51:54.775Z,733.21,CANCELLED
ORD-2548,C1645,2026-09-15T14:53:35.925Z,234.69,PAID
ORD-2549,C1896,2026-09-12T04:46:57.989Z,711.44,SHIPPED
ORD-2550,C1239,2026-09-30T02:14:42.872Z,602.22,PENDING
ORD-2551,C1294,2026-07-06T22:29:11.499Z,71.34,CANCELLED
ORD-2552,C1689,2026-08-16T23:01:07.107Z,218.10,PAID
ORD-2553,C1795,2026-07-27T00:52:04.364Z,856.05,SHIPPED
ORD-2554,C314,2026-08-01T03:18:43.439Z,757.88,PENDING
ORD-2555,C611,2026-07-12T13:29:21.122Z,82.33,CANCELLED
ORD-2556,C967,2026-08-11T01:00:18.532Z,431.14,PAID
ORD-2557,C1117,2026-09-03T02:51:11.346Z,52.83,SHIPPED
ORD-2558,C518,2026-07-30T11:26:35.241Z,531.00,PENDING
ORD-2559,C248,2026-08-18T10:50:14.764Z,48.43,CANCELLED
ORD-2560,C1602,2026-08-18T09:48:03.852Z,338.41,PAID
ORD-2561,C570,2026-09-04T12:33:43.488Z,388.33,SHIPPED
ORD-2562,C59,2026-09-18T14:33:43.583Z,942.67,PENDING
ORD-2563,C424,2026-07-03T18:03:19.096Z,2.64,CANCELLED
ORD-2564,C1984,2026-07-16T18:47:25.840Z,10.85,PAID
ORD-2565,C389,2026-07-15T06:44:34.667Z,823.81,SHIPPED
ORD-2566,C1849,2026-07-31T19:04:59.104Z,913.29,PENDING
ORD-2567,C1570,2026-07-07T03:59:54.210Z,577.22,CANCELLED
ORD-2568,C185,2026-08-06T08:42:13.746Z,550.16,PAID
ORD-2569,C564,2026-07-20T23:52:47.506Z,139.39,SHIPPED
ORD-2570,C611,2026-07-26T04:47:15.985Z,435.28,PENDING
ORD-2571,C1406,2026-07-11T23:10:44.850Z,953.77,CANCELLED
ORD-2572,C1053,2026-08-10T01:02:28.171Z,200.16,PAID
ORD-2573,C745,2026-08-14T21:58:19.789Z,829.41,SHIPPED
ORD-2574,C1542,2026-07-12T19:31:03.796Z,941.91,PENDING
ORD-2575,C1404,2026-09-15T01:35:39.552Z,513.00,CANCELLED
ORD-2576,C826,2026-08-29T15:36:02.689Z,474.97,PAID
ORD-2577,C735,2026-07-18T00:38:34.453Z,264.56,SHIPPED
ORD-2578,C69,2026-07-24T11:39:39.449Z,132.02,PENDING
ORD-2579,C1388,2026-07-08T08:49:50.405Z,879.34,CANCELLED
ORD-2580,C502,2026-09-21T04:49:49.878Z,199.83,PAID
ORD-2581,C1459,2026-08-04T07:34:02.501Z,973.24,SHIPPED
ORD-2582,C1758,2026-07-05T11:27:14.019Z,239.28,PENDING
ORD-2583,C483,2026-09-14T14:18:52.871Z,923.92,CANCELLED
ORD-2584,C716,2026-08-07T18:34:09.886Z,579.39,PAID
ORD-2585,C1064,2026-08-11T14:16:32.275Z,617.41,SHIPPED
ORD-2586,C476,2026-09-08T08:15:03.463Z,968.10,PENDING
ORD-2587,C293,2026-08-07T03:24:52.866Z,24.67,CANCELLED
ORD-2588,C1312,2026-08-03T11:49:51.207Z,686.25,PAID
ORD-2589,C1320,2026-09-11T04:12:07.190Z,298.68,SHIPPED
ORD-2590,C96,2026-08-23T11:23:55.503Z,859.46,PENDING
ORD-2591,C1577,2026-09-02T12:57:26.793Z,162.05,CANCELLED
ORD-2592,C416,2026-07-14T08:00:00.793Z,821.00,PAID
ORD-2593,C437,2026-08-05T01:54:56.537Z,978.12,SHIPPED
ORD-2594,C178,2026-08-12T03:55:09.861Z,764.88,PENDING
ORD-2595,C381,2026-09-27T17:46:12.259Z,57.11,CANCELLED
ORD-2596,C18,2026-09-06T00:40:16.306Z,116.74,PAID
ORD-2597,C756,2026-08-22T18:04:33.619Z,955.09,SHIPPED
ORD-2598,C646,2026-09-07T03:14:10.472Z,547.91,PENDING
ORD-2599,C1419,2026-07-08T12:58:50.955Z,230.38,CANCELLED
ORD-2600,C1226,2026-09-16T16:31:22.686Z,594.36,PAID
ORD-2601,C1112,2026-09-11T00:54:14.593Z,574.24,SHIPPED
ORD-2602,C7,2026-07-27T05:36:31.087Z,230.97,PENDING
ORD-2603,C1756,2026-09-12T23:18:32.716Z,444.97,CANCELLED
ORD-2604,C1466,2026-09-29T00:48:55.518Z,212.69,PAID
ORD-2605,C639,2026-10-01T04:11:28.932Z,234.69,SHIPPED
ORD-2606,C419,2026-09-20T11:49:19.383Z,110.72,PENDING
ORD-2607,C1923,2026-08-23T21:25:20.324Z,43.54,CANCELLED
ORD-2608,C464,2026-08-14T09:20:43.147Z,113.54,PAID
ORD-2609,C890,2026-08-16T19:34:03.245Z,596.38,SHIPPED
ORD-2610,C995,2026-09-20T16:49:51.862Z,118.58,PENDING
ORD-2611,C1039,2026-08-06T08:02:51.904Z,761.28,CANCELLED
ORD-2612,C1692,2026-07-12T15:17:09.913Z,678.47,PAID
ORD-2613,C1834,2026-07-26T06:10:36.857Z,777.20,SHIPPED
ORD-2614,C589,2026-07-03T15:04:00.454Z,835.80,PENDING
ORD-2615,C783,2026-08-21T07:44:36.142Z,956.97,CANCELLED
ORD-2616,C1260,2026-07-22T04:12:04.551Z,688.30,PAID
ORD-2617,C457,2026-08-03T21:37:08.950Z,660.27,SHIPPED
ORD-2618,C606,2026-08-25T17:34:41.108Z,265.18,PENDING
ORD-2619,C1605,2026-09-12T19:31:33.817Z,203.32,CANCELLED
ORD-2620,C107,2026-07-11T08:05:45.102Z,708.40,PAID
ORD-2621,C466,2026-09-26T10:45:24.543Z,316.43,SHIPPED
ORD-2622,C1205,2026-08-02T22:15:58.015Z,312.23,PENDING
ORD-2623,C1872,2026-09-11T07:48:45.782Z,274.09,CANCELLED
ORD-2624,C1800,2026-09-26T16:14:49.278Z,994.53,PAID
ORD-2625,C592,2026-09-16T23:06:49.941Z,884.43,SHIPPED
ORD-2626,C306,2026-09-23T10:49:07.900Z,813.58,PENDING
ORD-2627,C899,2026-07-10T15:34:49.651Z,917.78,CANCELLED
ORD-2628,C1552,2026-07-14T06:45:39.451Z,393.73,PAID
ORD-2629,C847,2026-08-10T22:05:45.051Z,96.11,SHIPPED
ORD-2630,C402,2026-07-10T05:30:39.970Z,623.39,PENDING
ORD-2631,C1643,2026-08-19T09:02:19.809Z,785.16,CANCELLED
ORD-2632,C746,2026-09-09T11:07:40.946Z,508.04,PAID
ORD-2633,C1352,2026-09-06T21:09:53.843Z,335.86,SHIPPED
ORD-2634,C1957,2026-09-08T13:59:28.394Z,475.18,PENDING
ORD-2635,C358,2026-09-03T17:17:47.568Z,155.18,CANCELLED
ORD-2636,C1127,2026-07-10T21:45:45.231Z,844.45,PAID
ORD-2637,C678,2026-08-13T12:35:37.317Z,921.31,SHIPPED
ORD-2638,C264,2026-07-08T02:32:43.180Z,682.83,PENDING
ORD-2639,C543,2026-07-15T16:32:13.617Z,378.38,CANCELLED
ORD-2640,C280,2026-08-26T18:38:24.496Z,665.24,PAID
ORD-2641,C716,2026-07-17T10:19:04.064Z,240.31,SHIPPED
ORD-2642,C1226,2026-09-06T17:16:25.013Z,959.86,PENDING
ORD-2643,C647,2026-08-06T19:32:34.493Z,525.62,CANCELLED
ORD-2644,C1020,2026-07-27T15:16:29.052Z,498.31,PAID
ORD-2645,C1205,2026-09-29T22:47:41.706Z,324.48,SHIPPED
ORD-2646,C1674,2026-08-16T13:13:35.855Z,570.43,PENDING
ORD-2647,C1020,2026-07-25T00:29:28.319Z,884.22,CANCELLED
ORD-2648,C68,2026-08-20T06:22:08.813Z,61.34,PAID
ORD-2649,C1788,2026-09-22T02:25:45.903Z,371.16,SHIPPED
ORD-2650,C311,2026-09-22T08:35:18.659Z,59.94,PENDING
ORD-2651,C1787,2026-07-20T12:49:09.348Z,991.17,CANCELLED
ORD-2652,C249,2026-09-30T11:47:00.020Z,524.19,PAID
ORD-2653,C243,2026-07-14T19:50:49.554Z,275.68,SHIPPED
ORD-2654,C698,2026-07-13T21:34:27.712Z,591.80,PENDING
ORD-2655,C1615,2026-08-07T20:38:37.027Z,560.05,CANCELLED
ORD-2656,C1803,2026-08-28T22:46:09.807Z,484.35,PAID
ORD-2657,C1533,2026-08-02T12:00:11.068Z,951.00,SHIPPED
ORD-2658,C1718,2026-09-15T08:48:00.304Z,865.01,PENDING
ORD-2659,C1171,2026-07-13T09:14:59.451Z,90.48,CANCELLED
ORD-2660,C370,2026-09-10T19:31:39.593Z,899.21,PAID
ORD-2661,C1905,2026-09-18T08:27:58.543Z,254.77,SHIPPED
ORD-2662,C743,2026-07-24T22:07:17.361Z,660.54,PENDING
ORD-2663,C1573,2026-07-17T01:38:26.450Z,361.63,CANCELLED
ORD-2664,C1653,2026-07-22T21:04:48.776Z,580.52,PAID
ORD-2665,C1110,2026-07-09T22:43:09.077Z,355.52,SHIPPED
ORD-2666,C695,2026-07-23T03:01:55.267Z,771.48,PENDING
ORD-2667,C1168,2026-08-26T11:59:18.921Z,462.96,CANCELLED
ORD-2668,C225,2026-07-14T18:53:13.403Z,957.60,PAID
ORD-2669,C1079,2026-09-25T10:28:42.333Z,562.32,SHIPPED
ORD-2670,C121,2026-07-25T21:16:48.815Z,525.60,PENDING
ORD-2671,C956,2026-09-26T10:42:05.773Z,867.52,CANCELLED
ORD-2672,C732,2026-08-28T04:56:59.053Z,266.90,PAID
ORD-2673,C844,2026-07-15T22:31:18.529Z,163.58,SHIPPED
ORD-2674,C952,2026-09-11T12:57:46.316Z,203.88,PENDING
ORD-2675,C347,2026-08-11T00:30:30.829Z,674.55,CANCELLED
ORD-2676,C1221,2026-09-06T23:51:14.175Z,868.69,PAID
ORD-2677,C1584,2026-07-07T14:48:55.289Z,131.88,SHIPPED
ORD-2678,C1843,2026-09-20T13:16:49.991Z,617.61,PENDING
ORD-2679,C78,2026-09-04T17:35:50.719Z,317.99,CANCELLED
ORD-2680,C1151,2026-08-17T08:01:34.931Z,266.09,PAID
ORD-2681,C1436,2026-09-04T05:01:37.933Z,159.23,SHIPPED
ORD-2682,C783,2026-08-23T20:10:22.098Z,121.22,PENDING
ORD-2683,C1435,2026-07-25T18:53:25.736Z,268.53,CANCELLED
ORD-2684,C1676,2026-09-01T02:32:33.804Z,293.24,PAID
ORD-2685,C1873,2026-07-27T13:37:30.526Z,316.07,SHIPPED
ORD-2686,C308,2026-09-08T23:29:29.610Z,244.98,PENDING
ORD-2687,C253,2026-08-11T21:19:52.200Z,824.15,CANCELLED
ORD-2688,C1737,2026-08-16T12:13:05.044Z,717.82,PAID
ORD-2689,C1824,2026-08-08T19:40:54.754Z,715.38,SHIPPED
ORD-2690,C1681,2026-07-06T22:50:49.453Z,84.61,PENDING
ORD-2691,C509,2026-08-13T14:00:50.627Z,864.14,CANCELLED
ORD-2692,C1534,2026-09-30T21:43:54.281Z,675.95,PAID
ORD-2693,C857,2026-07-04T19:09:45.292Z,459.78,SHIPPED
ORD-2694,C434,2026-08-10T01:15:30.593Z,499.89,PENDING
ORD-2695,C1470,2026-09-17T01:19:48.482Z,812.91,CANCELLED
ORD-2696,C1964,2026-08-19T23:51:30.609Z,114.72,PAID
ORD-2697,C515,2026-09-10T09:45:48.470Z,840.20,SHIPPED
ORD-2698,C1614,2026-09-01T18:14:40.975Z,240.99,PENDING
ORD-2699,C50,2026-08-16T05:25:06.356Z,237.18,CANCELLED
ORD-2700,C269,2026-08-05T13:20:01.721Z,570.23,PAID
ORD-2701,C543,2026-08-25T15:25:58.302Z,350.40,SHIPPED
ORD-2702,C865,2026-07-29T01:01:50.592Z,892.00,PENDING
ORD-2703,C1523,2026-09-03T09:37:30.947Z,837.99,CANCELLED
ORD-2704,C690,2026-07-06T19:32:25.381Z,482.97,PAID
ORD-2705,C1487,2026-08-26T11:35:25.436Z,702.60,SHIPPED
ORD-2706,C868,2026-08-05T01:10:05.339Z,289.04,PENDING
ORD-2707,C425,2026-09-14T09:21:05.379Z,517.45,CANCELLED
ORD-2708,C401,2026-07-11T23:33:38.547Z,534.25,PAID
ORD-2709,C1644,2026-09-28T22:10:05.731Z,446.19,SHIPPED
ORD-2710,C117,2026-08-08T12:32:29.717Z,807.49,PENDING
ORD-2711,C16,2026-09-11T04:34:08.380Z,523.18,CANCELLED
ORD-2712,C951,2026-07-21T21:29:27.128Z,353.52,PAID
ORD-2713,C811,2026-09-30T20:21:38.960Z,381.08,SHIPPED
ORD-2714,C1172,2026-09-17T20:54:51.243Z,53.54,PENDING
ORD-2715,C512,2026-09-30T07:13:48.914Z,638.12,CANCELLED
ORD-2716,C1243,2026-09-24T12:10:37.568Z,615.84,PAID
ORD-2717,C81,2026-07-10T00:48:27.261Z,438.66,SHIPPED
ORD-2718,C649,2026-09-05T22:46:06.818Z,639.73,PENDING
ORD-2719,C568,2026-07-22T18:14:09.579Z,471.16,CANCELLED
ORD-2720,C74,2026-08-23T13:31:11.031Z,131.62,PAID
ORD-2721,C129,2026-09-30T09:32:09.112Z,237.63,SHIPPED
ORD-2722,C636,2026-08-16T01:03:25.119Z,959.16,PENDING
ORD-2723,C368,2026-08-26T01:49:36.432Z,346.40,CANCELLED
ORD-2724,C161,2026-08-27T02:10:23.017Z,886.35,PAID
ORD-2725,C1674,2026-07-11T05:55:52.936Z,537.14,SHIPPED
ORD-2726,C394,2026-08-08T04:37:44.849Z,330.91,PENDING
ORD-2727,C1860,2026-09-11T06:32:49.801Z,394.76,CANCELLED
ORD-2728,C1677,2026-09-21T22:17:04.708Z,577.54,PAID
ORD-2729,C866,2026-09-06T10:45:43.910Z,538.76,SHIPPED
ORD-2730,C440,2026-08-08T19:11:27.849Z,555.68,PENDING
ORD-2731,C1911,2026-08-21T00:18:46.258Z,844.49,CANCELLED
ORD-2732,C1414,2026-08-30T20:18:33.053Z,108.65,PAID
ORD-2733,C1195,2026-08-24T05:30:35.194Z,544.04,SHIPPED
ORD-2734,C1203,2026-08-15T18:35:59.776Z,178.55,PENDING
ORD-2735,C1547,2026-07-18T08:34:07.292Z,942.88,CANCELLED
ORD-2736,C1137,2026-07-17T13:25:35.792Z,500.70,PAID
ORD-2737,C775,2026-09-27T11:59:14.396Z,89.74,SHIPPED
ORD-2738,C940,2026-08-24T02:11:14.410Z,404.21,PENDING
ORD-2739,C871,2026-08-27T15:39:43.130Z,213.05,CANCELLED
ORD-2740,C145,2026-09-05T08:24:38.861Z,431.49,PAID
ORD-2741,C337,2026-08-26T06:31:54.608Z,419.19,SHIPPED
ORD-2742,C990,2026-09-18T23:29:49.552Z,100.44,PENDING
ORD-2743,C457,2026-07-10T04:19:10.845Z,872.01,CANCELLED
ORD-2744,C2000,2026-07-31T15:27:25.496Z,458.93,PAID
ORD-2745,C962,2026-09-22T13:29:37.736Z,265.80,SHIPPED
ORD-2746,C700,2026-07-11T01:58:12.323Z,408.92,PENDING
ORD-2747,C895,2026-09-08T18:48:01.244Z,303.39,CANCELLED
ORD-2748,C1938,2026-07-08T08:58:32.370Z,682.09,PAID
ORD-2749,C1961,2026-09-16T18:09:50.340Z,230.74,SHIPPED
ORD-2750,C1989,2026-08-07T07:39:41.364Z,228.14,PENDING
ORD-2751,C1793,2026-09-23T15:13:11.728Z,231.52,CANCELLED
ORD-2752,C1404,2026-08-05T13:57:00.507Z,85.24,PAID
ORD-2753,C784,2026-08-01T10:48:37.679Z,122.05,SHIPPED
ORD-2754,C1588,2026-10-01T00:33:05.796Z,45.30,PENDING
ORD-2755,C1174,2026-08-20T22:16:30.348Z,546.63,CANCELLED
ORD-2756,C672,2026-09-10T22:23:59.129Z,976.10,PAID
ORD-2757,C1559,2026-09-22T08:51:34.043Z,745.89,SHIPPED
ORD-2758,C1758,2026-08-06T17:29:42.719Z,418.39,PENDING
ORD-2759,C1046,2026-07-28T06:51:55.695Z,289.88,CANCELLED
ORD-2760,C83,2026-09-19T23:08:18.358Z,294.06,PAID
ORD-2761,C733,2026-07-13T17:34:22.611Z,585.86,SHIPPED
ORD-2762,C1900,2026-08-06T12:46:41.338Z,614.76,PENDING
ORD-2763,C567,2026-08-26T22:55:13.043Z,522.32,CANCELLED
ORD-2764,C1820,2026-09-06T10:19:34.139Z,462.54,PAID
ORD-2765,C977,2026-08-04T02:25:36.897Z,174.77,SHIPPED
ORD-2766,C1520,2026-09-30T09:57:23.114Z,398.58,PENDING
ORD-2767,C1677,2026-08-27T00:56:30.570Z,502.50,CANCELLED
ORD-2768,C1188,2026-09-18T01:14:24.941Z,651.25,PAID
ORD-2769,C738,2026-09-07T16:28:31.783Z,305.79,SHIPPED
ORD-2770,C728,2026-07-13T03:03:57.056Z,261.94,PENDING
ORD-2771,C1565,2026-09-08T21:15:10.130Z,860.41,CANCELLED
ORD-2772,C477,2026-08-29T02:24:49.671Z,687.39,PAID
ORD-2773,C717,2026-09-25T04:24:34.115Z,521.36,SHIPPED
ORD-2774,C484,2026-08-24T08:56:57.084Z,929.62,PENDING
ORD-2775,C1939,2026-07-14T15:55:32.227Z,797.94,CANCELLED
ORD-2776,C1749,2026-08-26T13:04:25.868Z,288.20,PAID
ORD-2777,C675,2026-07-11T11:57:17.484Z,750.14,SHIPPED
ORD-2778,C1014,2026-08-18T17:22:46.019Z,975.34,PENDING
ORD-2779,C1386,2026-09-02T00:50:35.714Z,54.11,CANCELLED
ORD-2780,C1650,2026-08-01T16:01:46.485Z,361.73,PAID
ORD-2781,C1594,2026-07-16T05:19:13.964Z,474.04,SHIPPED
ORD-2782,C1600,2026-08-06T23:22:01.010Z,762.41,PENDING
ORD-2783,C892,2026-08-28T07:39:54.032Z,14.33,CANCELLED
ORD-2784,C1982,2026-09-23T08:12:06.087Z,451.81,PAID
ORD-2785,C883,2026-08-29T17:03:03.708Z,687.56,SHIPPED
ORD-2786,C1579,2026-09-18T08:18:14.387Z,957.35,PENDING
ORD-2787,C432,2026-09-13T20:46:57.459Z,889.09,CANCELLED
ORD-2788,C717,2026-07-04T18:13:00.494Z,226.84,PAID
ORD-2789,C802,2026-08-31T11:20:44.629Z,78.55,SHIPPED
ORD-2790,C1278,2026-09-24T10:38:33.320Z,621.86,PENDING
ORD-2791,C918,2026-07-08T19:11:57.020Z,923.80,CANCELLED
ORD-2792,C1536,2026-07-20T12:40:14.714Z,883.06,PAID
ORD-2793,C460,2026-08-02T05:24:38.411Z,640.77,SHIPPED
ORD-2794,C44,2026-08-18T10:16:37.703Z,471.71,PENDING
ORD-2795,C679,2026-07-31T06:36:10.604Z,483.32,CANCELLED
ORD-2796,C1160,2026-08-28T07:37:13.904Z,506.37,PAID
ORD-2797,C1321,2026-08-28T04:26:58.508Z,665.80,SHIPPED
ORD-2798,C1405,2026-08-04T16:19:58.878Z,102.72,PENDING
ORD-2799,C506,2026-09-18T07:42:57.997Z,835.22,CANCELLED
ORD-2800,C30,2026-08-27T17:44:55.967Z,54.16,PAID
ORD-2801,C54,2026-07-20T10:21:28.780Z,965.15,SHIPPED
ORD-2802,C442,2026-08-22T19:07:00.719Z,286.50,PENDING
ORD-2803,C481,2026-09-30T05:18:01.119Z,753.84,CANCELLED
ORD-2804,C213,2026-07-16T15:10:22.942Z,178.02,PAID
ORD-2805,C943,2026-09-30T23:12:44.150Z,148.99,SHIPPED
ORD-2806,C952,2026-08-08T09:20:00.948Z,817.97,PENDING
ORD-2807,C1692,2026-08-09T18:50:21.406Z,603.59,CANCELLED
ORD-2808,C560,2026-08-11T09:13:29.031Z,55.66,PAID
ORD-2809,C991,2026-07-10T02:29:34.169Z,422.86,SHIPPED
ORD-2810,C490,2026-07-05T05:07:32.201Z,119.14,PENDING
ORD-2811,C211,2026-07-15T20:42:35.532Z,841.48,CANCELLED
ORD-2812,C1919,2026-08-06T11:07:26.692Z,695.45,PAID
ORD-2813,C1043,2026-08-31T00:02:13.537Z,610.15,SHIPPED
ORD-2814,C503,2026-09-30T15:17:39.285Z,771.03,PENDING
ORD-2815,C1838,2026-07-30T08:54:35.120Z,911.45,CANCELLED
ORD-2816,C835,2026-09-16T10:13:39.066Z,822.54,PAID
ORD-2817,C556,2026-08-17T07:35:39.485Z,275.08,SHIPPED
ORD-2818,C74,2026-07-29T15:00:38.210Z,792.17,PENDING
ORD-2819,C1795,2026-07-22T00:38:29.843Z,438.53,CANCELLED
ORD-2820,C94,2026-09-01T04:35:50.662Z,617.12,PAID
ORD-2821,C638,2026-08-17T07:13:21.891Z,365.03,SHIPPED
ORD-2822,C965,2026-08-26T17:06:35.406Z,699.05,PENDING
ORD-2823,C119,2026-09-19T12:49:59.816Z,787.50,CANCELLED
ORD-2824,C9,2026-07-13T09:35:52.253Z,143.83,PAID
ORD-2825,C541,2026-09-15T09:47:26.104Z,818.83,SHIPPED
ORD-2826,C1843,2026-07-03T06:37:04.370Z,288.72,PENDING
ORD-2827,C1591,2026-08-28T22:31:37.855Z,637.63,CANCELLED
ORD-2828,C912,2026-08-12T14:39:19.965Z,297.26,PAID
ORD-2829,C61,2026-08-23T09:28:43.107Z,854.76,SHIPPED
ORD-2830,C1180,2026-09-05T09:09:23.747Z,561.26,PENDING
ORD-2831,C753,2026-07-25T23:01:13.224Z,973.52,CANCELLED
ORD-2832,C1950,2026-08-20T13:24:24.939Z,426.00,PAID
ORD-2833,C1599,2026-09-10T01:40:31.174Z,243.07,SHIPPED
ORD-2834,C715,2026-08-01T09:15:27.754Z,187.54,PENDING
ORD-2835,C813,2026-09-08T23:26:35.229Z,179.09,CANCELLED
ORD-2836,C1964,2026-09-02T06:02:10.493Z,952.05,PAID
ORD-2837,C599,2026-10-01T02:56:49.488Z,207.77,SHIPPED
ORD-2838,C435,2026-09-30T00:16:43.625Z,399.88,PENDING
ORD-2839,C1838,2026-09-09T05:49:04.910Z,80.97,CANCELLED
ORD-2840,C538,2026-09-15T22:33:05.715Z,108.59,PAID
ORD-2841,C934,2026-08-21T09:10:10.336Z,374.12,SHIPPED
ORD-2842,C320,2026-09-12T21:46:19.295Z,215.38,PENDING
ORD-2843,C1229,2026-09-24T22:08:05.827Z,46.75,CANCELLED
ORD-2844,C1893,2026-09-20T11:01:23.164Z,553.03,PAID
ORD-2845,C1409,2026-09-21T15:09:15.505Z,374.64,SHIPPED
ORD-2846,C1029,2026-08-07T05:44:42.008Z,18.92,PENDING
ORD-2847,C1764,2026-08-13T01:54:28.543Z,521.85,CANCELLED
ORD-2848,C461,2026-09-10T15:45:04.157Z,584.81,PAID
ORD-2849,C1431,2026-07-15T00:25:24.885Z,412.85,SHIPPED
ORD-2850,C1726,2026-08-11T00:33:24.540Z,301.56,PENDING
ORD-2851,C1458,2026-08-13T04:25:57.448Z,632.33,CANCELLED
ORD-2852,C638,2026-07-23T01:16:13.438Z,581.17,PAID
ORD-2853,C1948,2026-08-09T09:20:22.304Z,234.74,SHIPPED
ORD-2854,C676,2026-09-28T15:45:50.037Z,35.78,PENDING
ORD-2855,C158,2026-09-01T13:35:50.073Z,473.64,CANCELLED
ORD-2856,C1156,2026-09-22T13:20:35.592Z,466.76,PAID
ORD-2857,C11,2026-09-13T15:49:26.466Z,34.01,SHIPPED
ORD-2858,C693,2026-09-03T11:44:19.800Z,165.20,PENDING
ORD-2859,C399,2026-08-16T10:53:42.220Z,913.80,CANCELLED
ORD-2860,C235,2026-07-17T18:46:59.191Z,958.11,PAID
ORD-2861,C1456,2026-07-25T01:12:21.833Z,641.83,SHIPPED
ORD-2862,C1348,2026-09-16T09:45:24.127Z,710.68,PENDING
ORD-2863,C1616,2026-07-08T01:19:34.605Z,348.02,CANCELLED
ORD-2864,C318,2026-07-06T19:27:11.106Z,133.66,PAID
ORD-2865,C1290,2026-08-22T22:54:45.057Z,87.29,SHIPPED
ORD-2866,C56,2026-07-09T00:48:53.443Z,680.83,PENDING
ORD-2867,C11,2026-07-14T11:19:11.010Z,849.08,CANCELLED
ORD-2868,C1560,2026-07-06T07:23:22.126Z,576.14,PAID
ORD-2869,C263,2026-07-05T11:41:52.559Z,203.28,SHIPPED
ORD-2870,C93,2026-08-04T02:03:38.821Z,121.25,PENDING
ORD-2871,C622,2026-09-17T03:59:20.811Z,712.24,CANCELLED
ORD-2872,C1529,2026-09-18T12:01:32.879Z,13.51,PAID
ORD-2873,C1895,2026-09-24T04:24:35.742Z,644.92,SHIPPED
ORD-2874,C379,2026-08-15T06:11:11.898Z,422.05,PENDING
ORD-2875,C1098,2026-07-29T03:51:40.021Z,306.09,CANCELLED
ORD-2876,C739,2026-09-09T16:35:59.548Z,541.16,PAID
ORD-2877,C1827,2026-08-22T09:54:30.994Z,515.79,SHIPPED
ORD-2878,C9,2026-08-01T05:12:20.584Z,404.22,PENDING
ORD-2879,C475,2026-09-04T12:43:27.599Z,404.27,CANCELLED
ORD-2880,C40,2026-09-08T12:44:26.837Z,381.11,PAID
ORD-2881,C1449,2026-07-24T07:06:58.749Z,845.27,SHIPPED
ORD-2882,C1498,2026-09-06T10:55:00.650Z,53.26,PENDING
ORD-2883,C428,2026-09-03T07:54:53.038Z,136.33,CANCELLED
ORD-2884,C1489,2026-07-26T10:37:31.999Z,278.14,PAID
ORD-2885,C688,2026-08-26T21:09:47.613Z,109.80,SHIPPED
ORD-2886,C407,2026-08-22T16:16:50.502Z,797.35,PENDING
ORD-2887,C1606,2026-07-24T09:42:04.063Z,862.14,CANCELLED
ORD-2888,C939,2026-09-23T14:46:42.992Z,286.64,PAID
ORD-2889,C1013,2026-08-03T04:17:12.420Z,428.61,SHIPPED
ORD-2890,C440,2026-09-25T09:59:11.971Z,581.75,PENDING
ORD-2891,C989,2026-08-19T00:37:12.143Z,983.95,CANCELLED
ORD-2892,C701,2026-08-22T10:48:27.279Z,904.96,PAID
ORD-2893,C305,2026-07-16T20:11:46.215Z,722.82,SHIPPED
ORD-2894,C1741,2026-08-08T23:29:43.299Z,757.36,PENDING
ORD-2895,C20,2026-08-07T21:52:57.997Z,658.27,CANCELLED
ORD-2896,C446,2026-09-03T17:18:23.932Z,370.79,PAID
ORD-2897,C132,2026-08-26T05:00:46.386Z,89.42,SHIPPED
ORD-2898,C18,2026-09-06T17:52:28.173Z,325.27,PENDING
ORD-2899,C656,2026-09-17T00:32:24.314Z,315.83,CANCELLED
ORD-2900,C1815,2026-07-18T10:32:05.475Z,705.48,PAID
ORD-2901,C714,2026-08-04T02:58:19.663Z,545.98,SHIPPED
ORD-2902,C768,2026-09-08T01:24:45.918Z,678.28,PENDING
ORD-2903,C846,2026-09-08T20:23:56.027Z,711.06,CANCELLED
ORD-2904,C676,2026-08-07T18:27:58.821Z,628.87,PAID
ORD-2905,C1616,2026-08-23T19:55:53.638Z,497.73,SHIPPED
ORD-2906,C1912,2026-07-11T12:26:04.969Z,203.62,PENDING
ORD-2907,C431,2026-07-10T13:49:28.982Z,25.24,CANCELLED
ORD-2908,C1874,2026-09-16T10:49:16.569Z,456.54,PAID
ORD-2909,C984,2026-07-10T13:28:01.440Z,182.57,SHIPPED
ORD-2910,C326,2026-09-16T18:08:17.003Z,468.34,PENDING
ORD-2911,C542,2026-08-01T12:25:52.831Z,121.75,CANCELLED
ORD-2912,C1893,2026-08-19T02:05:54.787Z,218.99,PAID
ORD-2913,C1309,2026-09-28T10:21:56.850Z,469.24,SHIPPED
ORD-2914,C1097,2026-09-03T02:49:20.066Z,254.91,PENDING
ORD-2915,C609,2026-09-22T10:01:36.998Z,400.13,CANCELLED
ORD-2916,C1268,2026-08-16T21:04:28.496Z,791.26,PAID
ORD-2917,C1509,2026-07-17T15:57:18.514Z,599.25,SHIPPED
ORD-2918,C621,2026-09-19T23:05:08.716Z,686.96,PENDING
ORD-2919,C720,2026-09-17T00:14:52.481Z,163.03,CANCELLED
ORD-2920,C1127,2026-07-26T11:59:00.951Z,418.52,PAID
ORD-2921,C832,2026-09-26T19:22:52.024Z,762.76,SHIPPED
ORD-2922,C1675,2026-08-25T07:07:39.073Z,461.77,PENDING
ORD-2923,C1907,2026-09-01T11:17:29.459Z,741.60,CANCELLED
ORD-2924,C1571,2026-08-26T20:10:51.575Z,573.62,PAID
ORD-2925,C1400,2026-08-04T18:37:32.835Z,21.87,SHIPPED
ORD-2926,C1148,2026-07-29T05:42:55.329Z,949.56,PENDING
ORD-2927,C1476,2026-08-01T18:13:59.097Z,378.92,CANCELLED
ORD-2928,C1998,2026-09-15T23:18:35.434Z,76.30,PAID
ORD-2929,C986,2026-07-25T00:08:17.565Z,285.67,SHIPPED
ORD-2930,C619,2026-07-09T20:22:40.167Z,819.29,PENDING
ORD-2931,C1676,2026-07-19T01:00:15.331Z,690.41,CANCELLED
ORD-2932,C1013,2026-09-04T19:19:40.326Z,902.83,PAID
ORD-2933,C513,2026-07-21T04:53:11.189Z,777.80,SHIPPED
ORD-2934,C1979,2026-07-09T13:01:41.704Z,996.89,PENDING
ORD-2935,C1871,2026-09-30T00:15:11.911Z,183.64,CANCELLED
ORD-2936,C271,2026-09-19T17:36:48.520Z,44.58,PAID
ORD-2937,C391,2026-08-18T12:36:11.587Z,910.72,SHIPPED
ORD-2938,C1111,2026-09-21T07:33:13.770Z,977.83,PENDING
ORD-2939,C931,2026-07-12T16:53:49.593Z,601.07,CANCELLED
ORD-2940,C187,2026-08-20T06:20:33.004Z,438.00,PAID
ORD-2941,C1665,2026-07-18T16:03:36.410Z,763.62,SHIPPED
ORD-2942,C293,2026-08-20T01:33:35.811Z,533.44,PENDING
ORD-2943,C1646,2026-07-19T16:59:34.960Z,777.78,CANCELLED
ORD-2944,C1861,2026-09-14T00:47:36.755Z,670.15,PAID
ORD-2945,C386,2026-08-30T02:09:30.916Z,821.83,SHIPPED
ORD-2946,C203,2026-10-01T03:31:52.743Z,560.95,PENDING
ORD-2947,C781,2026-08-16T17:40:49.012Z,289.92,CANCELLED
ORD-2948,C964,2026-08-12T05:38:07.792Z,641.52,PAID
ORD-2949,C1354,2026-09-29T11:25:40.411Z,131.32,SHIPPED
ORD-2950,C118,2026-09-29T14:20:28.062Z,770.90,PENDING
ORD-2951,C332,2026-09-10T22:29:00.458Z,468.09,CANCELLED
ORD-2952,C981,2026-08-30T15:14:48.689Z,757.73,PAID
ORD-2953,C454,2026-08-15T03:44:39.176Z,4.13,SHIPPED
ORD-2954,C1973,2026-09-30T15:29:48.700Z,430.05,PENDING
ORD-2955,C1705,2026-07-21T12:23:33.256Z,326.92,CANCELLED
ORD-2956,C630,2026-09-07T13:26:19.523Z,982.92,PAID
ORD-2957,C1100,2026-08-27T22:42:36.498Z,488.86,SHIPPED
ORD-2958,C196,2026-08-21T03:22:35.361Z,787.31,PENDING
ORD-2959,C1330,2026-09-13T04:54:46.945Z,312.77,CANCELLED
ORD-2960,C343,2026-08-16T15:34:03.626Z,6.81,PAID
ORD-2961,C370,2026-09-18T08:09:24.466Z,299.61,SHIPPED
ORD-2962,C1429,2026-07-15T16:19:04.825Z,725.12,PENDING
ORD-2963,C467,2026-07-08T22:27:37.740Z,429.40,CANCELLED
ORD-2964,C762,2026-08-05T05:02:32.379Z,630.26,PAID
ORD-2965,C295,2026-09-07T04:44:05.570Z,625.54,SHIPPED
ORD-2966,C649,2026-09-19T21:14:30.998Z,729.75,PENDING
ORD-2967,C1859,2026-08-20T02:16:16.516Z,64.67,CANCELLED
ORD-2968,C1797,2026-08-02T04:55:26.503Z,877.52,PAID
ORD-2969,C300,2026-09-17T15:21:33.636Z,81.59,SHIPPED
ORD-2970,C1651,2026-07-27T11:16:43.622Z,446.41,PENDING
ORD-2971,C222,2026-07-13T12:30:16.484Z,501.76,CANCELLED
ORD-2972,C864,2026-08-02T12:40:41.410Z,848.32,PAID
ORD-2973,C1313,2026-07-05T06:56:42.289Z,246.28,SHIPPED
ORD-2974,C1783,2026-08-10T22:15:18.205Z,437.87,PENDING
ORD-2975,C1939,2026-07-05T01:55:48.682Z,626.69,CANCELLED
ORD-2976,C346,2026-09-24T00:30:13.866Z,833.28,PAID
ORD-2977,C149,2026-08-12T02:42:43.387Z,851.55,SHIPPED
ORD-2978,C1260,2026-09-10T04:48:31.817Z,660.76,PENDING
ORD-2979,C1126,2026-07-06T19:58:52.989Z,894.09,CANCELLED
ORD-2980,C1367,2026-09-24T08:34:14.255Z,999.17,PAID
ORD-2981,C1528,2026-08-07T08:42:51.495Z,883.77,SHIPPED
ORD-2982,C1721,2026-07-13T19:59:53.832Z,684.01,PENDING
ORD-2983,C916,2026-09-30T07:58:30.142Z,455.19,CANCELLED
ORD-2984,C1867,2026-09-28T18:08:24.882Z,463.89,PAID
ORD-2985,C1869,2026-09-17T01:34:06.142Z,820.87,SHIPPED
ORD-2986,C1769,2026-09-29T03:10:10.438Z,518.27,PENDING
ORD-2987,C377,2026-09-05T01:58:07.365Z,425.77,CANCELLED
ORD-2988,C602,2026-08-02T10:09:28.899Z,24.41,PAID
ORD-2989,C492,2026-09-14T10:34:21.290Z,657.65,SHIPPED
ORD-2990,C1330,2026-08-07T19:47:02.030Z,453.69,PENDING
ORD-2991,C371,2026-07-18T01:44:59.871Z,899.42,CANCELLED
ORD-2992,C1252,2026-08-01T07:42:07.798Z,204.51,PAID
ORD-2993,C242,2026-08-21T11:08:03.827Z,537.36,SHIPPED
ORD-2994,C1782,2026-09-16T02:24:52.336Z,771.12,PENDING
ORD-2995,C1887,2026-09-18T11:34:11.456Z,692.86,CANCELLED
ORD-2996,C1543,2026-07-27T01:45:42.489Z,579.48,PAID
ORD-2997,C1609,2026-09-02T15:00:31.268Z,320.90,SHIPPED
ORD-2998,C559,2026-09-11T06:41:24.583Z,419.83,PENDING
ORD-2999,C752,2026-07-24T00:16:59.112Z,487.46,CANCELLED
ORD-3000,C717,2026-07-30T08:06:18.366Z,abc,PAID
ORD-3001,C1426,2026-07-16T15:39:23.413Z,157.94,SHIPPED
ORD-3002,C577,2026-09-07T22:17:01.100Z,317.00,PENDING
ORD-3003,C1655,2026-08-20T02:02:21.477Z,270.62,CANCELLED
ORD-3004,C1959,2026-07-24T21:40:29.415Z,403.24,PAID
ORD-3005,C752,2026-08-10T08:17:21.793Z,773.16,SHIPPED
ORD-3006,C1411,2026-08-24T17:10:35.187Z,947.92,PENDING
ORD-3007,C135,2026-09-07T06:14:57.185Z,144.64,CANCELLED
ORD-3008,C737,2026-08-14T01:45:08.404Z,205.36,PAID
ORD-3009,C792,2026-08-17T12:19:27.915Z,695.95,SHIPPED
ORD-3010,C1089,2026-08-02T01:00:30.798Z,316.25,PENDING
ORD-3011,C265,2026-08-11T00:50:15.191Z,827.26,CANCELLED
ORD-3012,C620,2026-08-09T19:12:41.417Z,530.03,PAID
ORD-3013,C1656,2026-07-20T20:28:41.698Z,671.55,SHIPPED
ORD-3014,C1365,2026-09-10T09:46:20.142Z,236.07,PENDING
ORD-3015,C1866,2026-07-06T09:10:23.972Z,632.00,CANCELLED
ORD-3016,C1090,2026-08-06T13:11:38.648Z,334.78,PAID
ORD-3017,C1924,2026-07-20T09:47:19.569Z,689.92,SHIPPED
ORD-3018,C1108,2026-09-06T00:44:32.909Z,338.88,PENDING
ORD-3019,C764,2026-07-16T07:55:02.820Z,812.63,CANCELLED
ORD-3020,C752,2026-09-14T08:30:45.951Z,951.85,PAID
ORD-3021,C981,2026-09-03T04:48:11.240Z,725.23,SHIPPED
ORD-3022,C670,2026-09-01T01:40:37.382Z,204.79,PENDING
ORD-3023,C1537,2026-08-30T16:17:15.202Z,576.12,CANCELLED
ORD-3024,C1969,2026-07-23T10:30:06.792Z,829.43,PAID
ORD-3025,C1413,2026-08-21T04:58:04.965Z,73.58,SHIPPED
ORD-3026,C1018,2026-09-10T22:09:10.395Z,964.29,PENDING
ORD-3027,C42,2026-07-26T00:54:58.536Z,832.19,CANCELLED
ORD-3028,C1038,2026-09-03T00:51:59.468Z,994.51,PAID
ORD-3029,C1249,2026-09-17T14:12:07.457Z,219.95,SHIPPED
ORD-3030,C786,2026-07-07T09:46:41.810Z,69.33,PENDING
ORD-3031,C1878,2026-08-23T19:25:45.552Z,339.65,CANCELLED
ORD-3032,C116,2026-09-14T03:37:09.986Z,43.54,PAID
ORD-3033,C295,2026-08-20T04:54:47.971Z,988.79,SHIPPED
ORD-3034,C1960,2026-07-15T13:17:35.044Z,33.45,PENDING
ORD-3035,C1125,2026-08-07T12:15:53.986Z,678.61,CANCELLED
ORD-3036,C1270,2026-08-14T17:20:33.204Z,483.74,PAID
ORD-3037,C909,2026-08-01T08:36:32.855Z,630.50,SHIPPED
ORD-3038,C572,2026-09-01T00:02:51.493Z,377.86,PENDING
ORD-3039,C1656,2026-09-15T07:14:32.507Z,245.29,CANCELLED
ORD-3040,C370,2026-07-12T19:40:23.694Z,931.45,PAID
ORD-3041,C1067,2026-09-27T16:36:51.603Z,38.09,SHIPPED
ORD-3042,C1122,2026-09-28T06:13:08.945Z,506.24,PENDING
ORD-3043,C1100,2026-07-11T00:45:33.767Z,516.81,CANCELLED
ORD-3044,C351,2026-07-30T23:42:08.256Z,438.69,PAID
ORD-3045,C1019,2026-09-17T18:00:25.731Z,356.35,SHIPPED
ORD-3046,C1006,2026-08-28T03:01:51.412Z,72.73,PENDING
ORD-3047,C1340,2026-07-06T09:01:30.818Z,310.78,CANCELLED
ORD-3048,C131,2026-08-26T04:37:02.501Z,767.67,PAID
ORD-3049,C1386,2026-08-11T01:28:41.482Z,61.98,SHIPPED
ORD-3050,C906,2026-07-11T15:38:57.110Z,233.19,PENDING
ORD-3051,C1346,2026-07-15T17:04:50.385Z,931.44,CANCELLED
ORD-3052,C18,2026-08-05T04:35:49.997Z,258.98,PAID
ORD-3053,C402,2026-07-23T15:59:50.195Z,787.09,SHIPPED
ORD-3054,C564,2026-08-14T12:26:00.964Z,592.97,PENDING
ORD-3055,C576,2026-07-07T16:58:31.406Z,417.62,CANCELLED
ORD-3056,C826,2026-08-20T15:11:31.642Z,451.88,PAID
ORD-3057,C391,2026-08-24T12:22:40.092Z,739.49,SHIPPED
ORD-3058,C258,2026-09-03T06:54:14.336Z,372.68,PENDING
ORD-3059,C1627,2026-07-29T20:29:23.938Z,673.31,CANCELLED
ORD-3060,C78,2026-08-16T20:26:25.486Z,953.79,PAID
ORD-3061,C1634,2026-08-05T14:51:02.733Z,592.55,SHIPPED
ORD-3062,C1989,2026-07-11T19:42:45.666Z,375.50,PENDING
ORD-3063,C1254,2026-08-08T08:01:51.803Z,643.60,CANCELLED
ORD-3064,C869,2026-07-25T07:59:02.986Z,693.20,PAID
ORD-3065,C1120,2026-07-21T09:28:14.501Z,850.76,SHIPPED
ORD-3066,C1157,2026-08-15T15:55:07.043Z,562.33,PENDING
ORD-3067,C445,2026-07-03T08:50:41.277Z,881.06,CANCELLED
ORD-3068,C88,2026-08-07T15:32:47.930Z,739.78,PAID
ORD-3069,C718,2026-09-11T11:46:34.407Z,694.88,SHIPPED
ORD-3070,C80,2026-09-11T19:59:47.339Z,477.39,PENDING
ORD-3071,C833,2026-09-25T10:43:17.800Z,865.57,CANCELLED
ORD-3072,C311,2026-09-04T18:35:09.525Z,272.57,PAID
ORD-3073,C1083,2026-09-23T09:43:14.460Z,0.77,SHIPPED
ORD-3074,C1487,2026-09-09T13:41:20.753Z,492.02,PENDING
ORD-3075,C930,2026-08-30T20:31:17.708Z,489.46,CANCELLED
ORD-3076,C540,2026-09-23T18:19:22.309Z,538.22,PAID
ORD-3077,C898,2026-07-13T13:55:58.815Z,786.83,SHIPPED
ORD-3078,C1177,2026-09-02T01:59:29.139Z,88.75,PENDING
ORD-3079,C1861,2026-09-05T12:00:42.317Z,397.38,CANCELLED
ORD-3080,C1344,2026-08-13T19:51:29.723Z,27.27,PAID
ORD-3081,C1325,2026-09-13T04:49:55.608Z,911.17,SHIPPED
ORD-3082,C1095,2026-09-26T01:48:37.011Z,439.74,PENDING
ORD-3083,C613,2026-09-13T01:30:58.587Z,876.71,CANCELLED
ORD-3084,C457,2026-07-25T20:39:27.264Z,941.99,PAID
ORD-3085,C1581,2026-08-10T18:53:48.306Z,187.72,SHIPPED
ORD-3086,C600,2026-07-31T17:30:25.808Z,102.40,PENDING
ORD-3087,C618,2026-08-13T08:19:18.078Z,919.59,CANCELLED
ORD-3088,C240,2026-07-19T05:56:13.026Z,206.14,PAID
ORD-3089,C446,2026-09-22T12:42:26.776Z,622.52,SHIPPED
ORD-3090,C23,2026-07-16T14:17:05.584Z,631.38,PENDING
ORD-3091,C886,2026-08-17T13:10:04.754Z,617.95,CANCELLED
ORD-3092,C1694,2026-07-15T00:24:39.831Z,680.35,PAID
ORD-3093,C808,2026-07-15T23:24:25.353Z,964.33,SHIPPED
ORD-3094,C490,2026-09-01T16:40:37.579Z,761.86,PENDING
ORD-3095,C1548,2026-08-04T08:05:30.326Z,205.93,CANCELLED
ORD-3096,C1540,2026-07-11T14:55:35.545Z,422.78,PAID
ORD-3097,C1560,2026-08-12T07:27:58.191Z,876.16,SHIPPED
ORD-3098,C1846,2026-08-30T03:30:11.367Z,17.58,PENDING
ORD-3099,C169,2026-08-14T12:27:45.191Z,113.19,CANCELLED
ORD-3100,C1455,2026-08-17T10:28:04.380Z,510.41,PAID
ORD-3101,C1667,2026-08-18T17:18:31.158Z,656.05,SHIPPED
ORD-3102,C1838,2026-07-19T05:02:10.050Z,348.58,PENDING
ORD-3103,C142,2026-08-21T01:40:45.534Z,695.70,CANCELLED
ORD-3104,C1728,2026-07-07T09:46:18.055Z,164.35,PAID
ORD-3105,C308,2026-08-22T14:29:22.358Z,837.94,SHIPPED
ORD-3106,C351,2026-07-16T15:05:27.123Z,371.36,PENDING
ORD-3107,C1991,2026-09-07T06:07:10.693Z,505.71,CANCELLED
ORD-3108,C810,2026-09-21T11:04:25.931Z,92.45,PAID
ORD-3109,C40,2026-08-02T19:49:14.259Z,727.16,SHIPPED
ORD-3110,C1644,2026-08-17T12:10:37.393Z,680.52,PENDING
ORD-3111,C813,2026-07-27T06:43:47.746Z,754.32,CANCELLED
ORD-3112,C1696,2026-09-14T11:39:39.482Z,602.84,PAID
ORD-3113,C72,2026-09-20T17:39:22.275Z,265.02,SHIPPED
ORD-3114,C286,2026-09-02T07:02:28.758Z,852.39,PENDING
ORD-3115,C1080,2026-09-17T04:06:50.396Z,242.67,CANCELLED
ORD-3116,C1642,2026-09-12T06:36:47.947Z,207.43,PAID
ORD-3117,C275,2026-08-10T20:02:57.565Z,109.95,SHIPPED
ORD-3118,C48,2026-07-05T05:55:31.180Z,65.62,PENDING
ORD-3119,C1698,2026-07-09T10:04:33.680Z,38.49,CANCELLED
ORD-3120,C1740,2026-07-31T18:39:00.955Z,651.76,PAID
ORD-3121,C635,2026-08-29T12:14:14.635Z,864.15,SHIPPED
ORD-3122,C900,2026-08-17T08:42:39.684Z,362.60,PENDING
ORD-3123,C90,2026-08-25T23:14:20.882Z,7.45,CANCELLED
ORD-3124,C1188,2026-09-23T08:27:07.431Z,77.69,PAID
ORD-3125,C769,2026-09-19T21:34:01.113Z,394.55,SHIPPED
ORD-3126,C590,2026-08-19T08:52:44.039Z,745.48,PENDING
ORD-3127,C1790,2026-08-27T04:52:51.947Z,330.10,CANCELLED
ORD-3128,C166,2026-09-18T10:22:01.264Z,118.87,PAID
ORD-3129,C39,2026-09-17T03:26:48.865Z,441.00,SHIPPED
ORD-3130,C1368,2026-08-26T08:38:47.287Z,556.64,PENDING
ORD-3131,C1540,2026-07-30T06:48:58.518Z,135.37,CANCELLED
ORD-3132,C851,2026-08-25T09:29:58.650Z,306.53,PAID
ORD-3133,C1830,2026-08-28T06:06:14.784Z,638.92,SHIPPED
ORD-3134,C199,2026-07-19T18:37:59.895Z,660.94,PENDING
ORD-3135,C213,2026-09-05T17:44:20.680Z,703.37,CANCELLED
ORD-3136,C1703,2026-07-22T15:41:05.610Z,816.66,PAID
ORD-3137,C1261,2026-07-26T02:15:20.894Z,806.65,SHIPPED
ORD-3138,C239,2026-08-19T23:19:54.653Z,46.15,PENDING
ORD-3139,C566,2026-07-31T01:15:00.421Z,561.70,CANCELLED
ORD-3140,C1685,2026-08-23T09:30:53.758Z,416.14,PAID
ORD-3141,C1598,2026-09-24T23:29:19.866Z,342.51,SHIPPED
ORD-3142,C1471,2026-07-15T08:40:32.261Z,338.35,PENDING
ORD-3143,C1330,2026-09-24T00:56:09.967Z,704.01,CANCELLED
ORD-3144,C850,2026-07-11T12:13:31.532Z,990.60,PAID
ORD-3145,C311,2026-09-09T20:59:50.627Z,151.86,SHIPPED
ORD-3146,C242,2026-09-27T20:17:03.016Z,139.20,PENDING
ORD-3147,C1098,2026-08-24T01:57:06.469Z,360.25,CANCELLED
ORD-3148,C297,2026-08-17T13:35:14.478Z,655.36,PAID
ORD-3149,C234,2026-08-21T17:18:10.878Z,768.58,SHIPPED
ORD-3150,C731,2026-09-22T22:04:19.363Z,226.26,PENDING
ORD-3151,C696,2026-09-10T13:50:32.680Z,361.76,CANCELLED
ORD-3152,C1673,2026-09-10T06:31:05.591Z,541.13,PAID
ORD-3153,C1091,2026-08-13T00:49:59.271Z,346.72,SHIPPED
ORD-3154,C362,2026-08-31T02:07:15.762Z,436.88,PENDING
ORD-3155,C488,2026-09-13T12:23:08.521Z,544.85,CANCELLED
ORD-3156,C1217,2026-07-24T09:55:45.304Z,475.27,PAID
ORD-3157,C987,2026-07-21T06:05:14.240Z,287.15,SHIPPED
ORD-3158,C1352,2026-07-24T05:21:41.381Z,58.26,PENDING
ORD-3159,C1676,2026-08-11T00:55:27.204Z,877.35,CANCELLED
ORD-3160,C1720,2026-08-01T06:44:37.937Z,340.86,PAID
ORD-3161,C999,2026-08-22T05:28:51.470Z,97.29,SHIPPED
ORD-3162,C536,2026-08-25T13:38:47.473Z,935.17,PENDING
ORD-3163,C279,2026-08-24T19:41:28.416Z,745.65,CANCELLED
ORD-3164,C997,2026-07-24T23:08:43.794Z,601.92,PAID
ORD-3165,C695,2026-08-22T14:55:50.999Z,287.48,SHIPPED
ORD-3166,C818,2026-09-06T05:30:34.009Z,291.13,PENDING
ORD-3167,C1888,2026-08-22T15:19:45.860Z,157.31,CANCELLED
ORD-3168,C474,2026-07-10T14:19:17.958Z,370.72,PAID
ORD-3169,C265,2026-09-25T22:54:39.293Z,309.92,SHIPPED
ORD-3170,C1425,2026-09-14T20:35:58.718Z,932.11,PENDING
ORD-3171,C422,2026-07-16T04:06:15.235Z,404.63,CANCELLED
ORD-3172,C1237,2026-07-25T11:08:43.248Z,916.96,PAID
ORD-3173,C1622,2026-07-27T06:45:54.623Z,227.48,SHIPPED
ORD-3174,C981,2026-08-26T08:05:42.266Z,386.54,PENDING
ORD-3175,C1623,2026-07-29T06:48:24.804Z,542.25,CANCELLED
ORD-3176,C1431,2026-09-10T15:14:59.807Z,919.17,PAID
ORD-3177,C36,2026-09-03T19:40:31.372Z,34.23,SHIPPED
ORD-3178,C523,2026-09-08T19:55:55.003Z,744.53,PENDING
ORD-3179,C1580,2026-09-22T14:35:25.406Z,429.09,CANCELLED
ORD-3180,C1481,2026-08-01T06:21:09.940Z,596.43,PAID
ORD-3181,C768,2026-08-13T05:11:11.669Z,590.78,SHIPPED
ORD-3182,C1134,2026-07-22T03:27:24.523Z,234.12,PENDING
ORD-3183,C1939,2026-08-16T03:16:50.155Z,249.65,CANCELLED
ORD-3184,C1725,2026-09-05T03:42:04.346Z,567.33,PAID
ORD-3185,C1966,2026-07-22T10:50:55.238Z,608.82,SHIPPED
ORD-3186,C1834,2026-09-14T16:20:21.487Z,768.30,PENDING
ORD-3187,C1451,2026-07-26T08:29:47.220Z,856.83,CANCELLED
ORD-3188,C1374,2026-09-13T13:19:34.853Z,540.51,PAID
ORD-3189,C1426,2026-08-17T23:03:19.931Z,927.51,SHIPPED
ORD-3190,C440,2026-09-10T20:28:38.350Z,341.15,PENDING
ORD-3191,C1857,2026-08-15T18:41:38.446Z,33.50,CANCELLED
ORD-3192,C1615,2026-08-29T15:09:41.384Z,626.12,PAID
ORD-3193,C1320,2026-08-03T08:32:51.716Z,271.38,SHIPPED
ORD-3194,C626,2026-09-17T23:57:21.219Z,507.90,PENDING
ORD-3195,C596,2026-07-20T20:42:25.394Z,897.07,CANCELLED
ORD-3196,C1242,2026-07-13T10:41:51.885Z,262.16,PAID
ORD-3197,C81,2026-09-12T05:35:13.369Z,713.98,SHIPPED
ORD-3198,C1697,2026-09-10T16:19:11.090Z,444.58,PENDING
ORD-3199,C1399,2026-09-13T10:17:41.000Z,719.41,CANCELLED
ORD-3200,C1387,2026-07-16T03:45:54.580Z,144.42,PAID
ORD-3201,C938,2026-09-02T00:23:59.524Z,89.51,SHIPPED
ORD-3202,C1853,2026-09-24T07:05:29.221Z,714.02,PENDING
ORD-3203,C648,2026-09-28T07:32:31.385Z,859.51,CANCELLED
ORD-3204,C1513,2026-07-08T04:13:27.318Z,330.63,PAID
ORD-3205,C1275,2026-08-16T08:28:01.949Z,452.62,SHIPPED
ORD-3206,C291,2026-08-30T14:35:48.341Z,885.72,PENDING
ORD-3207,C742,2026-08-21T06:45:12.862Z,320.95,CANCELLED
ORD-3208,C702,2026-09-04T02:01:15.987Z,90.13,PAID
ORD-3209,C1259,2026-07-07T04:25:47.429Z,347.59,SHIPPED
ORD-3210,C915,2026-09-20T08:08:36.576Z,822.59,PENDING
ORD-3211,C980,2026-09-08T11:13:41.073Z,988.52,CANCELLED
ORD-3212,C814,2026-08-03T16:38:54.688Z,417.74,PAID
ORD-3213,C1172,2026-08-26T15:43:31.700Z,289.46,SHIPPED
ORD-3214,C601,2026-07-22T09:17:36.173Z,680.44,PENDING
ORD-3215,C1939,2026-07-30T01:36:26.881Z,236.78,CANCELLED
ORD-3216,C218,2026-08-29T21:58:50.477Z,204.60,PAID
ORD-3217,C1028,2026-09-04T16:23:43.509Z,235.14,SHIPPED
ORD-3218,C1576,2026-08-14T04:37:22.713Z,909.80,PENDING
ORD-3219,C1806,2026-08-20T10:37:13.252Z,957.26,CANCELLED
ORD-3220,C1762,2026-08-12T02:40:48.156Z,138.59,PAID
ORD-3221,C496,2026-09-05T18:29:37.308Z,262.03,SHIPPED
ORD-3222,C1465,2026-07-31T14:17:10.171Z,562.39,PENDING
ORD-3223,C1618,2026-07-25T12:07:51.437Z,160.55,CANCELLED
ORD-3224,C531,2026-08-22T21:04:43.070Z,935.39,PAID
ORD-3225,C213,2026-07-17T01:45:09.270Z,999.73,SHIPPED
ORD-3226,C415,2026-09-29T10:05:57.468Z,596.50,PENDING
ORD-3227,C150,2026-07-26T20:04:16.947Z,818.67,CANCELLED
ORD-3228,C386,2026-09-22T07:29:19.022Z,43.04,PAID
ORD-3229,C1002,2026-09-01T21:28:18.202Z,446.89,SHIPPED
ORD-3230,C279,2026-09-25T20:34:06.703Z,279.37,PENDING
ORD-3231,C1116,2026-08-12T13:33:45.986Z,324.18,CANCELLED
ORD-3232,C1875,2026-09-13T13:03:28.686Z,795.30,PAID
ORD-3233,C449,2026-08-03T03:08:04.303Z,457.99,SHIPPED
ORD-3234,C1955,2026-09-25T12:45:34.207Z,938.67,PENDING
ORD-3235,C1357,2026-09-24T22:52:56.310Z,845.50,CANCELLED
ORD-3236,C1442,2026-08-08T23:40:23.819Z,33.27,PAID
ORD-3237,C1455,2026-09-19T22:28:42.357Z,124.07,SHIPPED
ORD-3238,C1304,2026-09-23T06:17:30.953Z,383.96,PENDING
ORD-3239,C305,2026-09-16T09:21:39.099Z,221.38,CANCELLED
ORD-3240,C1521,2026-07-22T14:24:47.713Z,630.96,PAID
ORD-3241,C982,2026-09-03T09:52:53.141Z,83.60,SHIPPED
ORD-3242,C66,2026-07-26T23:32:31.210Z,542.51,PENDING
ORD-3243,C736,2026-09-16T10:46:20.237Z,501.05,CANCELLED
ORD-3244,C1523,2026-07-14T13:13:59.985Z,875.80,PAID
ORD-3245,C945,2026-07-19T04:48:08.666Z,399.70,SHIPPED
ORD-3246,C1540,2026-09-24T17:04:56.836Z,2.26,PENDING
ORD-3247,C1294,2026-07-05T03:41:08.849Z,10.45,CANCELLED
ORD-3248,C1412,2026-07-23T05:36:21.584Z,561.90,PAID
ORD-3249,C400,2026-08-22T20:04:58.675Z,874.80,SHIPPED
ORD-3250,C1639,2026-08-11T08:09:06.981Z,955.73,PENDING
ORD-3251,C177,2026-09-24T18:15:37.505Z,175.15,CANCELLED
ORD-3252,C563,2026-08-07T14:35:21.920Z,904.67,PAID
ORD-3253,C1598,2026-07-13T03:15:47.267Z,794.43,SHIPPED
ORD-3254,C1901,2026-09-09T06:23:18.789Z,258.54,PENDING
ORD-3255,C1390,2026-08-15T09:35:26.095Z,209.49,CANCELLED
ORD-3256,C538,2026-07-22T22:51:05.944Z,629.90,PAID
ORD-3257,C772,2026-08-16T03:20:38.191Z,937.01,SHIPPED
ORD-3258,C214,2026-08-03T23:09:11.733Z,105.26,PENDING
ORD-3259,C69,2026-07-15T07:20:53.171Z,38.79,CANCELLED
ORD-3260,C1719,2026-08-11T14:12:02.803Z,97.35,PAID
ORD-3261,C1322,2026-08-22T12:57:49.812Z,308.46,SHIPPED
ORD-3262,C661,2026-09-26T03:06:58.930Z,90.94,PENDING
ORD-3263,C1979,2026-08-22T05:26:32.184Z,5.56,CANCELLED
ORD-3264,C1154,2026-09-11T18:00:34.740Z,392.61,PAID
ORD-3265,C1136,2026-09-18T01:43:10.218Z,423.87,SHIPPED
ORD-3266,C1588,2026-07-09T06:12:05.421Z,468.20,PENDING
ORD-3267,C1529,2026-09-16T23:23:01.798Z,154.45,CANCELLED
ORD-3268,C1080,2026-07-15T19:46:20.810Z,394.15,PAID
ORD-3269,C428,2026-09-05T12:59:20.720Z,981.54,SHIPPED
ORD-3270,C792,2026-08-09T23:15:22.282Z,45.02,PENDING
ORD-3271,C736,2026-08-26T13:22:03.804Z,824.32,CANCELLED
ORD-3272,C525,2026-07-31T06:16:38.450Z,634.74,PAID
ORD-3273,C1508,2026-08-11T00:27:39.893Z,56.95,SHIPPED
ORD-3274,C1465,2026-08-23T03:21:45.034Z,116.65,PENDING
ORD-3275,C1705,2026-07-25T19:23:30.208Z,613.83,CANCELLED
ORD-3276,C1490,2026-09-03T05:20:52.096Z,827.18,PAID
ORD-3277,C1205,2026-07-27T12:44:08.931Z,579.59,SHIPPED
ORD-3278,C1350,2026-09-05T01:58:39.395Z,38.95,PENDING
ORD-3279,C1118,2026-08-04T21:37:27.760Z,699.46,CANCELLED
ORD-3280,C717,2026-09-13T17:21:46.453Z,780.49,PAID
ORD-3281,C1607,2026-08-12T01:56:58.414Z,509.17,SHIPPED
ORD-3282,C236,2026-08-22T15:39:10.015Z,675.30,PENDING
ORD-3283,C1168,2026-08-28T08:00:55.154Z,363.36,CANCELLED
ORD-3284,C682,2026-09-25T02:29:54.873Z,850.25,PAID
ORD-3285,C737,2026-09-10T12:10:02.372Z,85.77,SHIPPED
ORD-3286,C506,2026-07-20T18:00:45.997Z,572.16,PENDING
ORD-3287,C1840,2026-09-20T00:41:22.419Z,327.29,CANCELLED
ORD-3288,C234,2026-08-29T18:45:02.005Z,384.23,PAID
ORD-3289,C1207,2026-07-22T09:38:29.084Z,213.92,SHIPPED
ORD-3290,C1362,2026-09-20T06:41:37.420Z,877.05,PENDING
ORD-3291,C885,2026-07-09T00:29:30.565Z,507.46,CANCELLED
ORD-3292,C1471,2026-09-05T00:52:56.042Z,231.69,PAID
ORD-3293,C765,2026-09-03T15:38:24.388Z,151.53,SHIPPED
ORD-3294,C1586,2026-09-20T04:52:28.904Z,426.38,PENDING
ORD-3295,C1637,2026-07-11T02:04:12.572Z,801.49,CANCELLED
ORD-3296,C1489,2026-09-04T12:38:10.437Z,660.37,PAID
ORD-3297,C1163,2026-07-20T21:58:32.651Z,912.32,SHIPPED
ORD-3298,C939,2026-07-30T12:29:14.906Z,286.98,PENDING
ORD-3299,C1169,2026-08-28T13:03:43.644Z,779.55,CANCELLED
ORD-3300,C1435,2026-08-26T00:28:01.703Z,657.59,PAID
ORD-3301,C1126,2026-09-21T10:14:36.311Z,751.79,SHIPPED
ORD-3302,C942,2026-08-28T04:50:56.653Z,159.00,PENDING
ORD-3303,C1859,2026-08-09T05:34:36.158Z,896.39,CANCELLED
ORD-3304,C43,2026-08-26T14:30:07.735Z,21.57,PAID
ORD-3305,C81,2026-09-30T23:51:13.498Z,77.53,SHIPPED
ORD-3306,C1631,2026-07-07T12:07:38.377Z,585.51,PENDING
ORD-3307,C1659,2026-07-29T08:05:29.596Z,749.72,CANCELLED
ORD-3308,C930,2026-07-10T11:29:25.782Z,389.82,PAID
ORD-3309,C250,2026-09-11T18:48:52.779Z,71.44,SHIPPED
ORD-3310,C1424,2026-09-17T20:23:20.516Z,897.00,PENDING
ORD-3311,C1377,2026-09-14T13:02:13.902Z,22.90,CANCELLED
ORD-3312,C183,2026-08-27T20:13:26.259Z,619.61,PAID
ORD-3313,C1235,2026-07-21T20:50:45.468Z,460.81,SHIPPED
ORD-3314,C1328,2026-08-02T18:50:00.503Z,1.97,PENDING
ORD-3315,C1526,2026-07-13T15:28:49.887Z,503.93,CANCELLED
ORD-3316,C946,2026-08-14T12:17:03.812Z,256.81,PAID
ORD-3317,C1583,2026-09-04T23:52:24.827Z,835.83,SHIPPED
ORD-3318,C1007,2026-07-06T21:46:25.803Z,848.47,PENDING
ORD-3319,C358,2026-07-13T20:56:14.310Z,214.61,CANCELLED
ORD-3320,C179,2026-07-23T02:03:48.809Z,912.19,PAID
ORD-3321,C1382,2026-08-02T00:57:46.378Z,689.89,SHIPPED
ORD-3322,C118,2026-08-01T06:53:50.872Z,645.50,PENDING
ORD-3323,C718,2026-09-14T03:36:31.614Z,520.05,CANCELLED
ORD-3324,C1040,2026-09-27T02:37:52.778Z,465.93,PAID
ORD-3325,C1775,2026-08-06T17:52:50.150Z,135.10,SHIPPED
ORD-3326,C422,2026-09-06T05:47:45.806Z,510.97,PENDING
ORD-3327,C1776,2026-09-22T08:47:03.082Z,231.70,CANCELLED
ORD-3328,C336,2026-08-11T01:11:58.864Z,826.93,PAID
ORD-3329,C1227,2026-08-28T22:07:52.366Z,542.91,SHIPPED
ORD-3330,C1910,2026-08-01T01:26:53.605Z,136.67,PENDING
ORD-3331,C1060,2026-07-09T23:35:12.677Z,154.99,CANCELLED
ORD-3332,C763,2026-08-11T14:42:33.081Z,417.12,PAID
ORD-3333,C403,2026-07-07T04:19:33.474Z,907.88,SHIPPED
ORD-3334,C732,2026-07-05T06:59:13.608Z,695.54,PENDING
ORD-3335,C1649,2026-08-12T09:47:46.564Z,12.29,CANCELLED
ORD-3336,C1295,2026-09-28T04:13:39.634Z,859.43,PAID
ORD-3337,C1995,2026-09-18T15:47:36.625Z,681.97,SHIPPED
ORD-3338,C789,2026-09-13T01:37:14.084Z,776.66,PENDING
ORD-3339,C532,2026-07-27T02:56:24.810Z,525.85,CANCELLED
ORD-3340,C1303,2026-08-31T01:36:57.701Z,353.59,PAID
ORD-3341,C237,2026-08-09T06:32:12.377Z,998.84,SHIPPED
ORD-3342,C1580,2026-07-19T14:50:42.774Z,808.91,PENDING
ORD-3343,C1385,2026-08-21T02:00:06.288Z,565.70,CANCELLED
ORD-3344,C1282,2026-08-17T07:55:05.099Z,218.12,PAID
ORD-3345,C1929,2026-07-03T15:37:29.396Z,566.46,SHIPPED
ORD-3346,C134,2026-07-23T04:19:07.805Z,790.07,PENDING
ORD-3347,C431,2026-08-25T08:10:03.951Z,394.31,CANCELLED
ORD-3348,C1135,2026-08-26T04:09:58.124Z,966.38,PAID
ORD-3349,C1742,2026-07-18T01:05:02.328Z,308.61,SHIPPED
ORD-3350,C852,2026-08-14T12:01:42.587Z,113.10,PENDING
ORD-3351,C1429,2026-08-29T10:46:24.529Z,759.94,CANCELLED
ORD-3352,C128,2026-08-19T22:50:00.027Z,554.81,PAID
ORD-3353,C596,2026-09-05T11:46:20.374Z,172.55,SHIPPED
ORD-3354,C1528,2026-09-28T03:21:39.241Z,244.72,PENDING
ORD-3355,C545,2026-08-07T02:45:35.956Z,963.48,CANCELLED
ORD-3356,C59,2026-08-31T14:34:51.475Z,725.56,PAID
ORD-3357,C467,2026-08-02T13:13:35.966Z,174.97,SHIPPED
ORD-3358,C1207,2026-07-24T04:25:41.836Z,193.23,PENDING
ORD-3359,C1726,2026-07-09T12:20:13.549Z,85.40,CANCELLED
ORD-3360,C730,2026-08-31T00:15:40.355Z,508.42,PAID
ORD-3361,C1499,2026-07-17T20:49:49.747Z,947.07,SHIPPED
ORD-3362,C970,2026-08-22T10:47:49.122Z,580.69,PENDING
ORD-3363,C842,2026-08-20T14:50:38.306Z,376.51,CANCELLED
ORD-3364,C1196,2026-08-22T20:39:04.697Z,151.11,PAID
ORD-3365,C400,2026-09-28T20:58:11.878Z,570.74,SHIPPED
ORD-3366,C1216,2026-08-05T15:54:32.452Z,763.16,PENDING
ORD-3367,C554,2026-08-26T19:03:46.846Z,90.65,CANCELLED
ORD-3368,C311,2026-08-23T13:10:51.830Z,597.35,PAID
ORD-3369,C1394,2026-09-20T14:10:10.483Z,377.04,SHIPPED
ORD-3370,C513,2026-07-07T16:26:16.221Z,142.39,PENDING
ORD-3371,C1987,2026-08-24T22:31:46.387Z,851.51,CANCELLED
ORD-3372,C1932,2026-09-17T06:23:34.495Z,532.09,PAID
ORD-3373,C293,2026-07-23T20:00:28.983Z,563.11,SHIPPED
ORD-3374,C608,2026-07-13T20:27:23.513Z,124.83,PENDING
ORD-3375,C252,2026-08-21T19:15:57.630Z,104.14,CANCELLED
ORD-3376,C1715,2026-09-08T07:17:31.788Z,117.95,PAID
ORD-3377,C1172,2026-07-21T16:39:33.408Z,97.95,SHIPPED
ORD-3378,C1969,2026-07-10T06:42:53.334Z,515.09,PENDING
ORD-3379,C1987,2026-08-25T21:13:07.944Z,422.94,CANCELLED
ORD-3380,C1413,2026-07-15T19:18:12.263Z,822.17,PAID
ORD-3381,C939,2026-09-18T06:50:32.731Z,96.29,SHIPPED
ORD-3382,C1757,2026-08-28T00:00:31.674Z,667.74,PENDING
ORD-3383,C1861,2026-08-04T15:02:34.597Z,627.59,CANCELLED
ORD-3384,C1595,2026-08-06T12:20:36.640Z,748.56,PAID
ORD-3385,C1763,2026-08-11T21:08:18.604Z,580.36,SHIPPED
ORD-3386,C417,2026-07-05T17:17:27.263Z,363.75,PENDING
ORD-3387,C827,2026-08-12T15:32:54.365Z,289.09,CANCELLED
ORD-3388,C410,2026-08-14T05:08:21.777Z,92.70,PAID
ORD-3389,C1059,2026-09-25T08:42:44.181Z,888.58,SHIPPED
ORD-3390,C137,2026-09-28T08:19:51.573Z,759.38,PENDING
ORD-3391,C1767,2026-09-12T19:34:10.159Z,801.75,CANCELLED
ORD-3392,C446,2026-09-15T15:59:14.103Z,903.42,PAID
ORD-3393,C210,2026-08-17T23:41:37.563Z,894.67,SHIPPED
ORD-3394,C765,2026-08-11T03:40:59.890Z,119.39,PENDING
ORD-3395,C693,2026-09-14T01:21:18.149Z,326.72,CANCELLED
ORD-3396,C711,2026-09-27T01:37:57.084Z,282.18,PAID
ORD-3397,C1509,2026-09-06T12:24:09.580Z,224.30,SHIPPED
ORD-3398,C1697,2026-09-10T23:52:17.756Z,152.09,PENDING
ORD-3399,C1605,2026-08-05T10:46:22.496Z,308.96,CANCELLED
ORD-3400,C1604,2026-09-20T07:49:24.894Z,0.48,PAID
ORD-3401,C495,2026-07-28T22:17:10.910Z,776.14,SHIPPED
ORD-3402,C1723,2026-07-19T21:33:36.430Z,340.65,PENDING
ORD-3403,C1479,2026-07-23T21:55:29.563Z,285.21,CANCELLED
ORD-3404,C1704,2026-08-05T20:15:15.523Z,917.92,PAID
ORD-3405,C1859,2026-09-17T07:15:06.788Z,885.50,SHIPPED
ORD-3406,C1228,2026-07-25T06:36:18.404Z,64.01,PENDING
ORD-3407,C433,2026-09-28T12:51:16.471Z,200.98,CANCELLED
ORD-3408,C1427,2026-09-20T20:14:05.861Z,252.85,PAID
ORD-3409,C1904,2026-09-19T15:28:59.319Z,680.05,SHIPPED
ORD-3410,C1232,2026-09-18T03:32:35.881Z,666.13,PENDING
ORD-3411,C1870,2026-08-19T23:05:54.275Z,231.87,CANCELLED
ORD-3412,C1191,2026-07-05T08:52:12.510Z,241.73,PAID
ORD-3413,C271,2026-09-10T17:39:51.910Z,11.05,SHIPPED
ORD-3414,C93,2026-07-06T04:51:36.008Z,152.01,PENDING
ORD-3415,C11,2026-07-28T22:26:05.745Z,67.73,CANCELLED
ORD-3416,C1044,2026-07-26T11:40:27.533Z,309.89,PAID
ORD-3417,C1323,2026-08-31T19:29:26.001Z,140.92,SHIPPED
ORD-3418,C1015,2026-09-22T08:06:49.929Z,509.67,PENDING
ORD-3419,C1833,2026-07-30T18:27:36.279Z,596.87,CANCELLED
ORD-3420,C705,2026-09-06T22:54:43.251Z,290.55,PAID
ORD-3421,C647,2026-09-10T20:00:06.970Z,969.64,SHIPPED
ORD-3422,C1219,2026-07-06T17:22:36.878Z,896.39,PENDING
ORD-3423,C1470,2026-08-29T18:45:33.570Z,627.73,CANCELLED
ORD-3424,C930,2026-10-01T04:02:21.625Z,165.07,PAID
ORD-3425,C1964,2026-07-22T20:49:21.979Z,785.34,SHIPPED
ORD-3426,C15,2026-09-13T13:58:48.708Z,173.93,PENDING
ORD-3427,C997,2026-07-31T15:41:49.976Z,158.36,CANCELLED
ORD-3428,C122,2026-07-28T02:56:17.275Z,320.95,PAID
ORD-3429,C1015,2026-08-05T17:45:02.348Z,8.08,SHIPPED
ORD-3430,C1286,2026-08-04T15:50:31.805Z,878.90,PENDING
ORD-3431,C61,2026-07-18T01:53:45.799Z,814.04,CANCELLED
ORD-3432,C1540,2026-07-23T19:43:02.055Z,61.84,PAID
ORD-3433,C1898,2026-07-11T10:22:48.954Z,960.56,SHIPPED
ORD-3434,C1559,2026-07-18T13:19:33.408Z,804.24,PENDING
ORD-3435,C1215,2026-07-04T16:49:03.885Z,59.85,CANCELLED
ORD-3436,C988,2026-09-09T08:17:24.210Z,188.34,PAID
ORD-3437,C983,2026-09-19T15:28:27.943Z,858.81,SHIPPED
ORD-3438,C1454,2026-08-21T03:06:09.055Z,56.14,PENDING
ORD-3439,C1717,2026-07-25T11:26:03.441Z,522.54,CANCELLED
ORD-3440,C448,2026-08-03T05:13:49.155Z,307.26,PAID
ORD-3441,C323,2026-07-23T22:40:32.193Z,947.66,SHIPPED
ORD-3442,C113,2026-08-08T01:06:53.302Z,458.84,PENDING
ORD-3443,C1095,2026-08-03T20:10:53.504Z,813.29,CANCELLED
ORD-3444,C400,2026-08-06T08:49:42.048Z,520.84,PAID
ORD-3445,C872,2026-07-17T16:37:47.771Z,124.95,SHIPPED
ORD-3446,C1270,2026-08-17T12:54:23.813Z,596.18,PENDING
ORD-3447,C417,2026-07-16T23:59:09.985Z,898.92,CANCELLED
ORD-3448,C1409,2026-07-27T00:59:05.681Z,167.88,PAID
ORD-3449,C1453,2026-07-19T14:30:26.248Z,43.20,SHIPPED
ORD-3450,C1747,2026-07-03T08:33:51.915Z,71.95,PENDING
ORD-3451,C23,2026-08-08T20:27:38.402Z,575.70,CANCELLED
ORD-3452,C1913,2026-07-15T14:07:47.818Z,49.59,PAID
ORD-3453,C286,2026-07-30T12:27:13.971Z,45.60,SHIPPED
ORD-3454,C104,2026-09-13T01:13:18.916Z,238.72,PENDING
ORD-3455,C518,2026-08-23T01:55:25.852Z,861.67,CANCELLED
ORD-3456,C1845,2026-09-09T07:55:10.530Z,648.47,PAID
ORD-3457,C1265,2026-07-04T04:09:20.302Z,533.33,SHIPPED
ORD-3458,C90,2026-08-03T14:16:32.698Z,791.16,PENDING
ORD-3459,C575,2026-09-15T17:07:53.710Z,474.48,CANCELLED
ORD-3460,C1147,2026-09-22T14:47:10.340Z,516.82,PAID
ORD-3461,C470,2026-09-26T02:34:32.628Z,636.49,SHIPPED
ORD-3462,C1499,2026-07-27T15:19:08.581Z,131.50,PENDING
ORD-3463,C376,2026-07-16T23:32:21.384Z,716.24,CANCELLED
ORD-3464,C1159,2026-08-28T11:46:49.204Z,974.89,PAID
ORD-3465,C1596,2026-07-21T02:23:45.014Z,904.26,SHIPPED
ORD-3466,C845,2026-07-13T12:55:35.923Z,784.79,PENDING
ORD-3467,C731,2026-09-17T08:42:31.062Z,262.85,CANCELLED
ORD-3468,C1823,2026-07-27T14:21:59.334Z,78.96,PAID
ORD-3469,C433,2026-09-16T13:28:37.101Z,200.07,SHIPPED
ORD-3470,C68,2026-09-26T03:04:39.762Z,11.54,PENDING
ORD-3471,C1414,2026-09-15T08:48:23.872Z,431.88,CANCELLED
ORD-3472,C1120,2026-09-21T20:17:18.539Z,16.01,PAID
ORD-3473,C25,2026-09-16T11:41:25.643Z,393.13,SHIPPED
ORD-3474,C119,2026-09-29T10:07:16.613Z,374.16,PENDING
ORD-3475,C1550,2026-09-22T01:09:15.025Z,757.47,CANCELLED
ORD-3476,C187,2026-08-20T02:16:31.814Z,218.28,PAID
ORD-3477,C1570,2026-08-07T15:42:42.169Z,131.22,SHIPPED
ORD-3478,C56,2026-09-25T21:39:07.527Z,994.88,PENDING
ORD-3479,C1863,2026-08-08T18:24:42.485Z,85.36,CANCELLED
ORD-3480,C494,2026-08-17T00:56:19.194Z,634.89,PAID
ORD-3481,C82,2026-08-30T12:02:44.010Z,920.95,SHIPPED
ORD-3482,C1658,2026-09-04T16:49:12.577Z,396.37,PENDING
ORD-3483,C259,2026-08-22T15:39:45.907Z,865.06,CANCELLED
ORD-3484,C423,2026-07-07T22:28:29.735Z,26.51,PAID
ORD-3485,C139,2026-09-15T00:35:20.859Z,267.03,SHIPPED
ORD-3486,C1012,2026-07-12T22:54:34.641Z,305.11,PENDING
ORD-3487,C1114,2026-09-08T13:55:13.887Z,971.85,CANCELLED
ORD-3488,C724,2026-08-11T16:00:12.612Z,90.26,PAID
ORD-3489,C929,2026-09-04T14:08:49.029Z,349.87,SHIPPED
ORD-3490,C1536,2026-09-27T21:55:32.101Z,245.44,PENDING
ORD-3491,C830,2026-07-29T22:59:44.604Z,307.47,CANCELLED
ORD-3492,C1781,2026-08-19T04:04:42.048Z,311.10,PAID
ORD-3493,C1338,2026-08-17T19:23:34.367Z,883.92,SHIPPED
ORD-3494,C1164,2026-07-14T18:18:29.621Z,898.14,PENDING
ORD-3495,C1333,2026-08-07T06:16:39.387Z,702.76,CANCELLED
ORD-3496,C1288,2026-09-26T19:46:46.932Z,308.59,PAID
ORD-3497,C1994,2026-09-23T16:46:51.174Z,296.00,SHIPPED
ORD-3498,C1533,2026-08-01T21:41:54.981Z,697.49,PENDING
ORD-3499,C1814,2026-09-11T17:39:54.655Z,277.68,CANCELLED
ORD-3500,C1476,2026-09-17T12:16:40.587Z,330.20,PAID
ORD-3501,C1229,2026-07-11T12:02:41.780Z,296.36,SHIPPED
ORD-3502,C1546,2026-07-24T22:11:19.830Z,964.38,PENDING
ORD-3503,C971,2026-08-17T17:59:52.637Z,821.13,CANCELLED
ORD-3504,C950,2026-07-30T22:12:21.623Z,4.67,PAID
ORD-3505,C1286,2026-09-15T16:25:20.969Z,357.17,SHIPPED
ORD-3506,C384,2026-08-05T14:42:40.058Z,246.67,PENDING
ORD-3507,C1945,2026-09-02T12:00:29.686Z,254.12,CANCELLED
ORD-3508,C401,2026-07-09T12:59:46.043Z,635.16,PAID
ORD-3509,C1981,2026-07-26T14:07:27.922Z,855.90,SHIPPED
ORD-3510,C1581,2026-07-13T07:14:09.361Z,138.41,PENDING
ORD-3511,C1386,2026-07-22T06:06:18.831Z,497.23,CANCELLED
ORD-3512,C566,2026-07-11T01:12:53.605Z,722.98,PAID
ORD-3513,C1934,2026-09-25T11:44:01.389Z,143.45,SHIPPED
ORD-3514,C683,2026-08-18T15:38:42.128Z,481.17,PENDING
ORD-3515,C1729,2026-09-23T04:05:21.634Z,925.46,CANCELLED
ORD-3516,C1958,2026-09-03T04:08:31.156Z,62.02,PAID
ORD-3517,C2000,2026-09-30T20:36:23.571Z,510.22,SHIPPED
ORD-3518,C1353,2026-09-06T19:29:26.687Z,66.92,PENDING
ORD-3519,C123,2026-08-27T09:31:44.463Z,961.02,CANCELLED
ORD-3520,C767,2026-09-18T00:12:13.427Z,67.28,PAID
ORD-3521,C1657,2026-07-22T01:57:24.450Z,292.85,SHIPPED
ORD-3522,C56,2026-09-12T03:55:52.955Z,177.36,PENDING
ORD-3523,C363,2026-07-30T10:43:43.178Z,215.66,CANCELLED
ORD-3524,C1463,2026-07-21T20:03:37.751Z,210.23,PAID
ORD-3525,C787,2026-07-23T20:41:51.254Z,883.25,SHIPPED
ORD-3526,C1821,2026-08-13T13:53:41.789Z,307.94,PENDING
ORD-3527,C659,2026-08-12T03:31:43.473Z,518.18,CANCELLED
ORD-3528,C239,2026-08-03T00:13:04.646Z,955.58,PAID
ORD-3529,C1045,2026-09-11T22:31:50.845Z,522.50,SHIPPED
ORD-3530,C1090,2026-09-08T15:17:47.805Z,245.35,PENDING
ORD-3531,C1447,2026-07-10T13:12:58.075Z,265.10,CANCELLED
ORD-3532,C1327,2026-08-05T10:43:40.274Z,292.97,PAID
ORD-3533,C292,2026-07-16T03:02:14.139Z,885.89,SHIPPED
ORD-3534,C1998,2026-09-15T21:54:06.294Z,368.13,PENDING
ORD-3535,C680,2026-07-28T20:25:50.032Z,42.37,CANCELLED
ORD-3536,C53,2026-07-24T00:46:09.262Z,227.34,PAID
ORD-3537,C1408,2026-09-20T05:16:15.869Z,685.99,SHIPPED
ORD-3538,C1581,2026-09-06T09:56:24.649Z,702.75,PENDING
ORD-3539,C1391,2026-07-21T20:37:46.815Z,819.48,CANCELLED
ORD-3540,C1916,2026-09-20T10:54:58.179Z,696.73,PAID
ORD-3541,C887,2026-08-15T01:51:22.835Z,38.73,SHIPPED
ORD-3542,C468,2026-08-18T18:25:09.590Z,251.14,PENDING
ORD-3543,C18,2026-08-25T16:38:15.230Z,282.02,CANCELLED
ORD-3544,C1467,2026-09-04T10:25:38.387Z,737.09,PAID
ORD-3545,C1466,2026-09-06T13:47:06.078Z,637.24,SHIPPED
ORD-3546,C1885,2026-08-08T13:26:29.845Z,328.27,PENDING
ORD-3547,C1989,2026-07-30T09:34:48.515Z,64.08,CANCELLED
ORD-3548,C129,2026-07-19T12:35:20.720Z,93.72,PAID
ORD-3549,C7,2026-07-09T02:39:55.616Z,995.29,SHIPPED
ORD-3550,C493,2026-08-18T17:54:36.978Z,555.96,PENDING
ORD-3551,C666,2026-07-17T05:45:54.417Z,46.45,CANCELLED
ORD-3552,C1618,2026-07-31T11:17:01.284Z,991.77,PAID
ORD-3553,C243,2026-08-18T14:08:22.508Z,176.25,SHIPPED
ORD-3554,C1210,2026-08-15T09:28:16.227Z,128.21,PENDING
ORD-3555,C1938,2026-08-26T01:59:57.549Z,648.62,CANCELLED
ORD-3556,C528,2026-08-04T07:54:42.723Z,172.65,PAID
ORD-3557,C160,2026-09-27T20:58:45.839Z,97.83,SHIPPED
ORD-3558,C1401,2026-07-28T19:06:52.870Z,860.97,PENDING
ORD-3559,C1121,2026-07-19T10:00:26.263Z,350.76,CANCELLED
ORD-3560,C479,2026-08-22T01:10:33.677Z,326.37,PAID
ORD-3561,C1389,2026-08-01T06:31:13.567Z,597.84,SHIPPED
ORD-3562,C1234,2026-08-09T23:32:33.518Z,924.98,PENDING
ORD-3563,C597,2026-09-01T00:56:27.885Z,469.25,CANCELLED
ORD-3564,C1236,2026-09-11T09:00:32.249Z,405.55,PAID
ORD-3565,C600,2026-08-25T00:53:21.551Z,209.64,SHIPPED
ORD-3566,C946,2026-09-05T20:25:03.002Z,727.97,PENDING
ORD-3567,C1517,2026-09-29T12:24:02.115Z,324.09,CANCELLED
ORD-3568,C1755,2026-08-01T09:33:24.588Z,809.01,PAID
ORD-3569,C57,2026-07-09T21:43:16.903Z,233.12,SHIPPED
ORD-3570,C1073,2026-08-12T14:34:48.469Z,284.28,PENDING
ORD-3571,C8,2026-07-09T16:39:11.785Z,100.61,CANCELLED
ORD-3572,C1719,2026-08-27T15:26:09.062Z,391.01,PAID
ORD-3573,C1691,2026-10-01T05:01:52.415Z,919.86,SHIPPED
ORD-3574,C1238,2026-07-19T02:23:22.607Z,749.64,PENDING
ORD-3575,C615,2026-07-27T22:53:43.206Z,341.42,CANCELLED
ORD-3576,C1117,2026-07-27T23:19:13.552Z,959.60,PAID
ORD-3577,C1021,2026-08-23T17:43:02.535Z,210.31,SHIPPED
ORD-3578,C1649,2026-07-04T00:06:23.042Z,888.19,PENDING
ORD-3579,C616,2026-09-20T10:41:11.809Z,814.32,CANCELLED
ORD-3580,C965,2026-08-31T13:44:58.901Z,815.40,PAID
ORD-3581,C240,2026-08-28T16:28:19.476Z,958.45,SHIPPED
ORD-3582,C1811,2026-07-17T12:52:56.131Z,517.89,PENDING
ORD-3583,C569,2026-07-13T14:50:34.661Z,553.30,CANCELLED
ORD-3584,C1186,2026-07-27T04:58:49.774Z,488.89,PAID
ORD-3585,C87,2026-09-22T23:30:59.085Z,379.89,SHIPPED
ORD-3586,C1062,2026-08-30T12:36:45.398Z,718.28,PENDING
ORD-3587,C1925,2026-08-06T10:44:32.804Z,121.82,CANCELLED
ORD-3588,C363,2026-09-10T23:35:31.823Z,107.23,PAID
ORD-3589,C602,2026-08-23T19:40:11.643Z,777.55,SHIPPED
ORD-3590,C723,2026-07-10T12:27:02.177Z,46.64,PENDING
ORD-3591,C1101,2026-07-31T04:43:24.094Z,168.67,CANCELLED
ORD-3592,C828,2026-08-28T05:53:51.942Z,695.48,PAID
ORD-3593,C879,2026-07-13T11:18:03.291Z,162.62,SHIPPED
ORD-3594,C908,2026-08-05T08:40:26.110Z,451.27,PENDING
ORD-3595,C1332,2026-08-13T03:14:20.171Z,290.93,CANCELLED
ORD-3596,C1271,2026-07-11T17:49:46.262Z,359.33,PAID
ORD-3597,C1083,2026-08-29T14:42:41.086Z,796.74,SHIPPED
ORD-3598,C725,2026-07-28T11:13:01.664Z,22.96,PENDING
ORD-3599,C1696,2026-08-30T16:02:05.978Z,196.72,CANCELLED
ORD-3600,C374,2026-07-26T22:55:00.523Z,961.69,PAID
ORD-3601,C1671,2026-09-16T00:33:11.486Z,949.11,SHIPPED
ORD-3602,C1178,2026-08-04T17:55:28.451Z,882.98,PENDING
ORD-3603,C879,2026-09-21T03:06:13.786Z,604.21,CANCELLED
ORD-3604,C849,2026-07-20T19:48:18.010Z,671.49,PAID
ORD-3605,C126,2026-07-13T12:09:09.507Z,882.57,SHIPPED
ORD-3606,C598,2026-08-21T19:17:35.833Z,469.51,PENDING
ORD-3607,C1549,2026-07-11T21:20:43.789Z,601.55,CANCELLED
ORD-3608,C1833,2026-07-27T22:54:45.770Z,378.04,PAID
ORD-3609,C1186,2026-07-31T23:13:00.914Z,955.03,SHIPPED
ORD-3610,C1678,2026-08-15T20:23:08.294Z,973.52,PENDING
ORD-3611,C70,2026-08-23T04:48:19.999Z,151.33,CANCELLED
ORD-3612,C758,2026-09-26T11:01:40.860Z,497.92,PAID
ORD-3613,C1492,2026-09-07T11:03:13.683Z,497.40,SHIPPED
ORD-3614,C1550,2026-08-21T06:48:18.238Z,287.04,PENDING
ORD-3615,C1763,2026-08-18T08:56:58.279Z,375.80,CANCELLED
ORD-3616,C227,2026-08-10T22:34:48.391Z,871.14,PAID
ORD-3617,C413,2026-08-26T09:41:44.855Z,891.52,SHIPPED
ORD-3618,C157,2026-08-24T08:04:54.095Z,860.68,PENDING
ORD-3619,C376,2026-09-21T08:28:59.720Z,764.37,CANCELLED
ORD-3620,C72,2026-09-16T15:33:53.128Z,458.36,PAID
ORD-3621,C629,2026-07-23T20:04:14.728Z,544.35,SHIPPED
ORD-3622,C1743,2026-07-17T08:30:41.030Z,331.73,PENDING
ORD-3623,C1866,2026-08-15T02:42:41.340Z,843.23,CANCELLED
ORD-3624,C636,2026-07-19T06:48:27.883Z,579.30,PAID
ORD-3625,C1374,2026-07-17T00:27:03.697Z,77.69,SHIPPED
ORD-3626,C301,2026-08-29T13:47:59.739Z,537.75,PENDING
ORD-3627,C257,2026-09-15T09:02:11.740Z,851.17,CANCELLED
ORD-3628,C675,2026-08-02T10:33:22.368Z,894.80,PAID
ORD-3629,C436,2026-08-25T14:32:00.407Z,677.18,SHIPPED
ORD-3630,C841,2026-09-08T23:33:47.604Z,858.54,PENDING
ORD-3631,C1937,2026-08-05T21:40:08.910Z,333.08,CANCELLED
ORD-3632,C224,2026-09-05T21:36:22.838Z,224.02,PAID
ORD-3633,C443,2026-09-24T11:22:49.630Z,519.44,SHIPPED
ORD-3634,C65,2026-09-21T11:43:25.978Z,414.39,PENDING
ORD-3635,C1024,2026-07-14T16:48:07.252Z,733.89,CANCELLED
ORD-3636,C1653,2026-08-19T02:25:00.087Z,138.20,PAID
ORD-3637,C527,2026-08-21T08:57:45.076Z,37.73,SHIPPED
ORD-3638,C934,2026-08-04T03:01:26.394Z,627.96,PENDING
ORD-3639,C1336,2026-09-05T08:07:29.157Z,831.58,CANCELLED
ORD-3640,C1033,2026-07-30T05:47:38.517Z,73.13,PAID
ORD-3641,C747,2026-08-25T07:08:26.674Z,707.76,SHIPPED
ORD-3642,C428,2026-09-08T17:54:16.701Z,872.07,PENDING
ORD-3643,C349,2026-08-19T12:40:34.829Z,41.66,CANCELLED
ORD-3644,C868,2026-08-11T16:11:37.881Z,438.38,PAID
ORD-3645,C1572,2026-08-27T10:28:42.793Z,141.70,SHIPPED
ORD-3646,C1595,2026-09-01T00:46:00.527Z,768.57,PENDING
ORD-3647,C641,2026-07-10T00:20:47.070Z,712.21,CANCELLED
ORD-3648,C206,2026-07-27T05:46:20.711Z,584.51,PAID
ORD-3649,C195,2026-07-10T10:46:36.094Z,156.95,SHIPPED
ORD-3650,C1593,2026-08-26T18:47:22.731Z,156.13,PENDING
ORD-3651,C1215,2026-07-11T07:56:26.600Z,650.14,CANCELLED
ORD-3652,C1359,2026-07-07T09:20:23.164Z,971.62,PAID
ORD-3653,C1281,2026-07-13T22:10:42.641Z,826.26,SHIPPED
ORD-3654,C1249,2026-08-18T11:28:38.024Z,516.50,PENDING
ORD-3655,C1181,2026-07-15T07:17:45.927Z,68.17,CANCELLED
ORD-3656,C655,2026-09-27T08:32:12.644Z,234.29,PAID
ORD-3657,C288,2026-07-26T08:11:17.760Z,364.21,SHIPPED
ORD-3658,C1129,2026-07-18T02:31:54.586Z,226.26,PENDING
ORD-3659,C1743,2026-08-31T01:13:21.959Z,160.60,CANCELLED
ORD-3660,C85,2026-07-19T16:22:50.254Z,862.42,PAID
ORD-3661,C1340,2026-08-24T06:27:15.170Z,280.39,SHIPPED
ORD-3662,C1156,2026-07-22T18:37:59.930Z,977.84,PENDING
ORD-3663,C1174,2026-08-17T20:29:30.249Z,517.34,CANCELLED
ORD-3664,C1850,2026-08-07T00:45:16.659Z,770.78,PAID
ORD-3665,C204,2026-08-21T18:44:42.951Z,166.59,SHIPPED
ORD-3666,C273,2026-08-09T15:03:24.199Z,590.40,PENDING
ORD-3667,C788,2026-08-30T14:48:46.436Z,696.06,CANCELLED
ORD-3668,C1809,2026-08-05T05:43:23.034Z,894.96,PAID
ORD-3669,C640,2026-07-27T17:04:13.469Z,538.19,SHIPPED
ORD-3670,C247,2026-08-02T20:00:25.546Z,638.29,PENDING
ORD-3671,C1266,2026-07-09T14:56:45.698Z,183.37,CANCELLED
ORD-3672,C898,2026-09-24T21:23:59.729Z,234.27,PAID
ORD-3673,C1420,2026-07-14T10:49:15.362Z,389.48,SHIPPED
ORD-3674,C1500,2026-08-25T03:20:21.270Z,843.31,PENDING
ORD-3675,C1199,2026-09-13T03:37:13.393Z,93.10,CANCELLED
ORD-3676,C1343,2026-08-06T05:30:16.103Z,538.31,PAID
ORD-3677,C1310,2026-09-08T01:17:08.389Z,888.49,SHIPPED
ORD-3678,C1981,2026-09-17T09:21:22.836Z,615.57,PENDING
ORD-3679,C973,2026-08-19T21:18:33.347Z,195.19,CANCELLED
ORD-3680,C1415,2026-08-10T15:07:56.519Z,637.92,PAID
ORD-3681,C1540,2026-07-21T01:23:28.253Z,240.04,SHIPPED
ORD-3682,C832,2026-09-19T09:04:27.107Z,556.16,PENDING
ORD-3683,C1750,2026-07-23T16:45:02.634Z,434.25,CANCELLED
ORD-3684,C1580,2026-08-22T18:01:23.801Z,629.75,PAID
ORD-3685,C1345,2026-09-18T14:22:14.016Z,862.79,SHIPPED
ORD-3686,C1431,2026-09-09T05:15:35.588Z,761.73,PENDING
ORD-3687,C590,2026-07-21T08:04:24.462Z,299.02,CANCELLED
ORD-3688,C1407,2026-09-06T13:19:13.367Z,77.00,PAID
ORD-3689,C702,2026-07-30T09:59:16.952Z,540.15,SHIPPED
ORD-3690,C1290,2026-07-20T22:35:09.624Z,784.13,PENDING
ORD-3691,C1179,2026-07-28T20:25:16.510Z,590.04,CANCELLED
ORD-3692,C1443,2026-08-19T03:39:51.023Z,318.35,PAID
ORD-3693,C775,2026-08-13T11:18:34.792Z,363.57,SHIPPED
ORD-3694,C1554,2026-08-20T19:24:28.511Z,329.49,PENDING
ORD-3695,C16,2026-07-29T13:24:49.231Z,899.62,CANCELLED
ORD-3696,C1415,2026-07-30T14:55:04.832Z,206.83,PAID
ORD-3697,C356,2026-09-15T22:17:05.646Z,277.09,SHIPPED
ORD-3698,C1331,2026-09-02T12:53:37.402Z,378.45,PENDING
ORD-3699,C1385,2026-08-12T19:03:43.227Z,771.03,CANCELLED
ORD-3700,C84,2026-09-09T09:29:39.994Z,100.28,PAID
ORD-3701,C204,2026-08-24T17:55:15.711Z,716.42,SHIPPED
ORD-3702,C1224,2026-08-12T12:55:32.304Z,341.78,PENDING
ORD-3703,C744,2026-08-13T15:46:31.455Z,55.91,CANCELLED
ORD-3704,C1916,2026-08-07T14:49:52.869Z,418.38,PAID
ORD-3705,C788,2026-07-07T09:16:36.997Z,857.80,SHIPPED
ORD-3706,C726,2026-08-05T21:35:41.380Z,665.52,PENDING
ORD-3707,C1756,2026-07-14T13:32:12.915Z,843.46,CANCELLED
ORD-3708,C1093,2026-08-19T03:49:03.668Z,110.54,PAID
ORD-3709,C1177,2026-08-27T01:15:05.630Z,326.73,SHIPPED
ORD-3710,C1357,2026-08-06T20:41:24.939Z,951.24,PENDING
ORD-3711,C1911,2026-08-04T00:54:35.239Z,693.64,CANCELLED
ORD-3712,C1147,2026-09-14T15:33:37.698Z,34.68,PAID
ORD-3713,C1669,2026-09-25T15:31:30.972Z,111.52,SHIPPED
ORD-3714,C1169,2026-07-12T03:02:00.506Z,12.16,PENDING
ORD-3715,C1977,2026-07-10T02:43:12.262Z,36.88,CANCELLED
ORD-3716,C1518,2026-08-01T00:00:59.117Z,832.92,PAID
ORD-3717,C828,2026-08-04T10:01:15.695Z,312.91,SHIPPED
ORD-3718,C1275,2026-09-26T14:43:13.906Z,77.89,PENDING
ORD-3719,C1079,2026-09-08T08:17:16.996Z,669.82,CANCELLED
ORD-3720,C1090,2026-08-23T00:02:28.534Z,299.32,PAID
ORD-3721,C1170,2026-08-18T04:39:16.570Z,591.14,SHIPPED
ORD-3722,C1202,2026-07-31T22:08:34.257Z,58.53,PENDING
ORD-3723,C787,2026-07-27T03:20:04.399Z,427.00,CANCELLED
ORD-3724,C286,2026-08-06T13:32:55.892Z,855.39,PAID
ORD-3725,C69,2026-08-18T00:19:42.481Z,816.90,SHIPPED
ORD-3726,C1429,2026-07-06T03:40:06.794Z,128.44,PENDING
ORD-3727,C458,2026-07-05T21:44:13.710Z,928.21,CANCELLED
ORD-3728,C1621,2026-07-21T06:51:06.292Z,950.87,PAID
ORD-3729,C369,2026-09-23T19:14:39.378Z,47.32,SHIPPED
ORD-3730,C1564,2026-08-17T22:51:47.049Z,416.13,PENDING
ORD-3731,C241,2026-08-18T00:37:46.710Z,822.66,CANCELLED
ORD-3732,C973,2026-07-31T14:10:58.438Z,623.87,PAID
ORD-3733,C929,2026-08-13T01:41:16.036Z,470.07,SHIPPED
ORD-3734,C1824,2026-09-13T15:26:11.761Z,800.28,PENDING
ORD-3735,C1888,2026-07-14T05:45:49.238Z,795.29,CANCELLED
ORD-3736,C1421,2026-08-21T14:23:05.263Z,353.79,PAID
ORD-3737,C229,2026-09-08T21:39:07.162Z,350.21,SHIPPED
ORD-3738,C1057,2026-08-04T12:40:48.174Z,77.96,PENDING
ORD-3739,C505,2026-08-27T03:58:04.013Z,364.55,CANCELLED
ORD-3740,C311,2026-09-29T14:17:17.736Z,24.75,PAID
ORD-3741,C1778,2026-08-19T07:55:11.739Z,403.66,SHIPPED
ORD-3742,C818,2026-09-12T18:55:24.246Z,519.20,PENDING
ORD-3743,C1767,2026-09-09T19:52:43.447Z,745.29,CANCELLED
ORD-3744,C1818,2026-09-05T18:10:12.302Z,598.91,PAID
ORD-3745,C1662,2026-07-23T18:19:49.647Z,116.57,SHIPPED
ORD-3746,C972,2026-08-14T06:48:02.645Z,403.99,PENDING
ORD-3747,C411,2026-07-20T07:42:19.272Z,43.92,CANCELLED
ORD-3748,C254,2026-09-07T17:34:16.347Z,971.88,PAID
ORD-3749,C236,2026-07-20T07:18:43.276Z,495.17,SHIPPED
ORD-3750,C1435,2026-09-11T03:29:31.821Z,765.17,PENDING
ORD-3751,C1284,2026-08-15T01:33:25.128Z,649.32,CANCELLED
ORD-3752,C1171,2026-08-01T11:18:37.728Z,636.32,PAID
ORD-3753,C521,2026-09-16T10:39:48.319Z,206.89,SHIPPED
ORD-3754,C76,2026-09-19T08:53:25.575Z,924.05,PENDING
ORD-3755,C1530,2026-08-03T01:41:51.644Z,747.44,CANCELLED
ORD-3756,C190,2026-08-18T20:04:52.151Z,964.19,PAID
ORD-3757,C1883,2026-09-08T17:36:43.208Z,310.64,SHIPPED
ORD-3758,C1491,2026-07-11T18:23:27.031Z,770.60,PENDING
ORD-3759,C341,2026-09-08T23:31:25.922Z,315.24,CANCELLED
ORD-3760,C657,2026-07-22T17:09:40.725Z,487.83,PAID
ORD-3761,C1807,2026-08-13T22:53:30.569Z,37.71,SHIPPED
ORD-3762,C819,2026-08-17T07:40:49.667Z,631.04,PENDING
ORD-3763,C1953,2026-09-29T08:22:57.766Z,133.88,CANCELLED
ORD-3764,C507,2026-08-21T08:09:44.966Z,744.24,PAID
ORD-3765,C80,2026-07-07T21:32:54.332Z,342.57,SHIPPED
ORD-3766,C848,2026-09-29T22:43:50.602Z,43.82,PENDING
ORD-3767,C643,2026-09-08T15:06:46.141Z,689.80,CANCELLED
ORD-3768,C636,2026-07-07T08:23:55.931Z,105.72,PAID
ORD-3769,C1285,2026-08-01T07:37:43.473Z,515.69,SHIPPED
ORD-3770,C1909,2026-08-15T19:30:45.559Z,181.93,PENDING
ORD-3771,C666,2026-08-03T09:30:33.792Z,860.90,CANCELLED
ORD-3772,C454,2026-08-27T21:58:22.175Z,423.52,PAID
ORD-3773,C1015,2026-08-06T21:58:26.770Z,122.58,SHIPPED
ORD-3774,C1467,2026-09-26T13:39:56.410Z,999.96,PENDING
ORD-3775,C1426,2026-09-11T16:49:33.597Z,55.59,CANCELLED
ORD-3776,C236,2026-07-13T17:59:26.177Z,58.92,PAID
ORD-3777,C1881,2026-07-10T11:42:10.930Z,591.19,SHIPPED
ORD-3778,C1267,2026-07-21T13:22:06.954Z,665.71,PENDING
ORD-3779,C858,2026-09-06T17:28:43.247Z,622.47,CANCELLED
ORD-3780,C508,2026-09-04T14:39:01.803Z,886.61,PAID
ORD-3781,C1682,2026-07-28T17:58:15.821Z,590.55,SHIPPED
ORD-3782,C924,2026-07-20T01:51:08.674Z,576.86,PENDING
ORD-3783,C275,2026-07-10T15:10:49.080Z,986.01,CANCELLED
ORD-3784,C839,2026-08-18T13:05:34.094Z,167.96,PAID
ORD-3785,C1561,2026-09-05T09:37:50.663Z,319.04,SHIPPED
ORD-3786,C1123,2026-08-12T06:13:17.989Z,133.63,PENDING
ORD-3787,C610,2026-08-17T00:40:58.473Z,367.40,CANCELLED
ORD-3788,C354,2026-07-13T09:52:47.858Z,347.32,PAID
ORD-3789,C546,2026-09-27T11:40:16.844Z,472.16,SHIPPED
ORD-3790,C796,2026-07-15T16:15:59.806Z,127.24,PENDING
ORD-3791,C1579,2026-08-19T03:46:09.938Z,174.39,CANCELLED
ORD-3792,C307,2026-08-19T22:41:09.073Z,24.76,PAID
ORD-3793,C246,2026-07-14T04:21:20.457Z,190.75,SHIPPED
ORD-3794,C724,2026-07-18T12:25:07.858Z,446.76,PENDING
ORD-3795,C1027,2026-07-20T15:51:33.087Z,270.47,CANCELLED
ORD-3796,C1769,2026-08-04T10:14:06.086Z,680.95,PAID
ORD-3797,C368,2026-07-08T07:46:21.434Z,795.10,SHIPPED
ORD-3798,C225,2026-09-30T01:41:13.409Z,353.76,PENDING
ORD-3799,C788,2026-07-15T16:30:03.230Z,55.30,CANCELLED
ORD-3800,C49,2026-09-17T22:30:07.551Z,63.06,PAID
ORD-3801,C1456,2026-07-21T23:22:23.146Z,134.51,SHIPPED
ORD-3802,C1285,2026-09-17T13:26:41.841Z,988.85,PENDING
ORD-3803,C1677,2026-09-25T20:44:47.452Z,32.06,CANCELLED
ORD-3804,C1334,2026-08-04T22:59:10.648Z,850.07,PAID
ORD-3805,C583,2026-08-21T04:10:41.180Z,900.14,SHIPPED
ORD-3806,C100,2026-09-13T16:12:32.689Z,579.56,PENDING
ORD-3807,C1910,2026-09-06T19:32:46.238Z,198.33,CANCELLED
ORD-3808,C1005,2026-09-25T19:09:03.384Z,32.46,PAID
ORD-3809,C1724,2026-08-18T23:50:17.759Z,498.86,SHIPPED
ORD-3810,C179,2026-07-06T16:02:23.082Z,1.26,PENDING
ORD-3811,C1490,2026-08-12T20:42:43.414Z,340.91,CANCELLED
ORD-3812,C1567,2026-07-23T19:22:14.777Z,5.12,PAID
ORD-3813,C286,2026-09-09T03:49:33.492Z,454.81,SHIPPED
ORD-3814,C1812,2026-07-18T13:19:57.159Z,617.90,PENDING
ORD-3815,C1651,2026-08-08T10:37:47.278Z,135.01,CANCELLED
ORD-3816,C694,2026-09-02T20:12:20.212Z,246.38,PAID
ORD-3817,C1797,2026-08-09T19:22:53.908Z,319.29,SHIPPED
ORD-3818,C157,2026-07-10T00:42:50.592Z,111.81,PENDING
ORD-3819,C1941,2026-07-31T17:46:38.697Z,113.71,CANCELLED
ORD-3820,C910,2026-07-24T15:25:20.535Z,809.60,PAID
ORD-3821,C1129,2026-08-08T00:37:53.964Z,913.61,SHIPPED
ORD-3822,C1022,2026-08-13T04:19:24.988Z,242.28,PENDING
ORD-3823,C1382,2026-07-31T05:24:10.345Z,913.11,CANCELLED
ORD-3824,C1206,2026-07-03T20:16:37.635Z,766.84,PAID
ORD-3825,C1768,2026-07-04T12:18:43.577Z,329.43,SHIPPED
ORD-3826,C777,2026-08-03T14:45:17.400Z,900.26,PENDING
ORD-3827,C648,2026-09-18T00:52:31.087Z,744.97,CANCELLED
ORD-3828,C1285,2026-07-08T19:46:48.449Z,514.55,PAID
ORD-3829,C1713,2026-08-24T23:50:37.183Z,592.82,SHIPPED
ORD-3830,C9,2026-08-20T17:05:23.962Z,66.50,PENDING
ORD-3831,C1044,2026-08-26T00:44:22.572Z,59.66,CANCELLED
ORD-3832,C796,2026-07-25T23:31:07.367Z,216.13,PAID
ORD-3833,C187,2026-09-22T20:26:40.293Z,968.63,SHIPPED
ORD-3834,C1069,2026-08-29T20:21:36.444Z,612.27,PENDING
ORD-3835,C1374,2026-09-14T06:09:51.615Z,311.15,CANCELLED
ORD-3836,C1107,2026-08-19T16:58:46.201Z,210.91,PAID
ORD-3837,C1643,2026-08-17T14:31:14.220Z,183.77,SHIPPED
ORD-3838,C145,2026-09-21T17:50:20.101Z,335.45,PENDING
ORD-3839,C1105,2026-09-28T08:38:21.312Z,512.08,CANCELLED
ORD-3840,C336,2026-07-27T01:58:39.940Z,299.40,PAID
ORD-3841,C998,2026-08-10T21:47:45.138Z,191.24,SHIPPED
ORD-3842,C351,2026-08-13T20:34:22.718Z,847.22,PENDING
ORD-3843,C1621,2026-07-12T07:26:21.444Z,209.70,CANCELLED
ORD-3844,C1124,2026-07-29T01:35:33.679Z,947.17,PAID
ORD-3845,C771,2026-09-11T20:34:25.514Z,399.55,SHIPPED
ORD-3846,C1088,2026-09-14T08:54:47.269Z,63.61,PENDING
ORD-3847,C1832,2026-09-17T08:32:20.963Z,477.57,CANCELLED
ORD-3848,C1107,2026-08-23T15:25:57.054Z,758.61,PAID
ORD-3849,C530,2026-07-04T09:27:49.755Z,661.66,SHIPPED
ORD-3850,C1863,2026-08-25T04:40:00.296Z,385.42,PENDING
ORD-3851,C1022,2026-07-06T10:42:07.459Z,997.43,CANCELLED
ORD-3852,C653,2026-09-20T05:09:40.855Z,114.22,PAID
ORD-3853,C491,2026-09-04T21:01:25.427Z,61.67,SHIPPED
ORD-3854,C134,2026-09-21T01:17:08.950Z,684.69,PENDING
ORD-3855,C1545,2026-07-14T08:49:24.741Z,748.30,CANCELLED
ORD-3856,C1788,2026-07-07T16:20:29.688Z,883.74,PAID
ORD-3857,C358,2026-08-28T11:50:46.438Z,556.46,SHIPPED
ORD-3858,C1871,2026-09-22T15:30:27.231Z,418.77,PENDING
ORD-3859,C215,2026-07-28T07:08:45.688Z,672.14,CANCELLED
ORD-3860,C1721,2026-09-22T09:06:15.365Z,143.70,PAID
ORD-3861,C1141,2026-09-08T10:29:50.306Z,384.78,SHIPPED
ORD-3862,C324,2026-09-26T12:39:40.664Z,736.66,PENDING
ORD-3863,C1493,2026-07-04T04:30:36.209Z,23.01,CANCELLED
ORD-3864,C493,2026-08-20T21:16:25.920Z,472.36,PAID
ORD-3865,C397,2026-07-13T21:41:26.085Z,173.93,SHIPPED
ORD-3866,C892,2026-08-22T18:04:52.972Z,541.24,PENDING
ORD-3867,C902,2026-09-24T03:37:59.975Z,400.99,CANCELLED
ORD-3868,C1975,2026-08-13T08:50:08.133Z,876.74,PAID
ORD-3869,C349,2026-07-09T16:18:48.662Z,274.42,SHIPPED
ORD-3870,C232,2026-07-13T15:58:55.078Z,337.30,PENDING
ORD-3871,C690,2026-09-05T10:57:44.369Z,727.30,CANCELLED
ORD-3872,C1147,2026-09-19T10:04:26.934Z,279.37,PAID
ORD-3873,C1667,2026-07-24T06:34:54.201Z,279.12,SHIPPED
ORD-3874,C897,2026-08-31T06:49:47.986Z,949.39,PENDING
ORD-3875,C1466,2026-09-22T11:25:00.585Z,730.40,CANCELLED
ORD-3876,C1401,2026-09-18T01:53:48.746Z,204.17,PAID
ORD-3877,C829,2026-08-05T00:55:30.748Z,537.14,SHIPPED
ORD-3878,C1246,2026-09-08T01:00:06.029Z,829.47,PENDING
ORD-3879,C1223,2026-09-21T17:59:21.295Z,601.24,CANCELLED
ORD-3880,C1798,2026-09-29T20:20:06.742Z,560.44,PAID
ORD-3881,C1430,2026-08-04T14:26:29.466Z,574.18,SHIPPED
ORD-3882,C35,2026-09-20T19:06:11.870Z,236.60,PENDING
ORD-3883,C1602,2026-08-20T07:36:52.666Z,533.40,CANCELLED
ORD-3884,C1144,2026-07-07T02:17:48.704Z,204.49,PAID
ORD-3885,C507,2026-09-16T04:22:20.017Z,149.95,SHIPPED
ORD-3886,C710,2026-09-10T13:07:35.773Z,760.66,PENDING
ORD-3887,C1742,2026-09-11T22:52:19.188Z,504.41,CANCELLED
ORD-3888,C1236,2026-09-07T06:21:58.310Z,622.89,PAID
ORD-3889,C1460,2026-09-04T00:17:09.931Z,922.22,SHIPPED
ORD-3890,C551,2026-07-15T00:54:24.383Z,828.19,PENDING
ORD-3891,C14,2026-07-22T23:09:40.759Z,436.36,CANCELLED
ORD-3892,C1023,2026-09-22T11:57:40.531Z,610.98,PAID
ORD-3893,C1716,2026-08-12T20:33:34.093Z,979.53,SHIPPED
ORD-3894,C1217,2026-09-15T19:40:34.409Z,72.13,PENDING
ORD-3895,C1792,2026-08-13T22:04:04.798Z,794.72,CANCELLED
ORD-3896,C1636,2026-09-16T15:52:57.650Z,217.23,PAID
ORD-3897,C657,2026-07-28T01:41:07.341Z,825.59,SHIPPED
ORD-3898,C263,2026-08-22T20:28:35.261Z,490.88,PENDING
ORD-3899,C1052,2026-09-07T14:45:44.658Z,14.37,CANCELLED
ORD-3900,C1311,2026-07-21T06:05:12.744Z,781.15,PAID
ORD-3901,C1102,2026-07-18T00:25:05.519Z,333.26,SHIPPED
ORD-3902,C190,2026-08-22T03:46:07.214Z,571.00,PENDING
ORD-3903,C1968,2026-09-04T00:05:18.264Z,945.71,CANCELLED
ORD-3904,C1322,2026-09-07T02:14:37.713Z,40.97,PAID
ORD-3905,C1350,2026-08-22T12:31:24.779Z,935.38,SHIPPED
ORD-3906,C1636,2026-09-05T01:48:45.202Z,905.42,PENDING
ORD-3907,C140,2026-09-02T07:50:22.897Z,42.12,CANCELLED
ORD-3908,C770,2026-07-24T06:33:45.295Z,878.02,PAID
ORD-3909,C1349,2026-08-18T07:26:47.212Z,226.40,SHIPPED
ORD-3910,C1880,2026-07-11T17:11:00.376Z,129.15,PENDING
ORD-3911,C25,2026-07-22T19:33:47.405Z,603.46,CANCELLED
ORD-3912,C1049,2026-08-19T13:24:45.176Z,174.33,PAID
ORD-3913,C1765,2026-08-02T02:58:01.501Z,765.39,SHIPPED
ORD-3914,C101,2026-08-01T02:00:43.154Z,61.65,PENDING
ORD-3915,C1355,2026-09-05T14:51:57.593Z,240.56,CANCELLED
ORD-3916,C148,2026-07-14T09:54:33.531Z,338.45,PAID
ORD-3917,C855,2026-09-10T16:12:17.038Z,575.59,SHIPPED
ORD-3918,C1853,2026-07-28T09:29:47.094Z,793.10,PENDING
ORD-3919,C1880,2026-08-18T17:00:18.189Z,353.40,CANCELLED
ORD-3920,C1695,2026-08-11T09:24:12.574Z,154.37,PAID
ORD-3921,C963,2026-09-15T15:30:21.968Z,860.05,SHIPPED
ORD-3922,C1578,2026-08-15T12:49:46.375Z,677.00,PENDING
ORD-3923,C130,2026-07-04T10:40:26.739Z,601.04,CANCELLED
ORD-3924,C1571,2026-07-12T07:30:17.107Z,88.49,PAID
ORD-3925,C1976,2026-09-03T03:56:29.698Z,503.49,SHIPPED
ORD-3926,C1866,2026-09-12T11:06:58.390Z,820.51,PENDING
ORD-3927,C20,2026-09-09T21:50:22.733Z,30.24,CANCELLED
ORD-3928,C430,2026-07-18T10:13:46.583Z,956.58,PAID
ORD-3929,C241,2026-09-27T23:05:21.729Z,18.19,SHIPPED
ORD-3930,C773,2026-07-20T03:28:28.157Z,57.81,PENDING
ORD-3931,C1690,2026-08-21T10:14:41.803Z,365.94,CANCELLED
ORD-3932,C1252,2026-07-22T23:26:58.823Z,336.64,PAID
ORD-3933,C779,2026-09-10T09:07:55.866Z,459.91,SHIPPED
ORD-3934,C397,2026-09-12T21:37:24.267Z,494.06,PENDING
ORD-3935,C956,2026-09-30T05:47:04.236Z,746.42,CANCELLED
ORD-3936,C1622,2026-08-23T05:40:23.432Z,524.56,PAID
ORD-3937,C662,2026-07-09T21:19:29.269Z,863.82,SHIPPED
ORD-3938,C838,2026-07-27T07:19:55.414Z,151.54,PENDING
ORD-3939,C766,2026-07-21T07:51:56.136Z,390.36,CANCELLED
ORD-3940,C1809,2026-07-06T20:40:59.325Z,565.98,PAID
ORD-3941,C763,2026-08-17T13:09:56.535Z,209.05,SHIPPED
ORD-3942,C314,2026-08-02T07:05:01.629Z,700.82,PENDING
ORD-3943,C1089,2026-08-24T17:12:05.835Z,61.40,CANCELLED
ORD-3944,C100,2026-09-24T15:02:26.534Z,297.13,PAID
ORD-3945,C34,2026-09-05T07:00:09.654Z,845.59,SHIPPED
ORD-3946,C1854,2026-08-13T16:21:21.555Z,239.47,PENDING
ORD-3947,C1117,2026-08-21T06:03:01.308Z,715.11,CANCELLED
ORD-3948,C1215,2026-08-29T01:23:37.296Z,130.88,PAID
ORD-3949,C477,2026-07-25T00:19:34.092Z,291.10,SHIPPED
ORD-3950,C1205,2026-08-15T16:07:52.221Z,319.66,PENDING
ORD-3951,C810,2026-08-21T17:42:42.460Z,154.65,CANCELLED
ORD-3952,C630,2026-09-09T12:33:22.290Z,798.30,PAID
ORD-3953,C1169,2026-07-14T22:34:50.056Z,277.28,SHIPPED
ORD-3954,C192,2026-09-08T08:22:52.304Z,137.01,PENDING
ORD-3955,C1548,2026-09-12T17:34:28.227Z,276.25,CANCELLED
ORD-3956,C860,2026-09-20T16:12:56.196Z,95.03,PAID
ORD-3957,C1546,2026-08-10T21:52:03.115Z,474.50,SHIPPED
ORD-3958,C936,2026-08-24T02:38:12.563Z,119.58,PENDING
ORD-3959,C110,2026-07-27T22:02:43.851Z,512.59,CANCELLED
ORD-3960,C649,2026-08-14T09:23:29.426Z,578.13,PAID
ORD-3961,C1372,2026-07-30T02:57:31.037Z,554.80,SHIPPED
ORD-3962,C1863,2026-08-11T15:43:00.184Z,788.45,PENDING
ORD-3963,C813,2026-07-11T01:57:50.709Z,52.54,CANCELLED
ORD-3964,C1131,2026-08-24T05:13:59.626Z,865.62,PAID
ORD-3965,C1082,2026-09-29T01:39:14.190Z,703.54,SHIPPED
ORD-3966,C902,2026-08-20T04:50:16.053Z,355.01,PENDING
ORD-3967,C528,2026-08-09T14:02:23.650Z,628.33,CANCELLED
ORD-3968,C1150,2026-08-08T04:00:35.000Z,994.64,PAID
ORD-3969,C933,2026-09-19T18:11:53.783Z,53.74,SHIPPED
ORD-3970,C1491,2026-09-10T05:40:01.170Z,266.43,PENDING
ORD-3971,C1767,2026-09-09T10:36:32.237Z,943.93,CANCELLED
ORD-3972,C1717,2026-08-18T02:37:10.992Z,254.93,PAID
ORD-3973,C1947,2026-07-04T12:30:04.517Z,225.58,SHIPPED
ORD-3974,C1402,2026-08-05T13:02:37.569Z,718.92,PENDING
ORD-3975,C1223,2026-07-27T23:54:24.042Z,840.78,CANCELLED
ORD-3976,C976,2026-10-01T01:00:35.963Z,145.26,PAID
ORD-3977,C959,2026-08-17T08:11:48.240Z,373.95,SHIPPED
ORD-3978,C1062,2026-08-13T10:31:22.338Z,574.76,PENDING
ORD-3979,C1340,2026-09-18T07:15:34.840Z,128.31,CANCELLED
ORD-3980,C639,2026-08-05T16:37:16.310Z,339.52,PAID
ORD-3981,C1836,2026-08-10T18:02:27.501Z,344.68,SHIPPED
ORD-3982,C1186,2026-09-05T22:37:02.569Z,614.66,PENDING
ORD-3983,C1943,2026-08-31T11:21:25.285Z,76.33,CANCELLED
ORD-3984,C19,2026-07-26T16:53:36.767Z,108.49,PAID
ORD-3985,C213,2026-09-08T06:51:24.509Z,100.36,SHIPPED
ORD-3986,C20,2026-09-06T12:49:43.202Z,743.71,PENDING
ORD-3987,C961,2026-09-07T20:52:58.020Z,946.83,CANCELLED
ORD-3988,C560,2026-08-15T03:54:02.138Z,72.92,PAID
ORD-3989,C1600,2026-09-08T03:56:31.778Z,619.02,SHIPPED
ORD-3990,C1223,2026-09-15T19:12:14.180Z,482.09,PENDING
ORD-3991,C574,2026-08-11T14:02:32.370Z,6.20,CANCELLED
ORD-3992,C1269,2026-07-04T14:51:38.257Z,128.35,PAID
ORD-3993,C1347,2026-08-03T22:27:02.173Z,524.53,SHIPPED
ORD-3994,C580,2026-08-21T05:47:46.438Z,767.18,PENDING
ORD-3995,C1167,2026-09-02T07:49:33.424Z,553.21,CANCELLED
ORD-3996,C1812,2026-07-22T14:25:51.270Z,971.12,PAID
ORD-3997,C1617,2026-08-04T23:22:40.035Z,999.31,SHIPPED
ORD-3998,C1584,2026-08-05T00:32:35.496Z,929.33,PENDING
ORD-3999,C956,2026-09-30T11:58:54.995Z,206.75,CANCELLED
ORD-4000,C1483,not-a-date,78.29,PAID
ORD-4001,C94,2026-07-29T05:44:05.296Z,330.06,SHIPPED
ORD-4002,C1962,2026-07-13T18:17:11.864Z,630.16,PENDING
ORD-4003,C1447,2026-07-23T20:19:02.779Z,796.21,CANCELLED
ORD-4004,C1024,2026-08-05T04:57:22.559Z,257.74,PAID
ORD-4005,C740,2026-09-25T14:48:24.147Z,984.66,SHIPPED
ORD-4006,C922,2026-09-20T12:20:47.168Z,970.31,PENDING
ORD-4007,C1096,2026-07-28T10:51:47.436Z,308.28,CANCELLED
ORD-4008,C1159,2026-09-29T06:39:04.339Z,902.97,PAID
ORD-4009,C1794,2026-07-03T15:22:27.698Z,320.81,SHIPPED
ORD-4010,C1010,2026-09-07T06:00:21.259Z,630.01,PENDING
ORD-4011,C669,2026-09-06T04:00:48.952Z,475.69,CANCELLED
ORD-4012,C919,2026-08-02T08:22:35.090Z,45.63,PAID
ORD-4013,C1753,2026-08-23T03:43:11.056Z,475.20,SHIPPED
ORD-4014,C273,2026-08-22T19:23:30.342Z,414.11,PENDING
ORD-4015,C1824,2026-09-08T06:15:15.858Z,812.27,CANCELLED
ORD-4016,C1256,2026-07-21T19:54:09.180Z,558.68,PAID
ORD-4017,C1283,2026-07-19T17:27:44.435Z,535.80,SHIPPED
ORD-4018,C1471,2026-09-20T02:23:25.284Z,876.30,PENDING
ORD-4019,C1664,2026-07-22T02:26:11.680Z,837.76,CANCELLED
ORD-4020,C868,2026-07-29T00:09:58.244Z,145.99,PAID
ORD-4021,C1296,2026-07-06T20:14:55.510Z,485.04,SHIPPED
ORD-4022,C72,2026-09-01T23:07:37.421Z,778.14,PENDING
ORD-4023,C242,2026-08-02T19:04:55.974Z,330.90,CANCELLED
ORD-4024,C888,2026-07-17T17:34:42.997Z,780.89,PAID
ORD-4025,C1460,2026-08-26T07:53:33.691Z,348.41,SHIPPED
ORD-4026,C1915,2026-08-29T18:53:58.846Z,615.02,PENDING
ORD-4027,C25,2026-09-30T22:33:21.044Z,919.96,CANCELLED
ORD-4028,C537,2026-09-13T15:43:46.887Z,376.48,PAID
ORD-4029,C837,2026-09-21T16:39:43.925Z,177.56,SHIPPED
ORD-4030,C638,2026-09-16T06:56:47.905Z,204.71,PENDING
ORD-4031,C573,2026-09-12T19:09:06.420Z,946.32,CANCELLED
ORD-4032,C1389,2026-08-22T12:46:54.030Z,175.59,PAID
ORD-4033,C1885,2026-09-11T12:31:32.318Z,984.76,SHIPPED
ORD-4034,C119,2026-07-07T08:27:54.213Z,576.09,PENDING
ORD-4035,C251,2026-09-11T22:07:06.540Z,812.28,CANCELLED
ORD-4036,C1734,2026-08-12T07:21:10.813Z,350.51,PAID
ORD-4037,C419,2026-08-23T01:59:00.029Z,648.91,SHIPPED
ORD-4038,C1901,2026-07-09T06:58:01.821Z,226.21,PENDING
ORD-4039,C148,2026-08-05T15:24:19.404Z,204.46,CANCELLED
ORD-4040,C366,2026-08-30T21:10:42.468Z,827.21,PAID
ORD-4041,C944,2026-07-28T00:09:36.687Z,763.12,SHIPPED
ORD-4042,C524,2026-09-04T15:38:25.812Z,531.58,PENDING
ORD-4043,C1394,2026-09-03T02:27:40.713Z,96.46,CANCELLED
ORD-4044,C985,2026-07-09T05:38:02.149Z,566.50,PAID
ORD-4045,C1793,2026-08-04T03:03:21.376Z,324.29,SHIPPED
ORD-4046,C1588,2026-07-24T01:29:22.393Z,953.40,PENDING
ORD-4047,C1103,2026-07-13T22:43:14.968Z,997.17,CANCELLED
ORD-4048,C1757,2026-09-03T09:16:30.365Z,995.14,PAID
ORD-4049,C1341,2026-07-18T00:27:20.039Z,798.96,SHIPPED
ORD-4050,C1677,2026-07-06T20:59:22.890Z,961.62,PENDING
ORD-4051,C567,2026-09-16T08:55:37.946Z,433.03,CANCELLED
ORD-4052,C198,2026-08-17T13:38:41.186Z,105.13,PAID
ORD-4053,C909,2026-09-18T08:37:06.302Z,330.74,SHIPPED
ORD-4054,C1658,2026-07-03T06:19:03.442Z,210.04,PENDING
ORD-4055,C1700,2026-09-10T20:10:47.783Z,595.35,CANCELLED
ORD-4056,C889,2026-09-16T09:55:23.300Z,122.25,PAID
ORD-4057,C1657,2026-07-21T14:12:11.259Z,963.44,SHIPPED
ORD-4058,C841,2026-07-18T22:13:10.628Z,400.97,PENDING
ORD-4059,C868,2026-09-21T13:39:49.334Z,466.28,CANCELLED
ORD-4060,C112,2026-08-16T14:07:06.645Z,861.02,PAID
ORD-4061,C1847,2026-09-03T20:45:34.054Z,792.56,SHIPPED
ORD-4062,C211,2026-08-12T23:27:59.077Z,973.24,PENDING
ORD-4063,C801,2026-07-24T03:56:32.726Z,595.25,CANCELLED
ORD-4064,C27,2026-09-21T03:02:42.463Z,98.31,PAID
ORD-4065,C1579,2026-07-20T13:13:38.635Z,112.77,SHIPPED
ORD-4066,C1436,2026-09-22T13:35:36.841Z,497.52,PENDING
ORD-4067,C640,2026-09-27T09:34:37.739Z,885.42,CANCELLED
ORD-4068,C1779,2026-08-04T00:02:17.433Z,549.42,PAID
ORD-4069,C1570,2026-08-13T07:43:10.875Z,848.85,SHIPPED
ORD-4070,C1971,2026-09-29T19:13:05.867Z,77.41,PENDING
ORD-4071,C393,2026-09-19T11:31:33.230Z,736.05,CANCELLED
ORD-4072,C1251,2026-07-21T09:38:26.429Z,723.87,PAID
ORD-4073,C1382,2026-07-25T22:21:15.715Z,695.49,SHIPPED
ORD-4074,C1172,2026-07-04T00:24:45.446Z,779.71,PENDING
ORD-4075,C546,2026-08-04T18:47:20.895Z,897.50,CANCELLED
ORD-4076,C1607,2026-07-29T06:36:44.460Z,364.72,PAID
ORD-4077,C665,2026-07-14T17:58:22.540Z,763.63,SHIPPED
ORD-4078,C1375,2026-09-27T09:53:06.158Z,755.52,PENDING
ORD-4079,C1957,2026-08-10T00:02:18.752Z,169.51,CANCELLED
ORD-4080,C52,2026-07-27T20:46:03.369Z,140.23,PAID
ORD-4081,C1353,2026-08-14T22:17:18.012Z,235.13,SHIPPED
ORD-4082,C1950,2026-07-10T04:01:22.659Z,775.01,PENDING
ORD-4083,C1502,2026-08-28T17:56:18.782Z,620.03,CANCELLED
ORD-4084,C1785,2026-09-06T07:15:46.837Z,735.21,PAID
ORD-4085,C342,2026-09-09T23:48:48.201Z,312.21,SHIPPED
ORD-4086,C1228,2026-09-07T06:55:11.083Z,859.79,PENDING
ORD-4087,C1278,2026-09-23T10:22:28.339Z,803.74,CANCELLED
ORD-4088,C1099,2026-09-03T14:32:08.626Z,875.89,PAID
ORD-4089,C1293,2026-07-03T14:16:10.298Z,983.75,SHIPPED
ORD-4090,C501,2026-09-20T22:59:14.207Z,210.49,PENDING
ORD-4091,C1874,2026-07-22T04:29:09.383Z,249.37,CANCELLED
ORD-4092,C1490,2026-08-02T12:17:29.218Z,816.06,PAID
ORD-4093,C526,2026-08-18T20:52:15.129Z,590.24,SHIPPED
ORD-4094,C880,2026-08-06T10:51:49.776Z,280.45,PENDING
ORD-4095,C288,2026-09-23T21:08:48.138Z,494.48,CANCELLED
ORD-4096,C438,2026-07-17T09:40:01.229Z,959.76,PAID
ORD-4097,C131,2026-09-28T12:11:03.863Z,342.99,SHIPPED
ORD-4098,C703,2026-09-02T13:39:50.312Z,962.43,PENDING
ORD-4099,C1559,2026-08-13T19:09:03.855Z,705.00,CANCELLED
ORD-4100,C631,2026-08-01T05:37:26.800Z,903.05,PAID
ORD-4101,C31,2026-09-21T14:14:38.797Z,532.57,SHIPPED
ORD-4102,C1875,2026-09-30T22:07:16.517Z,276.94,PENDING
ORD-4103,C728,2026-09-17T11:04:53.533Z,33.88,CANCELLED
ORD-4104,C447,2026-07-20T07:38:42.932Z,80.23,PAID
ORD-4105,C1051,2026-09-21T00:15:48.364Z,497.97,SHIPPED
ORD-4106,C60,2026-07-31T12:22:22.909Z,874.43,PENDING
ORD-4107,C1761,2026-07-05T08:56:00.153Z,754.02,CANCELLED
ORD-4108,C719,2026-08-27T18:55:04.162Z,965.88,PAID
ORD-4109,C1664,2026-08-12T16:19:43.127Z,284.19,SHIPPED
ORD-4110,C994,2026-07-31T01:18:48.849Z,173.43,PENDING
ORD-4111,C1253,2026-09-15T04:14:19.376Z,487.00,CANCELLED
ORD-4112,C180,2026-09-12T08:59:51.220Z,166.66,PAID
ORD-4113,C995,2026-09-23T20:49:38.892Z,932.91,SHIPPED
ORD-4114,C12,2026-08-31T03:31:17.062Z,265.42,PENDING
ORD-4115,C1185,2026-08-09T16:43:02.574Z,507.14,CANCELLED
ORD-4116,C1765,2026-09-23T14:57:27.461Z,651.61,PAID
ORD-4117,C1896,2026-08-05T05:36:06.435Z,55.71,SHIPPED
ORD-4118,C1875,2026-08-05T19:03:48.647Z,118.59,PENDING
ORD-4119,C536,2026-09-27T17:24:28.625Z,231.72,CANCELLED
ORD-4120,C317,2026-08-05T13:54:47.464Z,197.06,PAID
ORD-4121,C708,2026-07-19T09:58:52.443Z,82.32,SHIPPED
ORD-4122,C1312,2026-09-29T14:16:33.038Z,105.03,PENDING
ORD-4123,C1268,2026-09-29T14:19:43.046Z,841.93,CANCELLED
ORD-4124,C395,2026-08-28T01:06:16.013Z,91.47,PAID
ORD-4125,C968,2026-07-06T10:02:40.424Z,215.10,SHIPPED
ORD-4126,C709,2026-07-22T00:18:41.702Z,266.68,PENDING
ORD-4127,C1063,2026-08-27T21:48:50.096Z,54.67,CANCELLED
ORD-4128,C1114,2026-08-10T11:55:06.083Z,259.96,PAID
ORD-4129,C274,2026-07-10T13:49:12.643Z,887.63,SHIPPED
ORD-4130,C318,2026-09-12T01:52:59.354Z,470.36,PENDING
ORD-4131,C354,2026-07-07T02:56:09.724Z,373.09,CANCELLED
ORD-4132,C1441,2026-07-24T20:12:55.664Z,858.39,PAID
ORD-4133,C1886,2026-09-24T05:35:04.292Z,202.93,SHIPPED
ORD-4134,C1863,2026-07-03T11:21:38.855Z,197.10,PENDING
ORD-4135,C1327,2026-07-27T11:42:44.053Z,468.06,CANCELLED
ORD-4136,C1941,2026-09-08T22:13:39.666Z,531.94,PAID
ORD-4137,C1823,2026-09-25T23:34:04.006Z,930.53,SHIPPED
ORD-4138,C1465,2026-08-08T03:32:22.225Z,46.82,PENDING
ORD-4139,C1849,2026-07-16T18:20:35.606Z,959.36,CANCELLED
ORD-4140,C283,2026-07-07T01:07:09.466Z,256.88,PAID
ORD-4141,C182,2026-07-06T22:59:19.245Z,839.61,SHIPPED
ORD-4142,C996,2026-08-07T11:02:01.133Z,945.22,PENDING
ORD-4143,C1877,2026-08-01T10:19:09.764Z,314.62,CANCELLED
ORD-4144,C1874,2026-08-06T07:00:32.409Z,247.60,PAID
ORD-4145,C1004,2026-08-15T21:39:28.825Z,413.24,SHIPPED
ORD-4146,C223,2026-09-05T08:33:55.230Z,955.39,PENDING
ORD-4147,C89,2026-08-15T16:26:51.328Z,797.56,CANCELLED
ORD-4148,C321,2026-09-28T01:27:12.214Z,252.76,PAID
ORD-4149,C1841,2026-09-21T00:12:40.046Z,507.75,SHIPPED
ORD-4150,C687,2026-08-09T11:47:43.505Z,882.89,PENDING
ORD-4151,C1805,2026-09-20T09:59:41.591Z,729.21,CANCELLED
ORD-4152,C734,2026-09-11T18:17:55.576Z,777.03,PAID
ORD-4153,C614,2026-07-22T08:05:07.337Z,538.81,SHIPPED
ORD-4154,C1105,2026-07-24T00:32:28.923Z,992.38,PENDING
ORD-4155,C1235,2026-09-12T03:54:03.709Z,59.61,CANCELLED
ORD-4156,C762,2026-08-14T15:10:34.246Z,855.29,PAID
ORD-4157,C1866,2026-07-21T07:54:09.227Z,86.19,SHIPPED
ORD-4158,C1,2026-08-30T20:39:35.506Z,320.43,PENDING
ORD-4159,C1898,2026-07-21T20:59:45.312Z,956.36,CANCELLED
ORD-4160,C1523,2026-09-02T17:12:12.435Z,249.25,PAID
ORD-4161,C1359,2026-08-08T00:48:40.424Z,737.78,SHIPPED
ORD-4162,C1883,2026-07-08T14:03:23.896Z,110.88,PENDING
ORD-4163,C655,2026-09-05T06:25:51.760Z,334.39,CANCELLED
ORD-4164,C216,2026-09-25T13:26:45.750Z,928.33,PAID
ORD-4165,C1714,2026-08-20T20:45:05.139Z,462.18,SHIPPED
ORD-4166,C400,2026-09-23T01:04:59.587Z,913.50,PENDING
ORD-4167,C288,2026-07-21T08:00:10.713Z,88.06,CANCELLED
ORD-4168,C159,2026-08-15T03:38:51.536Z,255.22,PAID
ORD-4169,C1675,2026-07-23T20:33:34.635Z,260.04,SHIPPED
ORD-4170,C491,2026-07-14T13:18:27.859Z,155.40,PENDING
ORD-4171,C1691,2026-08-23T17:33:45.916Z,594.14,CANCELLED
ORD-4172,C1714,2026-08-13T12:49:39.230Z,40.56,PAID
ORD-4173,C292,2026-08-09T04:50:43.191Z,924.80,SHIPPED
ORD-4174,C1051,2026-07-08T01:24:38.603Z,545.33,PENDING
ORD-4175,C874,2026-09-04T07:23:50.797Z,85.86,CANCELLED
ORD-4176,C1407,2026-08-11T00:37:56.109Z,964.85,PAID
ORD-4177,C755,2026-07-27T02:47:29.091Z,306.99,SHIPPED
ORD-4178,C785,2026-07-05T07:09:58.313Z,122.24,PENDING
ORD-4179,C1367,2026-09-15T11:40:52.573Z,200.44,CANCELLED
ORD-4180,C525,2026-07-16T14:24:58.902Z,126.71,PAID
ORD-4181,C1735,2026-08-18T08:19:07.494Z,832.65,SHIPPED
ORD-4182,C1315,2026-07-21T10:37:19.952Z,790.28,PENDING
ORD-4183,C1418,2026-08-24T13:00:50.724Z,365.89,CANCELLED
ORD-4184,C1469,2026-08-28T02:51:28.679Z,724.51,PAID
ORD-4185,C1243,2026-07-10T12:53:49.209Z,221.29,SHIPPED
ORD-4186,C585,2026-07-09T19:10:56.523Z,192.87,PENDING
ORD-4187,C1427,2026-07-15T17:35:09.050Z,143.46,CANCELLED
ORD-4188,C654,2026-08-15T21:59:36.929Z,269.57,PAID
ORD-4189,C550,2026-07-15T22:35:28.922Z,16.78,SHIPPED
ORD-4190,C1331,2026-07-22T15:07:38.946Z,3.95,PENDING
ORD-4191,C873,2026-08-12T10:30:54.707Z,317.46,CANCELLED
ORD-4192,C1048,2026-08-28T08:51:34.358Z,214.30,PAID
ORD-4193,C634,2026-08-16T11:39:49.896Z,690.29,SHIPPED
ORD-4194,C373,2026-08-07T21:32:40.270Z,551.86,PENDING
ORD-4195,C1662,2026-09-26T01:31:50.399Z,71.34,CANCELLED
ORD-4196,C891,2026-08-23T17:37:09.402Z,92.63,PAID
ORD-4197,C1619,2026-07-16T02:27:04.994Z,571.44,SHIPPED
ORD-4198,C1043,2026-07-17T23:55:51.560Z,743.06,PENDING
ORD-4199,C988,2026-09-18T01:01:24.719Z,692.38,CANCELLED
ORD-4200,C1695,2026-09-26T02:52:02.249Z,459.52,PAID
ORD-4201,C1161,2026-07-14T11:11:12.984Z,415.05,SHIPPED
ORD-4202,C457,2026-07-11T15:31:32.037Z,904.29,PENDING
ORD-4203,C1248,2026-08-31T17:08:49.182Z,441.34,CANCELLED
ORD-4204,C1218,2026-09-09T18:14:52.489Z,265.26,PAID
ORD-4205,C734,2026-07-19T18:16:34.749Z,279.71,SHIPPED
ORD-4206,C1977,2026-07-15T18:11:03.290Z,979.70,PENDING
ORD-4207,C68,2026-09-27T05:45:02.174Z,548.26,CANCELLED
ORD-4208,C633,2026-09-24T10:07:55.917Z,968.37,PAID
ORD-4209,C603,2026-09-29T13:32:11.676Z,547.81,SHIPPED
ORD-4210,C811,2026-09-05T08:56:45.853Z,807.28,PENDING
ORD-4211,C206,2026-08-05T18:52:48.042Z,525.26,CANCELLED
ORD-4212,C1310,2026-07-21T06:07:35.945Z,581.86,PAID
ORD-4213,C94,2026-09-28T17:46:25.829Z,178.60,SHIPPED
ORD-4214,C1969,2026-09-10T12:35:18.729Z,540.84,PENDING
ORD-4215,C500,2026-08-16T22:22:11.227Z,453.33,CANCELLED
ORD-4216,C1021,2026-09-29T03:34:53.841Z,37.78,PAID
ORD-4217,C757,2026-09-22T16:45:40.686Z,103.53,SHIPPED
ORD-4218,C1431,2026-08-19T06:16:03.160Z,759.28,PENDING
ORD-4219,C1374,2026-08-31T00:34:25.567Z,520.73,CANCELLED
ORD-4220,C304,2026-07-30T19:42:56.912Z,442.34,PAID
ORD-4221,C873,2026-07-31T14:16:33.365Z,384.39,SHIPPED
ORD-4222,C545,2026-07-06T05:05:35.495Z,115.95,PENDING
ORD-4223,C873,2026-09-24T17:54:41.981Z,305.57,CANCELLED
ORD-4224,C225,2026-07-24T04:18:04.711Z,882.72,PAID
ORD-4225,C1921,2026-09-16T10:27:30.405Z,454.10,SHIPPED
ORD-4226,C898,2026-07-10T12:15:35.765Z,52.26,PENDING
ORD-4227,C361,2026-08-24T18:39:41.795Z,213.10,CANCELLED
ORD-4228,C1012,2026-08-12T16:07:14.553Z,324.52,PAID
ORD-4229,C788,2026-08-24T01:20:34.560Z,733.73,SHIPPED
ORD-4230,C1358,2026-07-09T13:36:24.475Z,536.51,PENDING
ORD-4231,C774,2026-08-08T05:42:09.107Z,360.64,CANCELLED
ORD-4232,C1708,2026-08-17T18:19:17.828Z,121.23,PAID
ORD-4233,C1414,2026-08-12T23:12:53.616Z,49.79,SHIPPED
ORD-4234,C284,2026-09-19T06:48:34.791Z,891.33,PENDING
ORD-4235,C183,2026-08-07T11:33:15.273Z,195.33,CANCELLED
ORD-4236,C420,2026-08-31T06:16:53.589Z,219.76,PAID
ORD-4237,C1836,2026-08-24T22:39:51.165Z,203.13,SHIPPED
ORD-4238,C1765,2026-09-06T07:54:37.856Z,66.14,PENDING
ORD-4239,C1407,2026-08-31T00:52:48.869Z,393.17,CANCELLED
ORD-4240,C144,2026-09-02T01:25:09.329Z,85.51,PAID
ORD-4241,C1734,2026-09-08T02:51:25.602Z,622.07,SHIPPED
ORD-4242,C430,2026-07-22T09:36:20.066Z,457.11,PENDING
ORD-4243,C134,2026-08-02T04:55:04.791Z,24.37,CANCELLED
ORD-4244,C1464,2026-07-28T17:47:29.233Z,880.41,PAID
ORD-4245,C1954,2026-07-28T16:20:33.503Z,875.14,SHIPPED
ORD-4246,C492,2026-08-29T01:30:22.623Z,616.46,PENDING
ORD-4247,C1179,2026-07-06T19:07:19.512Z,600.18,CANCELLED
ORD-4248,C873,2026-09-18T12:32:00.412Z,404.02,PAID
ORD-4249,C840,2026-08-21T02:48:53.269Z,290.87,SHIPPED
ORD-4250,C1504,2026-07-24T01:06:27.745Z,247.00,PENDING
ORD-4251,C251,2026-08-14T07:02:43.567Z,465.78,CANCELLED
ORD-4252,C652,2026-07-21T07:00:46.598Z,220.70,PAID
ORD-4253,C757,2026-07-07T12:04:35.322Z,517.12,SHIPPED
ORD-4254,C1928,2026-09-16T05:19:32.616Z,982.06,PENDING
ORD-4255,C896,2026-09-05T13:33:37.997Z,9.56,CANCELLED
ORD-4256,C831,2026-08-05T08:12:16.424Z,836.30,PAID
ORD-4257,C1492,2026-08-31T10:21:01.708Z,167.92,SHIPPED
ORD-4258,C1922,2026-08-21T09:55:44.381Z,575.06,PENDING
ORD-4259,C1,2026-09-13T22:44:54.263Z,466.52,CANCELLED
ORD-4260,C1490,2026-07-28T06:21:20.205Z,300.65,PAID
ORD-4261,C1215,2026-08-14T04:45:04.455Z,434.12,SHIPPED
ORD-4262,C1268,2026-07-09T06:42:45.597Z,363.42,PENDING
ORD-4263,C1976,2026-07-25T18:04:09.611Z,163.99,CANCELLED
ORD-4264,C743,2026-09-25T04:26:15.620Z,615.08,PAID
ORD-4265,C659,2026-08-17T19:24:04.855Z,150.03,SHIPPED
ORD-4266,C136,2026-07-11T02:32:22.874Z,447.45,PENDING
ORD-4267,C600,2026-09-28T02:33:42.564Z,508.31,CANCELLED
ORD-4268,C810,2026-08-05T19:11:48.386Z,737.93,PAID
ORD-4269,C1982,2026-08-19T12:42:07.827Z,217.27,SHIPPED
ORD-4270,C1252,2026-09-19T19:38:00.117Z,402.96,PENDING
ORD-4271,C1200,2026-09-14T01:33:36.630Z,208.11,CANCELLED
ORD-4272,C1929,2026-09-22T14:43:27.029Z,850.18,PAID
ORD-4273,C447,2026-09-12T18:07:25.449Z,601.63,SHIPPED
ORD-4274,C1348,2026-09-24T03:09:13.764Z,222.69,PENDING
ORD-4275,C1090,2026-07-25T16:14:55.617Z,942.49,CANCELLED
ORD-4276,C600,2026-08-24T18:58:27.552Z,460.91,PAID
ORD-4277,C1316,2026-08-11T03:01:53.527Z,250.16,SHIPPED
ORD-4278,C741,2026-07-20T05:19:11.618Z,487.50,PENDING
ORD-4279,C831,2026-09-22T07:48:04.287Z,537.28,CANCELLED
ORD-4280,C16,2026-09-06T18:38:54.206Z,322.65,PAID
ORD-4281,C141,2026-07-24T16:44:47.172Z,798.11,SHIPPED
ORD-4282,C76,2026-09-07T23:14:06.829Z,172.22,PENDING
ORD-4283,C102,2026-08-03T20:49:43.776Z,186.81,CANCELLED
ORD-4284,C43,2026-07-07T04:49:19.572Z,587.70,PAID
ORD-4285,C382,2026-08-21T04:21:49.606Z,805.91,SHIPPED
ORD-4286,C1687,2026-09-05T19:11:41.462Z,562.61,PENDING
ORD-4287,C1884,2026-08-28T03:10:54.366Z,258.20,CANCELLED
ORD-4288,C462,2026-08-06T10:23:23.750Z,941.29,PAID
ORD-4289,C1693,2026-08-23T19:47:30.491Z,413.24,SHIPPED
ORD-4290,C1788,2026-09-04T17:57:54.525Z,711.52,PENDING
ORD-4291,C331,2026-07-10T15:46:29.356Z,722.74,CANCELLED
ORD-4292,C598,2026-07-22T00:11:28.257Z,730.01,PAID
ORD-4293,C430,2026-08-06T03:54:28.942Z,811.76,SHIPPED
ORD-4294,C512,2026-08-17T00:47:42.512Z,40.99,PENDING
ORD-4295,C1118,2026-09-17T09:53:44.463Z,866.07,CANCELLED
ORD-4296,C1167,2026-07-06T11:33:50.353Z,470.31,PAID
ORD-4297,C1591,2026-08-09T11:57:44.291Z,142.63,SHIPPED
ORD-4298,C939,2026-07-29T12:36:32.424Z,23.72,PENDING
ORD-4299,C1643,2026-08-02T01:19:18.069Z,636.35,CANCELLED
ORD-4300,C975,2026-08-02T13:11:04.597Z,808.14,PAID
ORD-4301,C1737,2026-07-14T12:44:08.899Z,687.96,SHIPPED
ORD-4302,C226,2026-08-26T07:53:52.521Z,764.06,PENDING
ORD-4303,C409,2026-07-15T01:38:54.334Z,779.69,CANCELLED
ORD-4304,C1922,2026-07-24T14:00:30.275Z,473.09,PAID
ORD-4305,C406,2026-07-07T04:28:48.669Z,510.04,SHIPPED
ORD-4306,C1731,2026-08-21T08:34:17.851Z,851.35,PENDING
ORD-4307,C1473,2026-07-28T04:39:59.807Z,875.77,CANCELLED
ORD-4308,C840,2026-09-06T01:54:40.140Z,613.09,PAID
ORD-4309,C612,2026-09-21T12:23:16.458Z,407.54,SHIPPED
ORD-4310,C496,2026-07-21T07:25:29.348Z,337.28,PENDING
ORD-4311,C1053,2026-09-04T05:50:36.571Z,231.93,CANCELLED
ORD-4312,C1838,2026-07-31T06:50:21.797Z,989.62,PAID
ORD-4313,C1985,2026-08-21T20:20:29.460Z,42.79,SHIPPED
ORD-4314,C1207,2026-08-06T08:17:25.084Z,917.41,PENDING
ORD-4315,C712,2026-09-04T08:45:56.417Z,630.91,CANCELLED
ORD-4316,C346,2026-07-27T23:18:48.684Z,974.22,PAID
ORD-4317,C346,2026-07-28T18:01:10.211Z,101.34,SHIPPED
ORD-4318,C1670,2026-09-24T10:16:57.213Z,226.29,PENDING
ORD-4319,C852,2026-09-14T10:12:12.584Z,552.42,CANCELLED
ORD-4320,C104,2026-08-01T14:26:40.315Z,381.08,PAID
ORD-4321,C1344,2026-07-30T05:26:30.807Z,508.89,SHIPPED
ORD-4322,C433,2026-09-23T08:44:33.913Z,258.31,PENDING
ORD-4323,C1215,2026-08-18T09:51:53.832Z,708.57,CANCELLED
ORD-4324,C1611,2026-08-11T03:01:09.389Z,301.74,PAID
ORD-4325,C664,2026-07-16T06:07:09.010Z,222.10,SHIPPED
ORD-4326,C1690,2026-08-12T09:11:49.967Z,985.69,PENDING
ORD-4327,C1660,2026-08-07T05:26:50.945Z,2.07,CANCELLED
ORD-4328,C1220,2026-07-11T10:51:00.336Z,330.39,PAID
ORD-4329,C923,2026-09-07T22:20:19.255Z,303.26,SHIPPED
ORD-4330,C1373,2026-08-10T20:03:20.815Z,832.79,PENDING
ORD-4331,C409,2026-08-19T01:52:05.143Z,42.30,CANCELLED
ORD-4332,C203,2026-08-28T02:54:50.830Z,837.21,PAID
ORD-4333,C112,2026-09-28T12:56:37.440Z,57.43,SHIPPED
ORD-4334,C1101,2026-08-14T23:47:38.957Z,682.91,PENDING
ORD-4335,C1284,2026-09-26T07:11:22.750Z,915.61,CANCELLED
ORD-4336,C1016,2026-09-05T15:28:06.500Z,646.61,PAID
ORD-4337,C623,2026-07-13T00:48:24.638Z,468.38,SHIPPED
ORD-4338,C1331,2026-09-18T02:47:21.818Z,21.94,PENDING
ORD-4339,C1070,2026-07-26T20:44:41.927Z,622.14,CANCELLED
ORD-4340,C825,2026-08-02T13:29:29.635Z,495.59,PAID
ORD-4341,C570,2026-07-04T06:12:52.022Z,741.20,SHIPPED
ORD-4342,C1205,2026-07-29T21:25:16.478Z,181.47,PENDING
ORD-4343,C1085,2026-08-13T06:36:37.135Z,339.04,CANCELLED
ORD-4344,C1208,2026-09-14T15:04:11.038Z,572.78,PAID
ORD-4345,C719,2026-08-29T22:53:54.126Z,748.89,SHIPPED
ORD-4346,C1856,2026-07-04T18:47:19.866Z,762.62,PENDING
ORD-4347,C1304,2026-09-20T01:10:42.670Z,558.73,CANCELLED
ORD-4348,C630,2026-09-27T04:46:12.398Z,662.71,PAID
ORD-4349,C1529,2026-08-18T22:15:02.623Z,325.74,SHIPPED
ORD-4350,C1101,2026-08-24T22:46:11.234Z,438.11,PENDING
ORD-4351,C1725,2026-08-02T04:47:45.205Z,447.54,CANCELLED
ORD-4352,C820,2026-07-25T07:04:12.413Z,335.65,PAID
ORD-4353,C763,2026-08-23T05:50:31.981Z,292.73,SHIPPED
ORD-4354,C1103,2026-08-09T03:16:25.339Z,838.88,PENDING
ORD-4355,C1374,2026-08-19T02:14:22.386Z,341.22,CANCELLED
ORD-4356,C523,2026-08-30T14:06:02.773Z,697.41,PAID
ORD-4357,C1899,2026-08-12T22:30:38.676Z,113.58,SHIPPED
ORD-4358,C1232,2026-07-05T04:53:54.788Z,282.13,PENDING
ORD-4359,C992,2026-07-29T09:32:41.834Z,644.88,CANCELLED
ORD-4360,C507,2026-09-12T06:43:16.387Z,876.47,PAID
ORD-4361,C750,2026-09-27T21:42:20.345Z,666.18,SHIPPED
ORD-4362,C735,2026-08-28T08:16:10.781Z,640.31,PENDING
ORD-4363,C193,2026-08-21T18:55:04.848Z,346.95,CANCELLED
ORD-4364,C1642,2026-09-04T20:37:48.702Z,218.68,PAID
ORD-4365,C1592,2026-07-26T10:54:26.925Z,103.57,SHIPPED
ORD-4366,C117,2026-08-26T03:27:47.611Z,395.45,PENDING
ORD-4367,C780,2026-09-29T00:47:13.371Z,345.01,CANCELLED
ORD-4368,C1481,2026-07-07T08:45:29.073Z,595.25,PAID
ORD-4369,C999,2026-07-06T13:43:39.392Z,311.13,SHIPPED
ORD-4370,C1845,2026-07-11T16:00:42.578Z,302.32,PENDING
ORD-4371,C1276,2026-09-09T09:31:59.162Z,745.92,CANCELLED
ORD-4372,C1028,2026-09-20T16:02:14.798Z,92.46,PAID
ORD-4373,C144,2026-09-25T04:19:38.250Z,208.47,SHIPPED
ORD-4374,C1614,2026-08-30T23:34:48.508Z,825.99,PENDING
ORD-4375,C1976,2026-09-11T07:17:50.466Z,889.82,CANCELLED
ORD-4376,C1551,2026-09-21T01:06:56.023Z,356.48,PAID
ORD-4377,C944,2026-08-26T10:05:58.607Z,187.59,SHIPPED
ORD-4378,C1114,2026-08-19T16:44:50.032Z,624.39,PENDING
ORD-4379,C478,2026-07-25T08:46:28.470Z,567.84,CANCELLED
ORD-4380,C1877,2026-08-13T12:24:04.040Z,536.41,PAID
ORD-4381,C816,2026-09-09T12:21:27.067Z,373.82,SHIPPED
ORD-4382,C1674,2026-09-21T10:40:57.325Z,782.89,PENDING
ORD-4383,C315,2026-09-23T21:14:43.643Z,509.63,CANCELLED
ORD-4384,C1579,2026-08-23T11:56:51.844Z,851.13,PAID
ORD-4385,C220,2026-09-08T03:27:15.269Z,89.90,SHIPPED
ORD-4386,C989,2026-07-26T11:21:36.936Z,538.62,PENDING
ORD-4387,C955,2026-09-24T05:55:18.021Z,685.82,CANCELLED
ORD-4388,C1169,2026-08-04T07:17:03.358Z,318.11,PAID
ORD-4389,C850,2026-09-04T04:30:35.014Z,595.91,SHIPPED
ORD-4390,C104,2026-07-31T07:28:58.512Z,328.12,PENDING
ORD-4391,C375,2026-08-22T01:21:11.465Z,465.29,CANCELLED
ORD-4392,C896,2026-08-01T02:04:59.674Z,763.44,PAID
ORD-4393,C515,2026-08-01T12:21:41.108Z,587.00,SHIPPED
ORD-4394,C228,2026-08-27T11:35:02.232Z,133.51,PENDING
ORD-4395,C334,2026-07-31T10:27:58.861Z,988.02,CANCELLED
ORD-4396,C395,2026-09-04T07:48:26.673Z,115.68,PAID
ORD-4397,C437,2026-09-15T10:02:48.706Z,974.83,SHIPPED
ORD-4398,C850,2026-07-15T11:53:54.176Z,415.96,PENDING
ORD-4399,C1780,2026-07-27T16:42:04.059Z,85.29,CANCELLED
ORD-4400,C704,2026-09-23T04:54:42.702Z,193.59,PAID
ORD-4401,C1836,2026-08-16T09:31:28.200Z,60.56,SHIPPED
ORD-4402,C1357,2026-09-30T03:01:19.130Z,506.57,PENDING
ORD-4403,C1012,2026-07-28T21:52:28.523Z,781.21,CANCELLED
ORD-4404,C1152,2026-08-22T23:05:28.085Z,119.27,PAID
ORD-4405,C855,2026-08-01T23:53:42.323Z,216.28,SHIPPED
ORD-4406,C1206,2026-08-06T22:21:30.046Z,869.25,PENDING
ORD-4407,C729,2026-09-06T10:07:59.292Z,409.27,CANCELLED
ORD-4408,C1460,2026-09-03T19:41:37.197Z,855.07,PAID
ORD-4409,C1749,2026-08-20T01:44:43.352Z,464.26,SHIPPED
ORD-4410,C136,2026-07-29T15:09:57.331Z,396.00,PENDING
ORD-4411,C1809,2026-07-04T01:01:15.283Z,926.73,CANCELLED
ORD-4412,C874,2026-08-22T21:37:44.096Z,386.56,PAID
ORD-4413,C1130,2026-09-29T06:13:03.231Z,387.63,SHIPPED
ORD-4414,C343,2026-07-19T01:32:46.826Z,144.59,PENDING
ORD-4415,C333,2026-08-23T22:58:35.664Z,886.08,CANCELLED
ORD-4416,C196,2026-09-09T17:40:47.644Z,465.27,PAID
ORD-4417,C1189,2026-08-27T14:55:43.872Z,946.77,SHIPPED
ORD-4418,C769,2026-07-26T23:16:12.755Z,528.40,PENDING
ORD-4419,C611,2026-07-20T20:48:44.524Z,35.33,CANCELLED
ORD-4420,C1209,2026-09-08T04:52:53.187Z,457.36,PAID
ORD-4421,C1779,2026-08-10T00:57:16.616Z,143.53,SHIPPED
ORD-4422,C145,2026-09-11T10:18:14.742Z,70.68,PENDING
ORD-4423,C170,2026-08-13T13:00:00.517Z,241.77,CANCELLED
ORD-4424,C512,2026-09-23T20:54:05.718Z,781.92,PAID
ORD-4425,C1734,2026-08-30T15:30:23.112Z,884.95,SHIPPED
ORD-4426,C937,2026-09-10T15:25:03.584Z,162.27,PENDING
ORD-4427,C1621,2026-07-15T21:29:07.217Z,287.18,CANCELLED
ORD-4428,C1392,2026-09-26T04:54:02.954Z,848.36,PAID
ORD-4429,C1877,2026-09-17T01:14:51.783Z,630.41,SHIPPED
ORD-4430,C1861,2026-09-21T20:16:51.331Z,483.24,PENDING
ORD-4431,C567,2026-09-29T07:59:53.012Z,19.87,CANCELLED
ORD-4432,C1593,2026-07-30T20:15:04.619Z,136.99,PAID
ORD-4433,C591,2026-09-05T19:38:35.497Z,103.88,SHIPPED
ORD-4434,C828,2026-07-08T03:42:53.225Z,748.98,PENDING
ORD-4435,C975,2026-08-10T17:08:37.805Z,13.87,CANCELLED
ORD-4436,C1242,2026-08-22T21:00:18.025Z,891.79,PAID
ORD-4437,C66,2026-07-07T17:36:16.979Z,389.82,SHIPPED
ORD-4438,C746,2026-08-27T20:50:42.868Z,40.49,PENDING
ORD-4439,C1102,2026-09-03T12:19:48.444Z,624.23,CANCELLED
ORD-4440,C1563,2026-08-17T09:50:57.513Z,807.92,PAID
ORD-4441,C36,2026-08-28T04:40:19.066Z,63.93,SHIPPED
ORD-4442,C1722,2026-07-08T19:00:52.270Z,540.77,PENDING
ORD-4443,C270,2026-07-12T04:04:11.687Z,425.67,CANCELLED
ORD-4444,C824,2026-09-06T16:44:34.203Z,579.05,PAID
ORD-4445,C743,2026-07-26T09:14:02.351Z,79.59,SHIPPED
ORD-4446,C959,2026-08-16T03:22:38.072Z,349.40,PENDING
ORD-4447,C642,2026-08-31T23:25:13.743Z,145.39,CANCELLED
ORD-4448,C120,2026-08-28T22:57:24.429Z,74.21,PAID
ORD-4449,C121,2026-08-24T23:04:38.274Z,567.31,SHIPPED
ORD-4450,C1052,2026-09-15T12:01:34.145Z,542.24,PENDING
ORD-4451,C692,2026-07-10T14:16:08.650Z,428.47,CANCELLED
ORD-4452,C1519,2026-09-14T11:19:57.334Z,153.09,PAID
ORD-4453,C650,2026-09-15T15:19:03.515Z,149.41,SHIPPED
ORD-4454,C892,2026-07-06T01:32:35.502Z,498.98,PENDING
ORD-4455,C884,2026-07-13T10:06:23.261Z,968.75,CANCELLED
ORD-4456,C940,2026-09-29T00:33:22.308Z,968.63,PAID
ORD-4457,C400,2026-09-21T16:26:23.198Z,938.58,SHIPPED
ORD-4458,C1732,2026-07-12T16:25:06.940Z,936.54,PENDING
ORD-4459,C1422,2026-08-26T06:11:14.239Z,998.19,CANCELLED
ORD-4460,C577,2026-07-07T20:20:21.281Z,579.50,PAID
ORD-4461,C1096,2026-09-26T00:18:34.934Z,991.70,SHIPPED
ORD-4462,C1130,2026-07-07T00:09:03.636Z,499.77,PENDING
ORD-4463,C1395,2026-08-22T19:15:17.592Z,89.87,CANCELLED
ORD-4464,C1086,2026-08-11T02:04:02.251Z,919.30,PAID
ORD-4465,C1591,2026-08-30T02:46:08.444Z,24.93,SHIPPED
ORD-4466,C1232,2026-09-16T15:49:05.447Z,836.10,PENDING
ORD-4467,C1324,2026-08-20T15:54:54.045Z,160.76,CANCELLED
ORD-4468,C581,2026-07-10T05:45:43.055Z,12.71,PAID
ORD-4469,C1047,2026-07-07T13:56:55.527Z,198.06,SHIPPED
ORD-4470,C1489,2026-08-13T01:57:15.781Z,76.85,PENDING
ORD-4471,C886,2026-08-15T08:20:30.804Z,963.56,CANCELLED
ORD-4472,C1422,2026-07-05T03:14:50.820Z,456.43,PAID
ORD-4473,C251,2026-07-09T11:30:39.163Z,341.13,SHIPPED
ORD-4474,C226,2026-09-14T13:30:50.735Z,933.85,PENDING
ORD-4475,C1023,2026-08-02T16:54:48.718Z,464.62,CANCELLED
ORD-4476,C1880,2026-09-07T03:54:48.535Z,511.57,PAID
ORD-4477,C994,2026-07-22T21:48:06.222Z,545.36,SHIPPED
ORD-4478,C1024,2026-09-28T23:35:16.415Z,956.98,PENDING
ORD-4479,C1785,2026-07-12T04:01:09.394Z,272.05,CANCELLED
ORD-4480,C1305,2026-09-10T22:54:58.690Z,982.46,PAID
ORD-4481,C583,2026-09-04T07:17:31.136Z,563.00,SHIPPED
ORD-4482,C79,2026-09-13T19:30:25.512Z,562.18,PENDING
ORD-4483,C757,2026-08-02T03:15:14.270Z,981.01,CANCELLED
ORD-4484,C1447,2026-09-15T15:37:45.070Z,251.71,PAID
ORD-4485,C537,2026-07-24T03:22:38.586Z,482.70,SHIPPED
ORD-4486,C1863,2026-07-25T01:07:05.032Z,11.94,PENDING
ORD-4487,C688,2026-09-15T12:04:39.318Z,404.87,CANCELLED
ORD-4488,C744,2026-09-22T11:33:13.908Z,585.89,PAID
ORD-4489,C1195,2026-07-13T01:12:21.578Z,913.66,SHIPPED
ORD-4490,C694,2026-07-27T23:24:41.091Z,952.16,PENDING
ORD-4491,C657,2026-07-10T02:29:55.789Z,476.31,CANCELLED
ORD-4492,C917,2026-09-20T15:33:25.130Z,837.24,PAID
ORD-4493,C1766,2026-09-28T09:18:17.132Z,927.44,SHIPPED
ORD-4494,C1116,2026-07-09T01:40:05.846Z,852.01,PENDING
ORD-4495,C1956,2026-08-24T08:40:06.953Z,666.72,CANCELLED
ORD-4496,C219,2026-09-29T01:22:00.250Z,921.03,PAID
ORD-4497,C993,2026-07-04T22:21:04.725Z,77.92,SHIPPED
ORD-4498,C1696,2026-09-11T11:13:59.354Z,930.10,PENDING
ORD-4499,C265,2026-08-26T02:14:16.885Z,7.05,CANCELLED
ORD-4500,C1110,2026-07-26T14:16:25.278Z,abc,PAID
ORD-4501,C1755,2026-09-07T15:20:57.767Z,534.72,SHIPPED
ORD-4502,C789,2026-09-15T23:34:22.923Z,67.73,PENDING
ORD-4503,C688,2026-07-12T15:48:12.541Z,788.80,CANCELLED
ORD-4504,C1464,2026-07-26T11:22:53.893Z,76.89,PAID
ORD-4505,C496,2026-09-18T08:40:11.936Z,465.56,SHIPPED
ORD-4506,C583,2026-09-25T03:24:49.268Z,866.89,PENDING
ORD-4507,C943,2026-07-16T12:04:26.397Z,63.08,CANCELLED
ORD-4508,C1273,2026-08-13T03:35:47.825Z,581.07,PAID
ORD-4509,C544,2026-07-26T11:23:49.869Z,684.93,SHIPPED
ORD-4510,C288,2026-08-21T10:02:21.746Z,180.22,PENDING
ORD-4511,C458,2026-07-08T05:38:36.812Z,914.47,CANCELLED
ORD-4512,C1833,2026-07-29T12:24:56.456Z,678.75,PAID
ORD-4513,C1600,2026-07-04T13:36:28.319Z,765.62,SHIPPED
ORD-4514,C1991,2026-09-13T18:56:50.852Z,746.87,PENDING
ORD-4515,C23,2026-07-12T07:08:41.531Z,599.79,CANCELLED
ORD-4516,C1489,2026-09-14T04:04:00.433Z,386.40,PAID
ORD-4517,C198,2026-07-31T22:18:27.327Z,759.81,SHIPPED
ORD-4518,C904,2026-09-08T16:08:52.713Z,111.31,PENDING
ORD-4519,C670,2026-08-22T20:43:02.411Z,888.82,CANCELLED
ORD-4520,C1582,2026-08-04T22:24:38.366Z,809.37,PAID
ORD-4521,C91,2026-09-21T01:33:15.007Z,985.57,SHIPPED
ORD-4522,C1133,2026-09-14T19:10:53.495Z,193.66,PENDING
ORD-4523,C1908,2026-09-09T15:30:08.993Z,935.72,CANCELLED
ORD-4524,C932,2026-09-16T16:26:12.035Z,925.16,PAID
ORD-4525,C1878,2026-09-23T06:56:36.792Z,215.71,SHIPPED
ORD-4526,C608,2026-07-28T19:22:25.692Z,350.35,PENDING
ORD-4527,C1050,2026-07-17T06:00:44.295Z,67.69,CANCELLED
ORD-4528,C877,2026-09-07T20:20:12.276Z,419.40,PAID
ORD-4529,C414,2026-07-30T22:18:48.332Z,774.36,SHIPPED
ORD-4530,C424,2026-09-04T08:11:35.070Z,26.40,PENDING
ORD-4531,C1475,2026-07-07T20:54:46.558Z,943.90,CANCELLED
ORD-4532,C65,2026-09-07T21:49:27.764Z,210.47,PAID
ORD-4533,C320,2026-07-13T19:04:35.178Z,45.17,SHIPPED
ORD-4534,C1351,2026-08-29T20:28:22.603Z,415.82,PENDING
ORD-4535,C1505,2026-07-20T21:37:23.199Z,61.75,CANCELLED
ORD-4536,C1757,2026-09-25T15:19:01.578Z,664.84,PAID
ORD-4537,C1306,2026-09-15T19:56:08.000Z,636.94,SHIPPED
ORD-4538,C519,2026-09-01T16:03:03.729Z,474.54,PENDING
ORD-4539,C603,2026-07-10T13:10:33.981Z,900.70,CANCELLED
ORD-4540,C540,2026-07-30T23:44:31.039Z,614.20,PAID
ORD-4541,C953,2026-07-04T04:19:26.841Z,464.43,SHIPPED
ORD-4542,C836,2026-07-03T16:29:50.315Z,446.15,PENDING
ORD-4543,C390,2026-08-06T15:54:33.418Z,436.92,CANCELLED
ORD-4544,C235,2026-08-21T04:23:10.067Z,788.84,PAID
ORD-4545,C759,2026-07-08T13:58:51.512Z,640.48,SHIPPED
ORD-4546,C807,2026-08-30T23:17:10.337Z,152.69,PENDING
ORD-4547,C1748,2026-08-25T09:57:01.396Z,257.31,CANCELLED
ORD-4548,C1891,2026-09-19T17:29:25.076Z,708.81,PAID
ORD-4549,C854,2026-08-14T07:04:52.674Z,962.54,SHIPPED
ORD-4550,C122,2026-08-16T08:30:25.611Z,746.32,PENDING
ORD-4551,C1232,2026-08-16T02:42:04.122Z,3.11,CANCELLED
ORD-4552,C1868,2026-07-21T22:42:54.023Z,246.39,PAID
ORD-4553,C197,2026-08-28T12:28:53.359Z,562.54,SHIPPED
ORD-4554,C901,2026-07-27T14:18:48.115Z,106.37,PENDING
ORD-4555,C331,2026-09-13T07:09:54.526Z,567.90,CANCELLED
ORD-4556,C1721,2026-08-26T04:08:49.904Z,660.85,PAID
ORD-4557,C1476,2026-07-25T00:29:57.982Z,183.12,SHIPPED
ORD-4558,C470,2026-08-26T04:18:04.898Z,536.21,PENDING
ORD-4559,C1343,2026-08-14T09:16:58.879Z,350.36,CANCELLED
ORD-4560,C213,2026-08-25T03:54:17.397Z,2.56,PAID
ORD-4561,C1043,2026-08-09T21:48:12.288Z,67.79,SHIPPED
ORD-4562,C1881,2026-08-27T11:11:20.629Z,28.52,PENDING
ORD-4563,C1785,2026-07-24T00:16:41.184Z,667.06,CANCELLED
ORD-4564,C1904,2026-07-10T14:28:39.985Z,428.85,PAID
ORD-4565,C850,2026-09-30T20:05:52.750Z,853.09,SHIPPED
ORD-4566,C749,2026-08-06T23:08:42.151Z,110.05,PENDING
ORD-4567,C799,2026-07-30T20:25:12.438Z,702.87,CANCELLED
ORD-4568,C491,2026-09-04T11:00:51.877Z,159.61,PAID
ORD-4569,C1330,2026-08-31T01:09:27.340Z,955.27,SHIPPED
ORD-4570,C1366,2026-09-21T18:50:39.835Z,228.21,PENDING
ORD-4571,C842,2026-07-05T13:33:11.059Z,412.81,CANCELLED
ORD-4572,C279,2026-09-05T01:52:53.125Z,433.71,PAID
ORD-4573,C792,2026-08-08T11:34:40.630Z,561.10,SHIPPED
ORD-4574,C1148,2026-07-18T15:43:08.790Z,75.76,PENDING
ORD-4575,C1814,2026-07-30T02:54:11.973Z,279.06,CANCELLED
ORD-4576,C1307,2026-07-18T15:27:18.258Z,457.77,PAID
ORD-4577,C13,2026-08-09T02:17:00.602Z,767.23,SHIPPED
ORD-4578,C1868,2026-09-29T12:09:21.776Z,245.97,PENDING
ORD-4579,C317,2026-07-17T10:31:48.262Z,170.48,CANCELLED
ORD-4580,C321,2026-07-31T20:16:04.938Z,267.54,PAID
ORD-4581,C541,2026-08-28T17:10:13.610Z,5.97,SHIPPED
ORD-4582,C292,2026-07-05T01:59:17.797Z,768.25,PENDING
ORD-4583,C937,2026-07-16T09:02:51.780Z,464.52,CANCELLED
ORD-4584,C1921,2026-07-04T23:52:23.090Z,828.28,PAID
ORD-4585,C808,2026-07-12T11:17:14.666Z,77.55,SHIPPED
ORD-4586,C716,2026-09-03T11:39:44.586Z,60.98,PENDING
ORD-4587,C223,2026-09-29T07:38:20.930Z,264.58,CANCELLED
ORD-4588,C1805,2026-09-06T01:01:57.234Z,570.98,PAID
ORD-4589,C269,2026-07-15T05:57:09.342Z,294.91,SHIPPED
ORD-4590,C1655,2026-09-03T12:37:54.810Z,526.62,PENDING
ORD-4591,C1108,2026-08-03T23:22:43.423Z,83.95,CANCELLED
ORD-4592,C946,2026-07-13T20:19:06.364Z,939.91,PAID
ORD-4593,C503,2026-09-17T13:29:42.641Z,944.85,SHIPPED
ORD-4594,C834,2026-08-18T05:05:36.817Z,676.31,PENDING
ORD-4595,C402,2026-07-29T07:02:35.697Z,311.04,CANCELLED
ORD-4596,C1081,2026-08-14T00:28:35.870Z,501.31,PAID
ORD-4597,C929,2026-07-22T16:43:07.777Z,364.84,SHIPPED
ORD-4598,C347,2026-09-24T08:36:32.349Z,893.83,PENDING
ORD-4599,C1410,2026-07-20T01:47:16.644Z,552.47,CANCELLED
ORD-4600,C1852,2026-08-28T15:21:36.183Z,326.21,PAID
ORD-4601,C996,2026-07-04T19:36:47.863Z,148.51,SHIPPED
ORD-4602,C1048,2026-08-20T21:50:39.604Z,873.83,PENDING
ORD-4603,C1246,2026-08-31T09:17:29.220Z,10.22,CANCELLED
ORD-4604,C1260,2026-08-22T16:49:46.368Z,325.63,PAID
ORD-4605,C1769,2026-08-03T03:32:39.355Z,413.30,SHIPPED
ORD-4606,C245,2026-08-14T10:34:26.458Z,340.40,PENDING
ORD-4607,C613,2026-09-30T09:11:26.143Z,715.54,CANCELLED
ORD-4608,C662,2026-09-26T08:16:20.745Z,398.91,PAID
ORD-4609,C439,2026-09-18T06:31:06.218Z,444.88,SHIPPED
ORD-4610,C726,2026-08-26T22:45:31.293Z,816.73,PENDING
ORD-4611,C1166,2026-07-10T18:07:05.520Z,878.45,CANCELLED
ORD-4612,C806,2026-07-30T14:27:38.226Z,177.42,PAID
ORD-4613,C547,2026-09-28T22:23:22.872Z,26.57,SHIPPED
ORD-4614,C303,2026-07-15T04:50:34.500Z,956.90,PENDING
ORD-4615,C1016,2026-09-15T18:10:49.559Z,832.39,CANCELLED
ORD-4616,C502,2026-09-28T07:53:25.867Z,773.68,PAID
ORD-4617,C1829,2026-09-13T11:33:39.685Z,299.02,SHIPPED
ORD-4618,C783,2026-08-09T23:52:57.890Z,985.38,PENDING
ORD-4619,C1351,2026-08-29T10:33:25.793Z,880.92,CANCELLED
ORD-4620,C1116,2026-08-25T08:10:14.664Z,842.54,PAID
ORD-4621,C1906,2026-08-07T20:57:40.009Z,384.00,SHIPPED
ORD-4622,C1485,2026-07-23T16:41:35.438Z,844.25,PENDING
ORD-4623,C1503,2026-09-15T12:13:43.694Z,707.48,CANCELLED
ORD-4624,C603,2026-09-05T10:40:39.682Z,805.71,PAID
ORD-4625,C533,2026-09-18T17:50:15.245Z,853.40,SHIPPED
ORD-4626,C1663,2026-08-04T13:52:12.454Z,523.72,PENDING
ORD-4627,C1195,2026-09-02T16:02:20.755Z,559.50,CANCELLED
ORD-4628,C1083,2026-08-05T05:04:37.553Z,101.42,PAID
ORD-4629,C1477,2026-07-06T13:29:14.290Z,29.18,SHIPPED
ORD-4630,C1595,2026-07-04T10:27:28.056Z,762.79,PENDING
ORD-4631,C599,2026-09-26T08:22:53.246Z,683.19,CANCELLED
ORD-4632,C1132,2026-09-29T08:56:47.030Z,68.61,PAID
ORD-4633,C74,2026-08-03T01:16:09.014Z,96.87,SHIPPED
ORD-4634,C474,2026-08-01T14:44:18.583Z,484.65,PENDING
ORD-4635,C1261,2026-08-23T16:58:48.999Z,272.56,CANCELLED
ORD-4636,C546,2026-09-11T09:30:20.979Z,726.97,PAID
ORD-4637,C1719,2026-09-30T03:25:11.525Z,597.20,SHIPPED
ORD-4638,C1454,2026-07-21T13:51:52.379Z,804.87,PENDING
ORD-4639,C257,2026-09-02T20:21:57.183Z,707.52,CANCELLED
ORD-4640,C704,2026-07-23T12:57:38.004Z,278.04,PAID
ORD-4641,C486,2026-08-04T17:20:02.837Z,651.43,SHIPPED
ORD-4642,C896,2026-08-10T21:51:32.551Z,932.29,PENDING
ORD-4643,C620,2026-09-29T21:45:20.705Z,646.77,CANCELLED
ORD-4644,C323,2026-09-28T15:16:52.790Z,753.55,PAID
ORD-4645,C1770,2026-07-29T19:49:13.488Z,55.21,SHIPPED
ORD-4646,C933,2026-07-09T23:54:58.927Z,602.06,PENDING
ORD-4647,C444,2026-07-28T19:08:00.567Z,147.31,CANCELLED
ORD-4648,C1235,2026-09-15T17:41:15.143Z,79.54,PAID
ORD-4649,C566,2026-09-19T11:20:54.096Z,376.51,SHIPPED
ORD-4650,C1366,2026-08-05T11:14:08.131Z,160.82,PENDING
ORD-4651,C1297,2026-07-12T23:59:24.883Z,274.17,CANCELLED
ORD-4652,C1920,2026-08-22T15:33:50.364Z,419.44,PAID
ORD-4653,C459,2026-07-28T14:25:01.403Z,401.92,SHIPPED
ORD-4654,C1813,2026-07-30T11:59:35.034Z,825.90,PENDING
ORD-4655,C459,2026-08-21T02:54:37.971Z,110.48,CANCELLED
ORD-4656,C190,2026-08-06T16:19:27.016Z,948.69,PAID
ORD-4657,C72,2026-07-12T19:46:30.627Z,947.80,SHIPPED
ORD-4658,C1255,2026-08-13T18:22:42.813Z,714.10,PENDING
ORD-4659,C1156,2026-09-02T06:41:31.549Z,928.62,CANCELLED
ORD-4660,C1494,2026-09-01T01:34:49.491Z,111.79,PAID
ORD-4661,C645,2026-08-07T02:03:26.331Z,66.95,SHIPPED
ORD-4662,C1104,2026-07-07T15:43:39.067Z,685.05,PENDING
ORD-4663,C771,2026-08-17T05:22:00.297Z,149.85,CANCELLED
ORD-4664,C741,2026-07-05T18:18:58.323Z,846.12,PAID
ORD-4665,C619,2026-09-05T20:25:39.288Z,438.52,SHIPPED
ORD-4666,C1547,2026-09-26T06:33:33.800Z,906.23,PENDING
ORD-4667,C78,2026-08-23T00:06:33.075Z,294.15,CANCELLED
ORD-4668,C200,2026-09-01T18:21:32.823Z,228.68,PAID
ORD-4669,C238,2026-07-27T01:15:27.654Z,400.59,SHIPPED
ORD-4670,C1355,2026-07-20T06:11:58.895Z,314.78,PENDING
ORD-4671,C1296,2026-08-10T17:20:53.743Z,667.86,CANCELLED
ORD-4672,C1232,2026-09-01T08:43:25.199Z,880.51,PAID
ORD-4673,C1596,2026-09-05T08:47:31.476Z,587.62,SHIPPED
ORD-4674,C1242,2026-07-24T20:14:17.568Z,269.56,PENDING
ORD-4675,C831,2026-08-02T02:09:39.977Z,488.72,CANCELLED
ORD-4676,C247,2026-07-11T15:35:29.507Z,520.50,PAID
ORD-4677,C1920,2026-07-12T06:29:49.985Z,188.39,SHIPPED
ORD-4678,C5,2026-07-25T17:19:26.193Z,283.24,PENDING
ORD-4679,C246,2026-08-17T09:34:50.682Z,902.18,CANCELLED
ORD-4680,C587,2026-08-17T08:38:10.863Z,277.20,PAID
ORD-4681,C817,2026-08-03T19:07:33.702Z,845.30,SHIPPED
ORD-4682,C731,2026-07-03T15:37:17.130Z,578.00,PENDING
ORD-4683,C1985,2026-09-19T13:10:45.030Z,42.24,CANCELLED
ORD-4684,C38,2026-07-11T18:39:19.196Z,112.08,PAID
ORD-4685,C1467,2026-08-24T19:30:36.616Z,570.27,SHIPPED
ORD-4686,C1469,2026-07-07T22:39:58.712Z,226.63,PENDING
ORD-4687,C1466,2026-09-04T06:33:14.834Z,11.92,CANCELLED
ORD-4688,C1278,2026-07-15T03:45:20.361Z,28.40,PAID
ORD-4689,C45,2026-09-14T22:50:58.288Z,6.61,SHIPPED
ORD-4690,C1252,2026-09-06T23:55:10.153Z,453.84,PENDING
ORD-4691,C1000,2026-08-02T14:21:45.337Z,75.49,CANCELLED
ORD-4692,C854,2026-08-05T12:25:23.847Z,311.05,PAID
ORD-4693,C181,2026-08-28T08:22:11.715Z,673.50,SHIPPED
ORD-4694,C1960,2026-07-16T02:45:11.804Z,355.28,PENDING
ORD-4695,C1329,2026-09-20T04:31:24.531Z,210.12,CANCELLED
ORD-4696,C154,2026-07-05T17:34:52.406Z,368.88,PAID
ORD-4697,C1,2026-09-28T20:25:40.353Z,230.42,SHIPPED
ORD-4698,C225,2026-09-22T00:08:58.243Z,56.48,PENDING
ORD-4699,C367,2026-07-29T21:26:35.267Z,380.01,CANCELLED
ORD-4700,C108,2026-07-08T12:39:09.239Z,323.65,PAID
ORD-4701,C1773,2026-07-31T23:14:32.899Z,387.92,SHIPPED
ORD-4702,C1138,2026-07-16T01:34:09.981Z,692.64,PENDING
ORD-4703,C1569,2026-07-05T04:42:34.359Z,924.45,CANCELLED
ORD-4704,C1382,2026-09-08T16:33:29.221Z,365.45,PAID
ORD-4705,C1108,2026-09-30T18:16:26.253Z,627.08,SHIPPED
ORD-4706,C1554,2026-08-02T09:29:13.907Z,0.11,PENDING
ORD-4707,C345,2026-09-13T18:17:16.817Z,901.48,CANCELLED
ORD-4708,C512,2026-07-29T20:42:19.962Z,100.63,PAID
ORD-4709,C1654,2026-08-03T15:16:25.381Z,492.10,SHIPPED
ORD-4710,C1026,2026-08-11T05:24:25.639Z,891.84,PENDING
ORD-4711,C1755,2026-08-19T08:46:04.380Z,101.96,CANCELLED
ORD-4712,C530,2026-07-26T19:04:43.771Z,484.51,PAID
ORD-4713,C212,2026-07-08T15:29:40.238Z,111.57,SHIPPED
ORD-4714,C1874,2026-07-28T23:08:37.046Z,402.65,PENDING
ORD-4715,C1411,2026-09-16T07:16:20.861Z,51.77,CANCELLED
ORD-4716,C843,2026-08-25T09:15:26.460Z,798.56,PAID
ORD-4717,C789,2026-08-17T08:51:19.698Z,776.96,SHIPPED
ORD-4718,C116,2026-07-20T15:37:53.852Z,616.87,PENDING
ORD-4719,C11,2026-07-06T08:28:57.586Z,615.61,CANCELLED
ORD-4720,C199,2026-07-06T07:04:40.928Z,430.11,PAID
ORD-4721,C67,2026-09-30T21:37:24.686Z,412.04,SHIPPED
ORD-4722,C1227,2026-08-07T22:44:36.798Z,968.11,PENDING
ORD-4723,C1548,2026-08-06T19:01:52.198Z,633.02,CANCELLED
ORD-4724,C600,2026-07-21T19:34:37.948Z,795.93,PAID
ORD-4725,C368,2026-07-06T15:44:25.524Z,914.13,SHIPPED
ORD-4726,C1544,2026-07-09T21:04:16.657Z,164.40,PENDING
ORD-4727,C556,2026-07-21T00:03:39.558Z,343.52,CANCELLED
ORD-4728,C811,2026-09-25T20:23:19.794Z,744.22,PAID
ORD-4729,C182,2026-08-07T15:58:46.400Z,827.96,SHIPPED
ORD-4730,C828,2026-08-01T09:19:07.171Z,790.84,PENDING
ORD-4731,C216,2026-08-22T09:14:33.340Z,827.11,CANCELLED
ORD-4732,C1835,2026-08-28T17:17:46.870Z,941.50,PAID
ORD-4733,C319,2026-09-02T12:21:45.252Z,204.15,SHIPPED
ORD-4734,C486,2026-09-04T05:16:21.785Z,385.56,PENDING
ORD-4735,C1498,2026-09-30T17:45:11.878Z,748.36,CANCELLED
ORD-4736,C696,2026-08-09T22:34:25.435Z,853.47,PAID
ORD-4737,C1150,2026-08-21T13:13:08.827Z,725.53,SHIPPED
ORD-4738,C1730,2026-08-10T20:03:13.839Z,452.81,PENDING
ORD-4739,C780,2026-08-24T11:26:41.387Z,26.74,CANCELLED
ORD-4740,C754,2026-08-12T06:47:40.876Z,909.42,PAID
ORD-4741,C633,2026-09-07T22:27:15.838Z,124.00,SHIPPED
ORD-4742,C1686,2026-08-04T11:19:31.430Z,635.46,PENDING
ORD-4743,C1122,2026-08-11T06:26:44.761Z,4.04,CANCELLED
ORD-4744,C1862,2026-07-06T01:59:31.717Z,968.76,PAID
ORD-4745,C1109,2026-07-10T01:33:06.110Z,528.83,SHIPPED
ORD-4746,C1832,2026-09-18T20:44:25.323Z,246.23,PENDING
ORD-4747,C1155,2026-08-22T00:28:42.714Z,514.27,CANCELLED
ORD-4748,C996,2026-08-04T20:33:31.744Z,381.61,PAID
ORD-4749,C1839,2026-08-25T21:48:27.166Z,241.49,SHIPPED
ORD-4750,C368,2026-09-29T00:56:28.554Z,380.87,PENDING
ORD-4751,C1189,2026-07-17T10:12:59.746Z,373.35,CANCELLED
ORD-4752,C619,2026-07-24T16:52:20.168Z,339.41,PAID
ORD-4753,C434,2026-08-22T04:00:50.780Z,302.70,SHIPPED
ORD-4754,C630,2026-09-26T08:44:01.755Z,210.29,PENDING
ORD-4755,C327,2026-07-09T11:34:16.800Z,435.85,CANCELLED
ORD-4756,C1472,2026-09-10T17:24:29.791Z,441.99,PAID
ORD-4757,C1480,2026-08-14T23:43:55.304Z,93.85,SHIPPED
ORD-4758,C1798,2026-08-24T16:40:13.104Z,92.48,PENDING
ORD-4759,C34,2026-09-14T11:28:08.875Z,229.31,CANCELLED
ORD-4760,C1228,2026-08-11T18:51:00.293Z,893.46,PAID
ORD-4761,C1463,2026-08-08T11:57:11.964Z,555.57,SHIPPED
ORD-4762,C1024,2026-08-19T15:31:32.778Z,770.28,PENDING
ORD-4763,C1377,2026-09-19T09:30:13.420Z,566.60,CANCELLED
ORD-4764,C1561,2026-07-28T01:43:23.530Z,464.24,PAID
ORD-4765,C326,2026-08-21T01:16:40.461Z,531.63,SHIPPED
ORD-4766,C165,2026-07-11T21:14:22.684Z,384.77,PENDING
ORD-4767,C714,2026-07-11T18:03:18.466Z,965.92,CANCELLED
ORD-4768,C766,2026-08-04T20:22:39.306Z,409.47,PAID
ORD-4769,C446,2026-09-12T15:53:37.351Z,147.88,SHIPPED
ORD-4770,C194,2026-08-13T14:24:24.412Z,11.14,PENDING
ORD-4771,C1008,2026-08-20T18:16:44.633Z,994.22,CANCELLED
ORD-4772,C17,2026-07-20T17:37:12.692Z,85.35,PAID
ORD-4773,C899,2026-07-28T18:43:43.614Z,315.30,SHIPPED
ORD-4774,C1002,2026-08-19T05:02:21.668Z,851.68,PENDING
ORD-4775,C953,2026-07-30T13:57:29.835Z,813.57,CANCELLED
ORD-4776,C329,2026-09-16T03:53:11.336Z,13.91,PAID
ORD-4777,C106,2026-09-05T22:44:28.672Z,352.92,SHIPPED
ORD-4778,C1563,2026-09-01T22:53:15.655Z,743.03,PENDING
ORD-4779,C61,2026-07-05T20:11:39.881Z,518.83,CANCELLED
ORD-4780,C1113,2026-09-05T12:53:16.275Z,326.88,PAID
ORD-4781,C232,2026-08-06T07:43:21.334Z,797.37,SHIPPED
ORD-4782,C818,2026-07-06T07:03:53.767Z,518.39,PENDING
ORD-4783,C1090,2026-09-17T15:46:40.637Z,925.51,CANCELLED
ORD-4784,C1307,2026-09-16T14:08:20.957Z,865.64,PAID
ORD-4785,C519,2026-08-21T09:44:00.575Z,852.57,SHIPPED
ORD-4786,C1233,2026-07-30T17:49:50.658Z,846.73,PENDING
ORD-4787,C37,2026-08-18T12:20:06.289Z,682.47,CANCELLED
ORD-4788,C1545,2026-08-30T11:13:44.359Z,614.87,PAID
ORD-4789,C501,2026-09-16T13:20:03.641Z,203.28,SHIPPED
ORD-4790,C1830,2026-08-14T13:43:53.531Z,103.50,PENDING
ORD-4791,C513,2026-09-23T03:37:11.202Z,300.58,CANCELLED
ORD-4792,C1635,2026-09-27T06:24:10.550Z,717.08,PAID
ORD-4793,C21,2026-09-23T15:16:49.728Z,203.18,SHIPPED
ORD-4794,C1853,2026-08-16T10:34:39.505Z,88.27,PENDING
ORD-4795,C1775,2026-09-24T21:48:09.896Z,931.50,CANCELLED
ORD-4796,C1060,2026-09-21T17:13:21.586Z,9.60,PAID
ORD-4797,C1020,2026-07-26T13:19:13.589Z,845.80,SHIPPED
ORD-4798,C1941,2026-07-29T14:59:33.708Z,399.38,PENDING
ORD-4799,C1338,2026-09-03T01:14:49.900Z,807.98,CANCELLED
ORD-4800,C1333,2026-07-15T06:39:42.872Z,35.99,PAID
ORD-4801,C223,2026-07-08T12:13:05.423Z,172.32,SHIPPED
ORD-4802,C551,2026-09-17T16:12:18.353Z,910.95,PENDING
ORD-4803,C1764,2026-09-08T06:45:11.838Z,911.00,CANCELLED
ORD-4804,C1313,2026-07-04T10:10:28.933Z,951.44,PAID
ORD-4805,C268,2026-07-28T16:39:39.496Z,872.80,SHIPPED
ORD-4806,C1515,2026-09-07T01:46:53.588Z,892.89,PENDING
ORD-4807,C1194,2026-07-06T17:31:00.268Z,799.70,CANCELLED
ORD-4808,C1489,2026-07-18T09:38:06.433Z,818.43,PAID
ORD-4809,C89,2026-07-07T09:45:23.760Z,279.95,SHIPPED
ORD-4810,C1299,2026-09-04T20:50:43.725Z,765.53,PENDING
ORD-4811,C1493,2026-08-09T20:03:54.446Z,771.11,CANCELLED
ORD-4812,C790,2026-07-29T02:25:03.660Z,830.85,PAID
ORD-4813,C374,2026-09-15T07:59:04.766Z,781.45,SHIPPED
ORD-4814,C411,2026-07-14T02:08:28.375Z,102.25,PENDING
ORD-4815,C1762,2026-09-01T01:59:10.721Z,232.74,CANCELLED
ORD-4816,C1331,2026-08-09T06:42:11.938Z,803.63,PAID
ORD-4817,C464,2026-09-12T08:56:22.292Z,657.89,SHIPPED
ORD-4818,C1632,2026-08-10T22:28:49.666Z,384.22,PENDING
ORD-4819,C32,2026-08-17T12:40:11.613Z,173.68,CANCELLED
ORD-4820,C1877,2026-09-03T11:20:55.955Z,917.57,PAID
ORD-4821,C1777,2026-07-30T02:24:54.023Z,418.91,SHIPPED
ORD-4822,C1081,2026-07-03T14:37:50.673Z,245.35,PENDING
ORD-4823,C1185,2026-07-08T08:51:50.954Z,994.63,CANCELLED
ORD-4824,C694,2026-07-04T09:59:20.904Z,78.42,PAID
ORD-4825,C475,2026-07-11T17:08:18.504Z,563.80,SHIPPED
ORD-4826,C1411,2026-07-05T21:12:16.755Z,944.77,PENDING
ORD-4827,C637,2026-07-03T06:17:01.542Z,282.32,CANCELLED
ORD-4828,C454,2026-07-17T23:44:54.435Z,799.53,PAID
ORD-4829,C433,2026-07-14T03:48:42.574Z,465.26,SHIPPED
ORD-4830,C117,2026-07-31T09:13:07.514Z,346.78,PENDING
ORD-4831,C1440,2026-07-22T01:02:26.409Z,535.14,CANCELLED
ORD-4832,C1172,2026-08-25T03:16:56.645Z,489.94,PAID
ORD-4833,C1140,2026-08-20T07:07:58.226Z,318.05,SHIPPED
ORD-4834,C385,2026-07-09T05:03:16.441Z,232.48,PENDING
ORD-4835,C151,2026-07-04T19:50:52.348Z,512.12,CANCELLED
ORD-4836,C1534,2026-08-15T08:08:57.564Z,70.59,PAID
ORD-4837,C996,2026-09-26T15:41:47.695Z,526.30,SHIPPED
ORD-4838,C166,2026-09-25T03:52:48.629Z,878.72,PENDING
ORD-4839,C898,2026-09-24T04:22:05.928Z,3.87,CANCELLED
ORD-4840,C1795,2026-07-18T10:41:33.002Z,300.77,PAID
ORD-4841,C155,2026-09-21T06:25:07.890Z,976.98,SHIPPED
ORD-4842,C1180,2026-09-07T06:15:49.559Z,195.30,PENDING
ORD-4843,C138,2026-09-04T06:31:20.239Z,920.46,CANCELLED
ORD-4844,C1473,2026-07-13T05:42:44.696Z,8.04,PAID
ORD-4845,C281,2026-07-17T16:55:23.843Z,301.94,SHIPPED
ORD-4846,C1525,2026-08-24T11:18:10.243Z,855.97,PENDING
ORD-4847,C785,2026-07-23T09:12:17.833Z,550.55,CANCELLED
ORD-4848,C1731,2026-08-29T10:13:14.247Z,911.22,PAID
ORD-4849,C1225,2026-08-19T03:42:24.228Z,287.44,SHIPPED
ORD-4850,C640,2026-09-24T07:06:16.369Z,700.35,PENDING
ORD-4851,C40,2026-09-26T22:16:21.297Z,218.27,CANCELLED
ORD-4852,C420,2026-09-09T18:35:50.008Z,926.92,PAID
ORD-4853,C1875,2026-09-25T19:40:04.452Z,408.51,SHIPPED
ORD-4854,C146,2026-07-05T14:41:42.314Z,991.29,PENDING
ORD-4855,C73,2026-09-11T20:27:16.227Z,120.80,CANCELLED
ORD-4856,C1066,2026-09-16T22:59:07.655Z,159.91,PAID
ORD-4857,C1343,2026-08-14T22:43:52.415Z,63.85,SHIPPED
ORD-4858,C1707,2026-09-16T08:54:41.128Z,258.88,PENDING
ORD-4859,C756,2026-09-23T09:51:54.055Z,639.15,CANCELLED
ORD-4860,C1443,2026-08-01T04:51:47.206Z,658.11,PAID
ORD-4861,C597,2026-09-25T18:33:46.943Z,609.37,SHIPPED
ORD-4862,C1642,2026-09-20T11:55:52.197Z,305.85,PENDING
ORD-4863,C699,2026-07-27T21:52:52.426Z,388.04,CANCELLED
ORD-4864,C1705,2026-08-11T18:53:24.854Z,595.67,PAID
ORD-4865,C1093,2026-09-01T04:19:31.269Z,197.67,SHIPPED
ORD-4866,C1066,2026-07-10T08:11:26.477Z,577.72,PENDING
ORD-4867,C52,2026-07-04T03:55:01.016Z,677.78,CANCELLED
ORD-4868,C1714,2026-07-11T06:32:15.262Z,30.30,PAID
ORD-4869,C1801,2026-08-17T13:38:57.331Z,0.11,SHIPPED
ORD-4870,C494,2026-09-09T14:34:22.593Z,696.05,PENDING
ORD-4871,C486,2026-07-06T18:16:13.573Z,472.48,CANCELLED
ORD-4872,C974,2026-07-19T03:14:23.298Z,630.62,PAID
ORD-4873,C1696,2026-09-02T01:50:13.782Z,154.91,SHIPPED
ORD-4874,C1697,2026-07-08T13:30:48.618Z,123.57,PENDING
ORD-4875,C1032,2026-07-31T19:35:55.252Z,656.90,CANCELLED
ORD-4876,C1589,2026-08-21T19:48:59.714Z,220.60,PAID
ORD-4877,C1823,2026-08-13T12:07:57.732Z,5.57,SHIPPED
ORD-4878,C27,2026-09-30T12:24:57.486Z,358.38,PENDING
ORD-4879,C1414,2026-09-28T21:21:51.224Z,966.06,CANCELLED
ORD-4880,C602,2026-07-04T12:28:09.561Z,179.86,PAID
ORD-4881,C1783,2026-07-15T19:22:00.237Z,547.54,SHIPPED
ORD-4882,C1602,2026-07-13T00:14:27.536Z,206.50,PENDING
ORD-4883,C750,2026-08-02T00:47:49.594Z,795.68,CANCELLED
ORD-4884,C464,2026-07-17T11:08:47.991Z,666.40,PAID
ORD-4885,C398,2026-07-11T14:38:31.859Z,609.20,SHIPPED
ORD-4886,C173,2026-07-09T22:37:09.015Z,884.48,PENDING
ORD-4887,C1853,2026-09-29T07:15:30.912Z,132.55,CANCELLED
ORD-4888,C1371,2026-08-12T03:08:40.970Z,470.77,PAID
ORD-4889,C870,2026-07-16T21:22:26.465Z,947.54,SHIPPED
ORD-4890,C946,2026-07-27T14:42:51.559Z,830.30,PENDING
ORD-4891,C1251,2026-09-05T12:05:31.956Z,564.79,CANCELLED
ORD-4892,C664,2026-09-17T16:43:53.470Z,455.27,PAID
ORD-4893,C1583,2026-09-30T09:08:14.603Z,523.91,SHIPPED
ORD-4894,C124,2026-08-28T05:07:42.360Z,839.24,PENDING
ORD-4895,C522,2026-07-25T17:07:08.890Z,502.61,CANCELLED
ORD-4896,C1905,2026-08-05T20:06:51.602Z,763.00,PAID
ORD-4897,C1187,2026-09-08T19:33:36.498Z,415.36,SHIPPED
ORD-4898,C1530,2026-07-18T07:19:08.480Z,208.75,PENDING
ORD-4899,C53,2026-07-08T06:32:58.025Z,145.59,CANCELLED
ORD-4900,C612,2026-07-16T10:52:58.975Z,159.03,PAID
ORD-4901,C522,2026-09-26T19:34:41.773Z,704.19,SHIPPED
ORD-4902,C1679,2026-07-22T04:48:36.817Z,904.23,PENDING
ORD-4903,C653,2026-08-22T10:09:26.736Z,28.08,CANCELLED
ORD-4904,C1497,2026-08-18T22:33:49.175Z,405.35,PAID
ORD-4905,C1974,2026-08-17T19:46:29.726Z,425.77,SHIPPED
ORD-4906,C697,2026-07-04T05:56:49.835Z,410.43,PENDING
ORD-4907,C1074,2026-08-27T20:39:42.987Z,918.37,CANCELLED
ORD-4908,C1147,2026-08-23T14:11:19.343Z,660.88,PAID
ORD-4909,C325,2026-08-27T17:52:55.980Z,734.76,SHIPPED
ORD-4910,C1299,2026-08-28T17:09:37.548Z,85.23,PENDING
ORD-4911,C1229,2026-07-03T18:19:18.300Z,951.94,CANCELLED
ORD-4912,C121,2026-08-09T19:34:51.277Z,376.17,PAID
ORD-4913,C1658,2026-08-06T01:32:15.153Z,968.38,SHIPPED
ORD-4914,C590,2026-09-21T15:05:47.392Z,144.77,PENDING
ORD-4915,C860,2026-08-27T01:28:57.820Z,487.22,CANCELLED
ORD-4916,C655,2026-07-05T08:03:25.615Z,864.20,PAID
ORD-4917,C1507,2026-08-14T22:30:56.924Z,561.07,SHIPPED
ORD-4918,C1871,2026-08-18T16:29:06.771Z,899.92,PENDING
ORD-4919,C1111,2026-07-16T19:08:09.336Z,248.68,CANCELLED
ORD-4920,C1215,2026-08-06T22:50:33.645Z,901.47,PAID
ORD-4921,C250,2026-07-17T23:35:24.785Z,492.36,SHIPPED
ORD-4922,C464,2026-07-13T00:18:39.686Z,813.27,PENDING
ORD-4923,C830,2026-08-18T09:46:15.369Z,201.07,CANCELLED
ORD-4924,C402,2026-09-28T09:04:06.375Z,393.11,PAID
ORD-4925,C739,2026-09-12T21:35:32.471Z,517.26,SHIPPED
ORD-4926,C1630,2026-08-27T04:02:18.908Z,774.73,PENDING
ORD-4927,C1239,2026-07-25T08:59:49.185Z,820.92,CANCELLED
ORD-4928,C1497,2026-09-30T10:58:22.334Z,531.91,PAID
ORD-4929,C1187,2026-07-08T11:11:12.663Z,856.12,SHIPPED
ORD-4930,C402,2026-09-04T04:52:13.516Z,1.51,PENDING
ORD-4931,C388,2026-09-22T01:57:26.570Z,292.01,CANCELLED
ORD-4932,C1540,2026-07-09T01:37:17.299Z,201.23,PAID
ORD-4933,C769,2026-08-18T14:47:03.129Z,116.32,SHIPPED
ORD-4934,C691,2026-07-09T11:28:43.348Z,596.20,PENDING
ORD-4935,C657,2026-09-08T17:38:41.190Z,442.57,CANCELLED
ORD-4936,C883,2026-07-03T16:54:56.541Z,725.40,PAID
ORD-4937,C974,2026-09-27T12:45:11.315Z,403.32,SHIPPED
ORD-4938,C1662,2026-09-02T16:33:03.043Z,355.01,PENDING
ORD-4939,C706,2026-09-23T06:55:08.687Z,774.69,CANCELLED
ORD-4940,C740,2026-08-15T02:42:21.054Z,522.76,PAID
ORD-4941,C1,2026-07-06T01:04:48.988Z,280.12,SHIPPED
ORD-4942,C155,2026-09-24T15:55:06.389Z,192.77,PENDING
ORD-4943,C582,2026-08-18T17:14:15.477Z,354.78,CANCELLED
ORD-4944,C219,2026-09-08T14:46:17.065Z,438.32,PAID
ORD-4945,C151,2026-07-19T09:54:35.697Z,261.80,SHIPPED
ORD-4946,C770,2026-07-31T07:23:29.975Z,680.13,PENDING
ORD-4947,C1945,2026-07-24T13:09:49.219Z,791.52,CANCELLED
ORD-4948,C1417,2026-08-20T13:02:16.067Z,621.94,PAID
ORD-4949,C44,2026-07-11T12:17:29.528Z,347.40,SHIPPED
ORD-4950,C639,2026-09-28T03:20:49.658Z,999.43,PENDING
ORD-4951,C1958,2026-09-26T08:01:29.831Z,337.73,CANCELLED
ORD-4952,C1091,2026-07-09T01:08:13.832Z,197.44,PAID
ORD-4953,C1263,2026-07-15T20:02:15.719Z,78.85,SHIPPED
ORD-4954,C659,2026-07-27T07:48:59.116Z,229.63,PENDING
ORD-4955,C711,2026-07-04T19:09:36.611Z,417.76,CANCELLED
ORD-4956,C99,2026-08-28T03:48:24.110Z,62.81,PAID
ORD-4957,C1676,2026-07-26T19:33:03.297Z,295.66,SHIPPED
ORD-4958,C82,2026-08-22T11:43:50.144Z,163.44,PENDING
ORD-4959,C1441,2026-08-19T04:15:07.682Z,508.80,CANCELLED
ORD-4960,C1430,2026-09-02T06:15:48.202Z,372.30,PAID
ORD-4961,C919,2026-07-13T19:37:01.072Z,912.82,SHIPPED
ORD-4962,C1880,2026-07-05T16:07:49.844Z,229.02,PENDING
ORD-4963,C1485,2026-07-14T11:03:53.231Z,67.26,CANCELLED
ORD-4964,C1406,2026-09-11T00:21:17.910Z,8.25,PAID
ORD-4965,C467,2026-08-05T05:09:14.762Z,294.00,SHIPPED
ORD-4966,C1592,2026-07-18T01:06:43.976Z,96.95,PENDING
ORD-4967,C336,2026-08-02T17:25:46.521Z,245.38,CANCELLED
ORD-4968,C158,2026-07-11T01:35:35.428Z,20.63,PAID
ORD-4969,C1490,2026-09-12T21:19:03.851Z,69.26,SHIPPED
ORD-4970,C1769,2026-09-15T04:03:02.469Z,643.31,PENDING
ORD-4971,C634,2026-08-15T16:11:22.540Z,980.79,CANCELLED
ORD-4972,C1843,2026-08-23T11:26:09.632Z,157.02,PAID
ORD-4973,C316,2026-09-06T12:36:58.538Z,711.09,SHIPPED
ORD-4974,C1840,2026-08-10T14:23:00.217Z,500.02,PENDING
ORD-4975,C127,2026-07-27T22:39:07.334Z,116.70,CANCELLED
ORD-4976,C476,2026-07-11T17:02:30.920Z,460.98,PAID
ORD-4977,C1384,2026-07-30T05:44:58.557Z,409.10,SHIPPED
ORD-4978,C1018,2026-08-20T11:01:02.517Z,573.06,PENDING
ORD-4979,C1144,2026-09-13T01:51:13.714Z,884.70,CANCELLED
ORD-4980,C1761,2026-07-25T11:35:57.001Z,275.72,PAID
ORD-4981,C1875,2026-09-18T12:57:36.653Z,174.91,SHIPPED
ORD-4982,C789,2026-09-19T23:55:06.197Z,423.90,PENDING
ORD-4983,C97,2026-08-27T21:20:41.781Z,92.71,CANCELLED
ORD-4984,C1336,2026-09-16T00:04:02.709Z,92.70,PAID
ORD-4985,C1330,2026-08-29T17:57:03.938Z,442.02,SHIPPED
ORD-4986,C30,2026-08-09T04:27:20.532Z,628.07,PENDING
ORD-4987,C1800,2026-07-08T19:09:30.931Z,835.58,CANCELLED
ORD-4988,C1892,2026-08-05T01:56:24.386Z,203.99,PAID
ORD-4989,C1073,2026-09-12T17:16:35.983Z,797.21,SHIPPED
ORD-4990,C1218,2026-07-05T15:33:57.174Z,441.95,PENDING
ORD-4991,C1420,2026-09-15T17:48:44.420Z,633.65,CANCELLED
ORD-4992,C1331,2026-08-22T10:10:24.485Z,110.87,PAID
ORD-4993,C522,2026-09-05T23:20:25.445Z,725.14,SHIPPED
ORD-4994,C496,2026-09-09T15:20:43.764Z,610.82,PENDING
ORD-4995,C364,2026-09-03T13:29:35.391Z,264.91,CANCELLED
ORD-4996,C998,2026-08-28T00:41:59.886Z,678.41,PAID
ORD-4997,C1397,2026-08-11T09:00:44.978Z,762.65,SHIPPED
ORD-4998,C1009,2026-07-16T05:47:24.494Z,300.36,PENDING
ORD-4999,C1711,2026-09-07T14:24:06.795Z,304.81,CANCELLED
ORD-5000,C90,not-a-date,481.06,PAID
ORD-5001,C451,2026-09-29T10:50:35.059Z,190.03,SHIPPED
ORD-5002,C1371,2026-07-05T02:59:59.380Z,498.37,PENDING
ORD-5003,C1615,2026-08-22T22:09:30.929Z,459.46,CANCELLED
ORD-5004,C1009,2026-08-26T13:37:06.326Z,569.86,PAID
ORD-5005,C1124,2026-09-17T15:17:31.387Z,93.93,SHIPPED
ORD-5006,C1604,2026-09-20T09:30:51.223Z,162.22,PENDING
ORD-5007,C281,2026-09-20T15:51:00.945Z,343.53,CANCELLED
ORD-5008,C1651,2026-08-19T03:47:01.452Z,854.32,PAID
ORD-5009,C1286,2026-07-26T15:47:35.739Z,263.00,SHIPPED
ORD-5010,C1527,2026-07-10T16:58:21.672Z,62.48,PENDING
ORD-5011,C178,2026-08-28T02:21:59.147Z,215.10,CANCELLED
ORD-5012,C969,2026-07-27T21:46:57.141Z,508.23,PAID
ORD-5013,C1006,2026-09-06T11:27:29.953Z,432.96,SHIPPED
ORD-5014,C1628,2026-08-31T08:54:38.615Z,880.20,PENDING
ORD-5015,C510,2026-08-24T13:41:32.632Z,603.94,CANCELLED
ORD-5016,C1171,2026-07-13T11:05:30.777Z,560.09,PAID
ORD-5017,C1687,2026-07-07T04:42:05.931Z,691.35,SHIPPED
ORD-5018,C691,2026-09-02T16:44:34.713Z,821.84,PENDING
ORD-5019,C353,2026-08-30T01:17:10.794Z,720.87,CANCELLED
ORD-5020,C1811,2026-09-06T17:45:27.535Z,280.63,PAID
ORD-5021,C8,2026-08-31T09:24:05.989Z,207.45,SHIPPED
ORD-5022,C1827,2026-08-11T08:40:12.350Z,35.44,PENDING
ORD-5023,C1758,2026-07-29T18:30:53.949Z,608.18,CANCELLED
ORD-5024,C881,2026-08-10T03:32:24.815Z,130.21,PAID
ORD-5025,C1357,2026-08-22T01:44:23.833Z,740.92,SHIPPED
ORD-5026,C1080,2026-09-30T06:16:21.609Z,191.46,PENDING
ORD-5027,C534,2026-07-15T12:02:50.545Z,197.78,CANCELLED
ORD-5028,C898,2026-08-15T00:49:52.096Z,573.48,PAID
ORD-5029,C1543,2026-08-28T12:51:15.099Z,837.98,SHIPPED
ORD-5030,C331,2026-09-20T00:41:53.489Z,111.36,PENDING
ORD-5031,C1745,2026-07-16T08:52:20.805Z,729.08,CANCELLED
ORD-5032,C1646,2026-07-29T03:47:07.936Z,262.74,PAID
ORD-5033,C541,2026-08-06T14:51:49.240Z,259.19,SHIPPED
ORD-5034,C563,2026-09-25T19:53:31.856Z,28.61,PENDING
ORD-5035,C541,2026-08-07T06:29:45.422Z,573.68,CANCELLED
ORD-5036,C641,2026-09-10T13:23:00.242Z,741.06,PAID
ORD-5037,C489,2026-09-17T15:05:52.983Z,327.54,SHIPPED
ORD-5038,C92,2026-07-06T08:48:47.573Z,923.42,PENDING
ORD-5039,C1566,2026-09-19T04:48:00.717Z,223.04,CANCELLED
ORD-5040,C163,2026-09-24T06:48:27.389Z,839.71,PAID
ORD-5041,C1538,2026-09-28T19:25:19.851Z,402.13,SHIPPED
ORD-5042,C487,2026-08-06T11:50:11.597Z,720.59,PENDING
ORD-5043,C1022,2026-08-23T00:46:22.040Z,159.43,CANCELLED
ORD-5044,C475,2026-08-14T22:34:41.284Z,269.82,PAID
ORD-5045,C731,2026-07-24T17:21:27.481Z,105.22,SHIPPED
ORD-5046,C1072,2026-07-28T19:21:45.517Z,387.29,PENDING
ORD-5047,C1698,2026-08-07T03:41:05.412Z,884.86,CANCELLED
ORD-5048,C1591,2026-07-13T18:42:53.899Z,665.37,PAID
ORD-5049,C805,2026-07-15T10:24:15.158Z,317.35,SHIPPED
ORD-5050,C835,2026-07-30T17:34:08.321Z,404.62,PENDING
ORD-5051,C32,2026-09-07T01:00:33.810Z,53.91,CANCELLED
ORD-5052,C850,2026-09-12T17:06:43.836Z,94.03,PAID
ORD-5053,C1135,2026-09-23T01:37:28.735Z,395.36,SHIPPED
ORD-5054,C1615,2026-07-27T21:19:00.144Z,258.65,PENDING
ORD-5055,C1721,2026-09-13T16:41:03.111Z,448.82,CANCELLED
ORD-5056,C1989,2026-08-19T18:24:01.950Z,508.00,PAID
ORD-5057,C1414,2026-08-30T21:48:44.923Z,489.71,SHIPPED
ORD-5058,C926,2026-07-08T00:35:53.661Z,398.95,PENDING
ORD-5059,C1693,2026-09-27T10:59:34.636Z,361.13,CANCELLED
ORD-5060,C1231,2026-08-20T07:13:13.301Z,619.61,PAID
ORD-5061,C1850,2026-08-13T19:57:26.889Z,14.90,SHIPPED
ORD-5062,C10,2026-09-30T21:10:49.732Z,914.56,PENDING
ORD-5063,C1360,2026-08-03T03:43:20.983Z,407.27,CANCELLED
ORD-5064,C1913,2026-08-31T02:08:41.430Z,440.20,PAID
ORD-5065,C1874,2026-07-05T02:52:08.476Z,449.82,SHIPPED
ORD-5066,C1415,2026-09-27T02:34:39.264Z,918.17,PENDING
ORD-5067,C2,2026-09-26T01:07:41.955Z,775.30,CANCELLED
ORD-5068,C801,2026-08-19T16:26:13.896Z,248.51,PAID
ORD-5069,C757,2026-09-20T18:23:51.305Z,473.58,SHIPPED
ORD-5070,C714,2026-08-12T02:23:33.591Z,899.43,PENDING
ORD-5071,C296,2026-07-30T19:37:59.938Z,923.36,CANCELLED
ORD-5072,C986,2026-07-20T22:33:07.740Z,417.54,PAID
ORD-5073,C1269,2026-09-29T22:17:34.221Z,885.07,SHIPPED
ORD-5074,C1235,2026-07-10T18:26:31.740Z,905.74,PENDING
ORD-5075,C896,2026-07-16T09:56:55.350Z,620.74,CANCELLED
ORD-5076,C1192,2026-08-11T10:17:44.981Z,752.49,PAID
ORD-5077,C120,2026-09-16T18:52:19.140Z,103.20,SHIPPED
ORD-5078,C485,2026-08-27T16:39:27.879Z,625.48,PENDING
ORD-5079,C483,2026-08-28T03:34:08.549Z,913.51,CANCELLED
ORD-5080,C1337,2026-07-25T01:58:08.503Z,206.96,PAID
ORD-5081,C408,2026-08-25T07:05:49.766Z,375.94,SHIPPED
ORD-5082,C1218,2026-09-02T17:33:36.046Z,386.40,PENDING
ORD-5083,C1516,2026-09-30T10:41:59.564Z,75.97,CANCELLED
ORD-5084,C1668,2026-09-29T01:21:34.264Z,443.67,PAID
ORD-5085,C1224,2026-07-19T21:14:32.134Z,956.75,SHIPPED
ORD-5086,C756,2026-08-23T23:50:06.573Z,959.90,PENDING
ORD-5087,C185,2026-09-18T15:16:55.892Z,682.52,CANCELLED
ORD-5088,C389,2026-09-06T10:24:18.102Z,806.73,PAID
ORD-5089,C898,2026-08-20T03:53:59.000Z,84.28,SHIPPED
ORD-5090,C459,2026-08-11T11:22:25.133Z,80.21,PENDING
ORD-5091,C961,2026-07-19T11:59:37.629Z,72.58,CANCELLED
ORD-5092,C1620,2026-08-21T04:26:32.481Z,942.94,PAID
ORD-5093,C1467,2026-08-09T19:05:31.458Z,66.30,SHIPPED
ORD-5094,C1972,2026-08-03T20:35:56.203Z,596.30,PENDING
ORD-5095,C94,2026-09-21T13:51:40.825Z,361.43,CANCELLED
ORD-5096,C906,2026-07-29T09:58:46.480Z,161.84,PAID
ORD-5097,C1857,2026-07-27T16:11:32.093Z,145.04,SHIPPED
ORD-5098,C1724,2026-08-26T04:31:08.959Z,759.24,PENDING
ORD-5099,C883,2026-09-24T11:14:10.939Z,41.88,CANCELLED
ORD-5100,C13,2026-08-14T00:30:41.745Z,520.44,PAID
ORD-5101,C1007,2026-09-10T05:24:35.397Z,217.21,SHIPPED
ORD-5102,C1838,2026-09-08T22:16:38.390Z,374.99,PENDING
ORD-5103,C44,2026-09-29T07:42:51.343Z,382.01,CANCELLED
ORD-5104,C272,2026-09-13T16:30:44.115Z,240.41,PAID
ORD-5105,C822,2026-08-30T18:44:52.055Z,463.01,SHIPPED
ORD-5106,C79,2026-07-07T05:57:38.938Z,39.07,PENDING
ORD-5107,C538,2026-08-24T14:06:16.386Z,365.14,CANCELLED
ORD-5108,C1942,2026-08-30T01:34:54.632Z,505.54,PAID
ORD-5109,C851,2026-08-19T18:58:04.414Z,929.61,SHIPPED
ORD-5110,C1964,2026-09-02T17:58:32.543Z,912.43,PENDING
ORD-5111,C703,2026-09-09T20:03:51.612Z,565.16,CANCELLED
ORD-5112,C1468,2026-08-12T22:21:20.779Z,128.26,PAID
ORD-5113,C863,2026-09-09T05:51:32.555Z,348.12,SHIPPED
ORD-5114,C1853,2026-07-04T02:40:36.832Z,376.66,PENDING
ORD-5115,C1244,2026-07-30T13:37:44.950Z,37.15,CANCELLED
ORD-5116,C196,2026-07-12T11:22:50.587Z,313.66,PAID
ORD-5117,C109,2026-09-12T20:22:20.150Z,319.26,SHIPPED
ORD-5118,C883,2026-08-25T14:44:28.885Z,258.59,PENDING
ORD-5119,C1789,2026-09-27T18:21:13.988Z,214.18,CANCELLED
ORD-5120,C606,2026-07-29T02:13:55.577Z,592.21,PAID
ORD-5121,C1056,2026-08-21T04:12:13.401Z,442.45,SHIPPED
ORD-5122,C787,2026-08-04T12:25:43.253Z,123.61,PENDING
ORD-5123,C606,2026-07-14T16:05:41.481Z,760.88,CANCELLED
ORD-5124,C889,2026-07-09T23:29:26.841Z,860.19,PAID
ORD-5125,C296,2026-09-30T00:36:26.597Z,419.96,SHIPPED
ORD-5126,C1384,2026-07-21T03:49:14.770Z,816.68,PENDING
ORD-5127,C1193,2026-08-08T19:37:39.339Z,578.45,CANCELLED
ORD-5128,C41,2026-09-28T05:53:42.781Z,949.13,PAID
ORD-5129,C855,2026-07-14T17:19:50.294Z,532.89,SHIPPED
ORD-5130,C376,2026-07-11T18:45:49.025Z,958.88,PENDING
ORD-5131,C1223,2026-07-05T10:17:38.471Z,533.35,CANCELLED
ORD-5132,C1566,2026-07-04T03:30:13.845Z,401.97,PAID
ORD-5133,C418,2026-07-03T22:47:13.637Z,547.70,SHIPPED
ORD-5134,C1031,2026-08-04T22:48:31.342Z,704.81,PENDING
ORD-5135,C220,2026-08-03T09:22:13.049Z,561.13,CANCELLED
ORD-5136,C650,2026-09-05T13:36:40.775Z,229.57,PAID
ORD-5137,C1657,2026-07-16T20:45:14.893Z,338.10,SHIPPED
ORD-5138,C1860,2026-09-26T03:45:48.757Z,819.87,PENDING
ORD-5139,C1550,2026-09-01T04:17:34.922Z,74.24,CANCELLED
ORD-5140,C575,2026-07-06T23:51:49.053Z,395.43,PAID
ORD-5141,C678,2026-08-26T02:20:34.467Z,372.16,SHIPPED
ORD-5142,C807,2026-08-18T18:01:09.232Z,819.89,PENDING
ORD-5143,C1430,2026-09-06T18:48:26.770Z,131.53,CANCELLED
ORD-5144,C1846,2026-07-17T04:58:40.602Z,623.76,PAID
ORD-5145,C1674,2026-09-29T19:49:58.404Z,588.92,SHIPPED
ORD-5146,C478,2026-09-01T15:37:49.716Z,794.29,PENDING
ORD-5147,C1057,2026-07-17T21:36:35.988Z,598.76,CANCELLED
ORD-5148,C1831,2026-08-31T21:47:16.023Z,366.28,PAID
ORD-5149,C1027,2026-07-10T09:44:12.116Z,682.02,SHIPPED
ORD-5150,C1488,2026-07-10T18:48:29.531Z,377.56,PENDING
ORD-5151,C1101,2026-07-30T08:27:56.331Z,853.56,CANCELLED
ORD-5152,C1777,2026-09-17T14:07:40.643Z,786.74,PAID
ORD-5153,C974,2026-07-18T02:20:19.101Z,341.34,SHIPPED
ORD-5154,C1573,2026-08-03T06:06:54.122Z,947.64,PENDING
ORD-5155,C1505,2026-07-12T02:31:58.111Z,414.29,CANCELLED
ORD-5156,C47,2026-07-04T06:09:54.249Z,919.55,PAID
ORD-5157,C304,2026-09-05T16:49:02.551Z,871.64,SHIPPED
ORD-5158,C279,2026-08-23T11:49:08.895Z,972.53,PENDING
ORD-5159,C1094,2026-07-30T02:15:43.381Z,527.17,CANCELLED
ORD-5160,C683,2026-09-03T01:58:32.404Z,512.77,PAID
ORD-5161,C1611,2026-09-21T06:38:03.718Z,404.91,SHIPPED
ORD-5162,C389,2026-07-04T05:44:30.221Z,167.16,PENDING
ORD-5163,C1092,2026-08-06T01:11:34.798Z,9.99,CANCELLED
ORD-5164,C299,2026-07-06T04:13:07.493Z,280.38,PAID
ORD-5165,C70,2026-08-28T00:02:21.448Z,533.89,SHIPPED
ORD-5166,C1600,2026-09-28T15:34:14.971Z,71.76,PENDING
ORD-5167,C856,2026-09-25T05:21:58.256Z,233.72,CANCELLED
ORD-5168,C139,2026-08-23T03:35:14.826Z,956.03,PAID
ORD-5169,C217,2026-07-07T06:18:54.859Z,126.77,SHIPPED
ORD-5170,C283,2026-08-06T02:11:14.424Z,981.47,PENDING
ORD-5171,C786,2026-08-31T08:58:46.018Z,36.87,CANCELLED
ORD-5172,C1362,2026-09-17T06:09:15.692Z,371.15,PAID
ORD-5173,C1236,2026-09-02T14:29:14.593Z,882.01,SHIPPED
ORD-5174,C1736,2026-08-11T15:32:34.711Z,592.02,PENDING
ORD-5175,C801,2026-08-20T11:24:25.102Z,556.26,CANCELLED
ORD-5176,C1350,2026-08-29T22:32:46.124Z,784.95,PAID
ORD-5177,C1114,2026-09-13T02:31:02.283Z,649.33,SHIPPED
ORD-5178,C582,2026-09-19T12:13:18.096Z,187.40,PENDING
ORD-5179,C35,2026-07-20T16:30:21.967Z,189.72,CANCELLED
ORD-5180,C43,2026-08-20T07:28:17.519Z,117.76,PAID
ORD-5181,C725,2026-09-20T13:29:54.654Z,844.76,SHIPPED
ORD-5182,C167,2026-09-23T18:45:02.323Z,843.77,PENDING
ORD-5183,C491,2026-08-03T14:37:44.410Z,8.17,CANCELLED
ORD-5184,C1937,2026-09-30T22:40:56.805Z,907.60,PAID
ORD-5185,C274,2026-08-20T23:51:14.716Z,182.84,SHIPPED
ORD-5186,C1614,2026-09-26T17:40:02.233Z,243.63,PENDING
ORD-5187,C480,2026-09-09T04:02:41.298Z,734.91,CANCELLED
ORD-5188,C718,2026-07-03T18:16:52.176Z,236.00,PAID
ORD-5189,C1384,2026-07-17T16:16:25.659Z,69.34,SHIPPED
ORD-5190,C418,2026-07-22T06:06:47.044Z,50.64,PENDING
ORD-5191,C1776,2026-09-25T08:25:32.935Z,630.20,CANCELLED
ORD-5192,C1117,2026-08-29T10:00:20.783Z,760.49,PAID
ORD-5193,C1647,2026-09-10T12:16:00.718Z,839.10,SHIPPED
ORD-5194,C1879,2026-07-25T16:26:46.185Z,808.77,PENDING
ORD-5195,C796,2026-08-03T07:27:47.905Z,41.09,CANCELLED
ORD-5196,C293,2026-07-31T05:27:35.784Z,248.17,PAID
ORD-5197,C416,2026-09-14T08:10:58.873Z,228.96,SHIPPED
ORD-5198,C177,2026-08-27T04:27:22.369Z,306.11,PENDING
ORD-5199,C202,2026-09-14T00:18:37.487Z,226.52,CANCELLED
ORD-5200,C887,2026-09-24T22:30:20.105Z,955.68,PAID
ORD-5201,C907,2026-07-21T00:29:18.631Z,345.70,SHIPPED
ORD-5202,C1860,2026-08-24T10:00:38.729Z,900.75,PENDING
ORD-5203,C1478,2026-07-23T04:57:14.338Z,570.01,CANCELLED
ORD-5204,C276,2026-09-11T20:32:41.820Z,750.29,PAID
ORD-5205,C113,2026-07-22T06:28:32.125Z,820.92,SHIPPED
ORD-5206,C290,2026-09-25T03:35:40.363Z,60.34,PENDING
ORD-5207,C1255,2026-08-06T06:58:07.744Z,792.30,CANCELLED
ORD-5208,C999,2026-09-26T20:05:04.826Z,467.38,PAID
ORD-5209,C204,2026-08-06T06:36:17.236Z,48.30,SHIPPED
ORD-5210,C1604,2026-07-21T10:46:10.054Z,64.17,PENDING
ORD-5211,C560,2026-08-30T15:19:08.503Z,678.27,CANCELLED
ORD-5212,C497,2026-08-04T17:26:17.019Z,1.05,PAID
ORD-5213,C1723,2026-08-27T10:34:54.619Z,197.05,SHIPPED
ORD-5214,C1362,2026-07-24T09:12:58.942Z,360.28,PENDING
ORD-5215,C1950,2026-09-24T03:01:01.954Z,648.69,CANCELLED
ORD-5216,C1677,2026-08-31T09:46:58.753Z,693.85,PAID
ORD-5217,C1077,2026-09-02T16:54:46.805Z,316.25,SHIPPED
ORD-5218,C1452,2026-09-19T01:37:22.103Z,794.31,PENDING
ORD-5219,C1548,2026-09-01T08:04:55.229Z,525.18,CANCELLED
ORD-5220,C1096,2026-08-05T08:43:31.798Z,503.43,PAID
ORD-5221,C777,2026-09-09T09:45:58.951Z,139.35,SHIPPED
ORD-5222,C604,2026-07-10T23:47:46.311Z,859.88,PENDING
ORD-5223,C1906,2026-07-20T13:04:58.824Z,455.17,CANCELLED
ORD-5224,C445,2026-07-07T06:50:50.342Z,395.31,PAID
ORD-5225,C1308,2026-07-06T10:43:38.196Z,769.96,SHIPPED
ORD-5226,C1790,2026-08-24T13:21:25.254Z,355.92,PENDING
ORD-5227,C480,2026-07-10T04:44:22.072Z,676.29,CANCELLED
ORD-5228,C1206,2026-09-25T02:38:05.206Z,592.93,PAID
ORD-5229,C1157,2026-09-18T20:47:33.664Z,231.21,SHIPPED
ORD-5230,C97,2026-07-03T06:13:58.549Z,128.03,PENDING
ORD-5231,C1974,2026-08-23T08:14:46.123Z,997.98,CANCELLED
ORD-5232,C953,2026-08-28T12:08:31.267Z,353.89,PAID
ORD-5233,C140,2026-08-28T02:09:53.612Z,297.35,SHIPPED
ORD-5234,C601,2026-09-23T18:24:11.615Z,756.31,PENDING
ORD-5235,C218,2026-08-07T22:46:30.984Z,227.50,CANCELLED
ORD-5236,C407,2026-07-08T14:08:19.363Z,45.87,PAID
ORD-5237,C1802,2026-07-12T08:14:02.915Z,734.16,SHIPPED
ORD-5238,C672,2026-07-03T14:27:51.710Z,796.94,PENDING
ORD-5239,C1928,2026-09-11T07:02:06.887Z,870.08,CANCELLED
ORD-5240,C1312,2026-09-30T07:19:53.061Z,783.97,PAID
ORD-5241,C640,2026-07-24T13:01:28.871Z,163.52,SHIPPED
ORD-5242,C1510,2026-08-06T11:39:36.912Z,904.95,PENDING
ORD-5243,C1211,2026-08-08T20:41:41.591Z,390.56,CANCELLED
ORD-5244,C471,2026-09-02T05:51:22.984Z,439.35,PAID
ORD-5245,C1061,2026-09-27T18:43:38.738Z,666.59,SHIPPED
ORD-5246,C1083,2026-09-28T11:44:13.392Z,795.12,PENDING
ORD-5247,C1813,2026-07-25T18:11:48.965Z,126.53,CANCELLED
ORD-5248,C1172,2026-08-22T23:01:12.594Z,715.76,PAID
ORD-5249,C1765,2026-09-25T00:43:30.397Z,450.70,SHIPPED
ORD-5250,C1526,2026-07-28T06:38:10.984Z,232.13,PENDING
ORD-5251,C1804,2026-07-20T16:45:40.429Z,751.26,CANCELLED
ORD-5252,C989,2026-09-14T15:08:54.065Z,823.16,PAID
ORD-5253,C1837,2026-07-03T06:29:19.966Z,107.31,SHIPPED
ORD-5254,C585,2026-07-16T20:58:16.010Z,388.99,PENDING
ORD-5255,C1952,2026-08-26T15:17:11.778Z,198.44,CANCELLED
ORD-5256,C332,2026-08-06T17:42:07.315Z,527.23,PAID
ORD-5257,C1762,2026-09-05T20:02:51.718Z,91.92,SHIPPED
ORD-5258,C1294,2026-08-30T09:56:26.060Z,891.06,PENDING
ORD-5259,C1761,2026-08-15T15:19:10.247Z,171.30,CANCELLED
ORD-5260,C410,2026-09-08T03:45:15.330Z,300.47,PAID
ORD-5261,C542,2026-08-15T10:13:43.055Z,869.83,SHIPPED
ORD-5262,C674,2026-08-05T20:37:12.791Z,557.37,PENDING
ORD-5263,C1931,2026-08-24T17:58:37.178Z,535.36,CANCELLED
ORD-5264,C505,2026-08-15T14:34:50.030Z,346.12,PAID
ORD-5265,C613,2026-09-17T16:06:33.625Z,317.29,SHIPPED
ORD-5266,C665,2026-08-01T09:12:27.119Z,278.54,PENDING
ORD-5267,C194,2026-07-31T13:17:37.669Z,786.77,CANCELLED
ORD-5268,C265,2026-08-07T20:11:18.448Z,508.58,PAID
ORD-5269,C75,2026-09-09T13:40:35.156Z,920.76,SHIPPED
ORD-5270,C1730,2026-09-14T11:09:17.138Z,846.94,PENDING
ORD-5271,C1404,2026-09-22T00:42:13.821Z,690.47,CANCELLED
ORD-5272,C1838,2026-08-03T11:08:56.634Z,204.20,PAID
ORD-5273,C659,2026-07-23T15:25:44.429Z,120.97,SHIPPED
ORD-5274,C324,2026-08-16T14:58:09.603Z,280.50,PENDING
ORD-5275,C165,2026-09-26T20:52:05.929Z,252.23,CANCELLED
ORD-5276,C798,2026-08-04T05:54:28.800Z,221.73,PAID
ORD-5277,C299,2026-09-03T00:50:32.987Z,399.72,SHIPPED
ORD-5278,C952,2026-08-14T02:34:40.615Z,359.00,PENDING
ORD-5279,C1500,2026-08-19T08:20:43.103Z,518.29,CANCELLED
ORD-5280,C35,2026-08-03T01:40:10.949Z,969.26,PAID
ORD-5281,C748,2026-07-22T07:25:47.110Z,793.04,SHIPPED
ORD-5282,C1981,2026-07-22T04:20:57.235Z,570.18,PENDING
ORD-5283,C792,2026-08-12T10:31:34.952Z,886.81,CANCELLED
ORD-5284,C979,2026-07-04T10:59:46.264Z,705.33,PAID
ORD-5285,C1771,2026-07-23T09:22:14.722Z,870.03,SHIPPED
ORD-5286,C1602,2026-09-16T05:38:32.906Z,176.91,PENDING
ORD-5287,C1293,2026-09-03T08:05:35.139Z,443.67,CANCELLED
ORD-5288,C610,2026-07-23T08:42:49.640Z,220.20,PAID
ORD-5289,C1563,2026-07-13T11:51:24.676Z,192.01,SHIPPED
ORD-5290,C1758,2026-08-02T05:24:09.654Z,98.69,PENDING
ORD-5291,C119,2026-08-28T01:48:15.573Z,910.13,CANCELLED
ORD-5292,C1827,2026-09-04T06:51:51.372Z,682.61,PAID
ORD-5293,C235,2026-09-05T05:40:41.346Z,268.45,SHIPPED
ORD-5294,C332,2026-07-11T17:17:57.189Z,574.22,PENDING
ORD-5295,C1104,2026-09-08T22:50:43.067Z,250.43,CANCELLED
ORD-5296,C1576,2026-09-27T22:18:34.290Z,253.95,PAID
ORD-5297,C242,2026-07-15T11:33:07.189Z,490.13,SHIPPED
ORD-5298,C86,2026-08-30T05:19:40.971Z,805.55,PENDING
ORD-5299,C1498,2026-09-13T13:12:34.950Z,744.96,CANCELLED
ORD-5300,C698,2026-08-22T21:24:31.903Z,903.98,PAID
ORD-5301,C757,2026-08-26T15:29:58.488Z,114.44,SHIPPED
ORD-5302,C971,2026-08-08T00:07:06.316Z,872.89,PENDING
ORD-5303,C257,2026-07-03T23:04:55.643Z,433.22,CANCELLED
ORD-5304,C197,2026-08-28T10:29:25.446Z,979.44,PAID
ORD-5305,C1879,2026-09-28T21:55:47.656Z,658.54,SHIPPED
ORD-5306,C848,2026-09-10T17:22:36.626Z,868.58,PENDING
ORD-5307,C696,2026-08-27T13:40:19.060Z,579.26,CANCELLED
ORD-5308,C109,2026-08-29T06:05:12.909Z,45.71,PAID
ORD-5309,C317,2026-09-27T17:27:05.432Z,193.11,SHIPPED
ORD-5310,C1607,2026-07-21T03:38:11.885Z,218.98,PENDING
ORD-5311,C800,2026-08-15T22:07:28.841Z,367.28,CANCELLED
ORD-5312,C770,2026-09-19T14:30:46.924Z,175.08,PAID
ORD-5313,C318,2026-09-12T06:46:32.233Z,617.98,SHIPPED
ORD-5314,C69,2026-07-28T00:14:05.405Z,549.75,PENDING
ORD-5315,C975,2026-09-23T09:15:50.791Z,654.52,CANCELLED
ORD-5316,C1988,2026-09-09T20:27:49.489Z,366.46,PAID
ORD-5317,C1019,2026-07-03T16:01:44.857Z,233.42,SHIPPED
ORD-5318,C1264,2026-08-30T19:02:24.439Z,970.18,PENDING
ORD-5319,C1058,2026-09-13T09:24:55.990Z,615.23,CANCELLED
ORD-5320,C1812,2026-08-29T09:10:36.206Z,181.94,PAID
ORD-5321,C570,2026-08-21T09:50:54.794Z,976.24,SHIPPED
ORD-5322,C938,2026-09-10T02:31:45.877Z,538.38,PENDING
ORD-5323,C628,2026-08-03T21:36:06.577Z,425.53,CANCELLED
ORD-5324,C1740,2026-08-15T07:43:33.203Z,642.19,PAID
ORD-5325,C1912,2026-07-06T00:04:10.429Z,481.61,SHIPPED
ORD-5326,C1926,2026-09-08T14:52:20.627Z,190.21,PENDING
ORD-5327,C1721,2026-07-18T04:16:43.045Z,150.45,CANCELLED
ORD-5328,C185,2026-09-17T11:17:00.421Z,136.82,PAID
ORD-5329,C1596,2026-09-27T21:29:43.767Z,183.02,SHIPPED
ORD-5330,C299,2026-09-20T12:39:26.492Z,199.25,PENDING
ORD-5331,C184,2026-07-07T18:07:57.532Z,775.20,CANCELLED
ORD-5332,C151,2026-10-01T03:35:07.383Z,349.13,PAID
ORD-5333,C695,2026-09-27T03:55:12.275Z,804.77,SHIPPED
ORD-5334,C1219,2026-09-18T04:32:21.568Z,208.84,PENDING
ORD-5335,C713,2026-08-20T18:37:21.085Z,2.13,CANCELLED
ORD-5336,C8,2026-09-09T06:40:40.507Z,241.37,PAID
ORD-5337,C526,2026-09-03T18:58:36.914Z,17.30,SHIPPED
ORD-5338,C936,2026-07-19T15:47:39.834Z,822.74,PENDING
ORD-5339,C135,2026-08-17T05:58:01.032Z,277.30,CANCELLED
ORD-5340,C729,2026-07-30T15:48:03.620Z,301.27,PAID
ORD-5341,C1633,2026-09-24T01:04:03.998Z,845.40,SHIPPED
ORD-5342,C581,2026-09-06T12:46:50.361Z,673.28,PENDING
ORD-5343,C1357,2026-09-28T13:18:09.500Z,883.27,CANCELLED
ORD-5344,C515,2026-07-12T03:12:38.418Z,751.90,PAID
ORD-5345,C547,2026-07-25T20:15:13.009Z,436.81,SHIPPED
ORD-5346,C469,2026-07-06T02:15:21.360Z,43.43,PENDING
ORD-5347,C1956,2026-07-11T15:21:31.010Z,874.59,CANCELLED
ORD-5348,C76,2026-08-09T18:28:39.345Z,909.05,PAID
ORD-5349,C373,2026-07-29T09:05:28.572Z,435.72,SHIPPED
ORD-5350,C1321,2026-09-14T06:29:08.524Z,213.14,PENDING
ORD-5351,C908,2026-07-31T19:50:44.475Z,957.51,CANCELLED
ORD-5352,C1790,2026-08-19T18:17:21.079Z,882.32,PAID
ORD-5353,C805,2026-08-02T23:47:35.159Z,374.17,SHIPPED
ORD-5354,C120,2026-08-08T07:55:32.269Z,222.19,PENDING
ORD-5355,C390,2026-08-08T23:32:28.609Z,6.45,CANCELLED
ORD-5356,C834,2026-08-27T12:40:56.579Z,977.98,PAID
ORD-5357,C1863,2026-07-26T06:43:52.925Z,952.79,SHIPPED
ORD-5358,C595,2026-09-15T23:56:09.960Z,27.43,PENDING
ORD-5359,C1916,2026-07-21T19:25:47.652Z,217.45,CANCELLED
ORD-5360,C537,2026-09-14T01:34:36.461Z,469.86,PAID
ORD-5361,C1256,2026-07-05T11:20:06.619Z,379.21,SHIPPED
ORD-5362,C32,2026-09-12T13:56:33.738Z,852.29,PENDING
ORD-5363,C1625,2026-08-21T03:58:50.684Z,739.48,CANCELLED
ORD-5364,C824,2026-07-06T18:16:08.331Z,158.15,PAID
ORD-5365,C825,2026-09-24T03:00:02.033Z,139.34,SHIPPED
ORD-5366,C896,2026-09-25T04:20:09.612Z,284.56,PENDING
ORD-5367,C699,2026-07-26T07:06:49.457Z,208.77,CANCELLED
ORD-5368,C1455,2026-07-27T16:47:09.956Z,638.56,PAID
ORD-5369,C1343,2026-08-20T04:52:40.844Z,424.30,SHIPPED
ORD-5370,C959,2026-07-30T02:59:49.056Z,205.38,PENDING
ORD-5371,C1353,2026-08-18T02:01:18.058Z,727.14,CANCELLED
ORD-5372,C411,2026-09-29T14:39:39.022Z,928.21,PAID
ORD-5373,C1318,2026-07-14T09:13:38.139Z,488.53,SHIPPED
ORD-5374,C86,2026-09-12T20:40:44.311Z,698.26,PENDING
ORD-5375,C833,2026-07-15T06:11:48.491Z,828.50,CANCELLED
ORD-5376,C1911,2026-08-26T07:21:25.435Z,656.92,PAID
ORD-5377,C170,2026-09-22T08:36:53.264Z,982.55,SHIPPED
ORD-5378,C1843,2026-08-02T23:47:20.757Z,707.95,PENDING
ORD-5379,C1171,2026-08-15T20:16:04.663Z,124.48,CANCELLED
ORD-5380,C803,2026-08-19T21:20:43.678Z,930.77,PAID
ORD-5381,C460,2026-09-02T05:29:37.369Z,263.58,SHIPPED
ORD-5382,C1444,2026-09-23T10:01:21.622Z,662.21,PENDING
ORD-5383,C319,2026-09-05T21:32:00.713Z,388.86,CANCELLED
ORD-5384,C1011,2026-07-24T02:09:25.302Z,94.88,PAID
ORD-5385,C353,2026-08-06T05:50:01.214Z,624.91,SHIPPED
ORD-5386,C715,2026-09-24T02:35:29.557Z,472.61,PENDING
ORD-5387,C1388,2026-08-27T11:42:31.113Z,879.63,CANCELLED
ORD-5388,C61,2026-08-29T23:55:13.123Z,249.68,PAID
ORD-5389,C1716,2026-07-18T17:22:48.285Z,923.29,SHIPPED
ORD-5390,C747,2026-08-08T06:33:31.554Z,582.41,PENDING
ORD-5391,C1066,2026-09-02T00:58:10.686Z,893.25,CANCELLED
ORD-5392,C859,2026-09-18T00:48:42.955Z,32.18,PAID
ORD-5393,C1320,2026-08-24T05:36:46.119Z,582.37,SHIPPED
ORD-5394,C1030,2026-07-14T10:01:24.039Z,666.55,PENDING
ORD-5395,C1919,2026-07-08T06:21:42.335Z,9.68,CANCELLED
ORD-5396,C534,2026-07-04T04:20:50.611Z,465.16,PAID
ORD-5397,C1209,2026-08-20T09:32:08.728Z,161.58,SHIPPED
ORD-5398,C454,2026-08-10T22:08:14.518Z,456.96,PENDING
ORD-5399,C436,2026-07-26T14:17:40.551Z,331.55,CANCELLED
ORD-5400,C1801,2026-08-16T17:09:05.230Z,186.53,PAID
ORD-5401,C23,2026-07-23T02:37:14.769Z,581.52,SHIPPED
ORD-5402,C1225,2026-07-31T08:49:43.322Z,635.05,PENDING
ORD-5403,C212,2026-08-08T22:15:54.019Z,928.83,CANCELLED
ORD-5404,C1877,2026-09-23T17:25:28.245Z,754.70,PAID
ORD-5405,C1032,2026-09-10T01:29:16.484Z,643.72,SHIPPED
ORD-5406,C483,2026-09-18T11:33:59.711Z,231.80,PENDING
ORD-5407,C769,2026-09-07T17:52:40.654Z,81.02,CANCELLED
ORD-5408,C663,2026-09-28T20:33:12.782Z,475.13,PAID
ORD-5409,C338,2026-08-12T03:58:16.679Z,424.06,SHIPPED
ORD-5410,C1278,2026-09-06T01:38:38.193Z,946.57,PENDING
ORD-5411,C1834,2026-07-12T20:42:40.297Z,490.86,CANCELLED
ORD-5412,C422,2026-09-27T01:08:56.000Z,368.45,PAID
ORD-5413,C1548,2026-09-11T00:44:10.735Z,151.19,SHIPPED
ORD-5414,C899,2026-07-25T04:09:22.137Z,403.89,PENDING
ORD-5415,C189,2026-09-10T02:18:56.891Z,448.46,CANCELLED
ORD-5416,C1032,2026-07-05T09:04:09.337Z,629.66,PAID
ORD-5417,C490,2026-09-16T20:31:17.492Z,22.72,SHIPPED
ORD-5418,C1953,2026-07-19T12:41:40.449Z,151.51,PENDING
ORD-5419,C627,2026-08-30T18:27:03.136Z,316.55,CANCELLED
ORD-5420,C892,2026-08-11T14:26:12.454Z,922.95,PAID
ORD-5421,C568,2026-08-11T16:08:34.109Z,676.00,SHIPPED
ORD-5422,C252,2026-08-23T20:09:14.680Z,971.48,PENDING
ORD-5423,C509,2026-09-05T03:26:21.350Z,421.96,CANCELLED
ORD-5424,C743,2026-08-12T14:00:40.334Z,271.38,PAID
ORD-5425,C1831,2026-08-04T07:28:19.655Z,74.86,SHIPPED
ORD-5426,C878,2026-09-14T14:53:00.460Z,446.16,PENDING
ORD-5427,C1414,2026-09-05T07:02:30.045Z,30.64,CANCELLED
ORD-5428,C1245,2026-08-12T18:21:46.766Z,287.51,PAID
ORD-5429,C997,2026-09-21T10:55:23.484Z,45.63,SHIPPED
ORD-5430,C1661,2026-09-09T13:54:54.298Z,33.41,PENDING
ORD-5431,C1150,2026-09-14T19:19:39.608Z,723.69,CANCELLED
ORD-5432,C479,2026-08-03T10:54:09.383Z,843.66,PAID
ORD-5433,C112,2026-08-11T13:20:50.797Z,888.74,SHIPPED
ORD-5434,C524,2026-08-28T19:04:26.131Z,552.77,PENDING
ORD-5435,C120,2026-08-13T06:32:00.108Z,46.09,CANCELLED
ORD-5436,C1867,2026-08-16T08:37:58.975Z,91.65,PAID
ORD-5437,C1537,2026-08-04T15:34:15.324Z,696.60,SHIPPED
ORD-5438,C376,2026-08-14T06:26:37.748Z,935.13,PENDING
ORD-5439,C785,2026-08-29T14:39:12.252Z,282.46,CANCELLED
ORD-5440,C379,2026-08-18T05:07:30.725Z,697.14,PAID
ORD-5441,C1368,2026-07-11T22:00:09.795Z,552.76,SHIPPED
ORD-5442,C376,2026-09-10T02:08:00.370Z,792.56,PENDING
ORD-5443,C991,2026-09-23T10:39:17.609Z,687.32,CANCELLED
ORD-5444,C511,2026-08-19T02:01:38.041Z,898.11,PAID
ORD-5445,C792,2026-08-15T22:20:38.487Z,612.73,SHIPPED
ORD-5446,C17,2026-08-26T12:19:46.453Z,989.80,PENDING
ORD-5447,C38,2026-08-19T01:06:24.178Z,871.29,CANCELLED
ORD-5448,C361,2026-08-02T16:16:56.178Z,954.10,PAID
ORD-5449,C390,2026-09-29T04:55:03.156Z,822.35,SHIPPED
ORD-5450,C1719,2026-09-25T20:06:16.625Z,356.23,PENDING
ORD-5451,C18,2026-09-25T19:25:20.788Z,26.76,CANCELLED
ORD-5452,C778,2026-07-12T21:15:04.602Z,719.72,PAID
ORD-5453,C450,2026-07-04T00:38:22.452Z,850.79,SHIPPED
ORD-5454,C716,2026-08-28T19:46:55.425Z,19.42,PENDING
ORD-5455,C1070,2026-07-17T13:18:38.073Z,360.75,CANCELLED
ORD-5456,C323,2026-08-08T20:39:54.090Z,794.31,PAID
ORD-5457,C1878,2026-09-28T08:01:38.474Z,892.25,SHIPPED
ORD-5458,C86,2026-08-24T13:39:31.453Z,522.19,PENDING
ORD-5459,C1963,2026-07-22T03:23:50.482Z,655.72,CANCELLED
ORD-5460,C185,2026-07-16T20:41:26.650Z,179.12,PAID
ORD-5461,C1860,2026-09-23T20:13:27.384Z,623.94,SHIPPED
ORD-5462,C1970,2026-07-30T17:29:19.990Z,98.65,PENDING
ORD-5463,C977,2026-07-26T19:16:42.221Z,366.10,CANCELLED
ORD-5464,C1518,2026-07-08T15:10:19.818Z,438.73,PAID
ORD-5465,C1956,2026-09-12T19:30:38.198Z,765.84,SHIPPED
ORD-5466,C728,2026-08-14T18:41:50.387Z,407.77,PENDING
ORD-5467,C670,2026-08-01T18:32:06.728Z,470.87,CANCELLED
ORD-5468,C734,2026-08-03T00:06:24.795Z,546.23,PAID
ORD-5469,C154,2026-08-09T05:51:14.761Z,395.64,SHIPPED
ORD-5470,C1720,2026-07-07T12:00:04.999Z,196.23,PENDING
ORD-5471,C333,2026-08-22T06:58:13.947Z,25.16,CANCELLED
ORD-5472,C1052,2026-08-07T00:22:37.570Z,971.72,PAID
ORD-5473,C607,2026-07-22T12:03:18.246Z,372.80,SHIPPED
ORD-5474,C261,2026-07-16T17:29:51.052Z,575.46,PENDING
ORD-5475,C1379,2026-08-14T18:51:21.843Z,697.97,CANCELLED
ORD-5476,C1844,2026-08-14T20:44:47.485Z,445.01,PAID
ORD-5477,C1392,2026-08-12T22:52:53.972Z,439.93,SHIPPED
ORD-5478,C602,2026-09-03T02:12:06.358Z,632.41,PENDING
ORD-5479,C375,2026-08-24T08:16:52.233Z,857.14,CANCELLED
ORD-5480,C723,2026-09-14T09:36:53.363Z,382.03,PAID
ORD-5481,C1604,2026-07-12T22:31:38.876Z,973.50,SHIPPED
ORD-5482,C1889,2026-08-20T19:26:00.692Z,404.33,PENDING
ORD-5483,C1257,2026-07-27T13:22:06.929Z,913.53,CANCELLED
ORD-5484,C1487,2026-08-26T14:01:09.966Z,818.18,PAID
ORD-5485,C606,2026-07-09T18:21:27.601Z,946.46,SHIPPED
ORD-5486,C551,2026-07-28T04:21:29.124Z,821.52,PENDING
ORD-5487,C44,2026-09-06T02:50:33.216Z,128.37,CANCELLED
ORD-5488,C1426,2026-08-29T02:41:21.506Z,15.88,PAID
ORD-5489,C1967,2026-08-14T04:47:55.860Z,917.36,SHIPPED
ORD-5490,C556,2026-09-17T21:26:26.251Z,39.63,PENDING
ORD-5491,C1256,2026-09-17T14:28:08.484Z,208.48,CANCELLED
ORD-5492,C282,2026-08-30T08:24:54.321Z,186.10,PAID
ORD-5493,C1389,2026-07-11T16:15:28.572Z,631.14,SHIPPED
ORD-5494,C236,2026-09-16T16:34:00.256Z,347.57,PENDING
ORD-5495,C1601,2026-07-07T05:30:16.502Z,153.43,CANCELLED
ORD-5496,C1143,2026-09-28T17:15:20.670Z,73.19,PAID
ORD-5497,C1870,2026-07-03T10:28:33.901Z,88.22,SHIPPED
ORD-5498,C321,2026-07-28T09:37:58.617Z,896.49,PENDING
ORD-5499,C1520,2026-09-06T19:32:45.092Z,900.20,CANCELLED
ORD-5500,C1103,2026-07-15T07:16:30.005Z,601.31,PAID
ORD-5501,C1698,2026-08-16T08:20:11.700Z,410.60,SHIPPED
ORD-5502,C146,2026-08-06T10:46:59.246Z,469.37,PENDING
ORD-5503,C156,2026-07-08T19:09:53.276Z,682.63,CANCELLED
ORD-5504,C1648,2026-09-12T00:03:26.851Z,67.57,PAID
ORD-5505,C171,2026-07-24T22:24:02.976Z,677.76,SHIPPED
ORD-5506,C1053,2026-07-16T04:09:27.180Z,937.84,PENDING
ORD-5507,C956,2026-10-01T00:36:10.542Z,485.44,CANCELLED
ORD-5508,C227,2026-08-16T14:28:38.004Z,114.86,PAID
ORD-5509,C260,2026-07-31T08:58:11.375Z,391.49,SHIPPED
ORD-5510,C440,2026-09-05T05:17:12.247Z,213.62,PENDING
ORD-5511,C682,2026-09-05T11:59:21.244Z,751.80,CANCELLED
ORD-5512,C637,2026-07-21T14:27:43.471Z,72.26,PAID
ORD-5513,C333,2026-07-06T10:13:47.660Z,759.57,SHIPPED
ORD-5514,C248,2026-07-19T09:37:06.969Z,140.14,PENDING
ORD-5515,C393,2026-08-10T18:42:09.512Z,561.39,CANCELLED
ORD-5516,C1040,2026-08-12T16:12:35.018Z,75.55,PAID
ORD-5517,C686,2026-08-29T19:56:56.111Z,16.88,SHIPPED
ORD-5518,C1352,2026-08-18T22:58:34.126Z,25.28,PENDING
ORD-5519,C1165,2026-08-02T08:47:28.838Z,215.58,CANCELLED
ORD-5520,C1655,2026-07-13T17:01:07.715Z,318.35,PAID
ORD-5521,C178,2026-09-01T21:13:39.219Z,473.08,SHIPPED
ORD-5522,C980,2026-09-30T05:28:51.341Z,472.14,PENDING
ORD-5523,C310,2026-09-03T21:22:37.322Z,974.15,CANCELLED
ORD-5524,C1564,2026-08-27T08:00:48.470Z,963.58,PAID
ORD-5525,C1218,2026-07-26T01:27:46.017Z,588.97,SHIPPED
ORD-5526,C822,2026-07-17T04:47:47.022Z,28.48,PENDING
ORD-5527,C1552,2026-07-14T12:14:44.588Z,565.80,CANCELLED
ORD-5528,C1770,2026-07-19T12:35:08.842Z,848.81,PAID
ORD-5529,C807,2026-07-18T04:44:59.222Z,168.33,SHIPPED
ORD-5530,C1572,2026-08-18T19:08:53.978Z,505.88,PENDING
ORD-5531,C1035,2026-09-29T00:14:04.082Z,861.90,CANCELLED
ORD-5532,C1107,2026-08-05T21:17:34.243Z,193.87,PAID
ORD-5533,C870,2026-07-30T07:20:06.414Z,677.32,SHIPPED
ORD-5534,C282,2026-09-17T20:47:06.977Z,171.14,PENDING
ORD-5535,C590,2026-08-30T00:58:05.439Z,58.58,CANCELLED
ORD-5536,C275,2026-09-21T16:24:01.059Z,177.45,PAID
ORD-5537,C845,2026-09-11T09:18:55.715Z,82.02,SHIPPED
ORD-5538,C974,2026-07-29T01:13:11.591Z,136.79,PENDING
ORD-5539,C1465,2026-07-25T16:11:01.190Z,806.69,CANCELLED
ORD-5540,C606,2026-09-29T16:10:44.457Z,899.58,PAID
ORD-5541,C484,2026-07-05T18:32:38.106Z,348.65,SHIPPED
ORD-5542,C203,2026-07-12T07:42:41.528Z,281.55,PENDING
ORD-5543,C1115,2026-09-17T10:59:16.448Z,780.62,CANCELLED
ORD-5544,C1126,2026-07-12T13:53:59.388Z,589.67,PAID
ORD-5545,C683,2026-08-09T06:14:10.124Z,98.06,SHIPPED
ORD-5546,C246,2026-08-23T15:27:36.412Z,3.08,PENDING
ORD-5547,C1286,2026-07-14T19:13:33.518Z,512.30,CANCELLED
ORD-5548,C1327,2026-09-01T05:47:36.164Z,695.12,PAID
ORD-5549,C1403,2026-07-25T16:08:01.900Z,656.04,SHIPPED
ORD-5550,C1226,2026-08-05T08:23:59.241Z,525.59,PENDING
ORD-5551,C984,2026-07-31T22:19:53.077Z,747.14,CANCELLED
ORD-5552,C964,2026-09-01T02:28:19.094Z,543.96,PAID
ORD-5553,C1092,2026-07-26T22:12:02.522Z,49.32,SHIPPED
ORD-5554,C1575,2026-07-16T19:28:35.332Z,408.57,PENDING
ORD-5555,C470,2026-09-29T02:28:59.037Z,21.75,CANCELLED
ORD-5556,C939,2026-09-15T05:50:43.973Z,64.07,PAID
ORD-5557,C923,2026-07-17T07:26:33.935Z,342.14,SHIPPED
ORD-5558,C130,2026-08-03T21:42:16.068Z,873.02,PENDING
ORD-5559,C758,2026-07-28T13:07:12.126Z,975.06,CANCELLED
ORD-5560,C1276,2026-09-07T20:29:34.987Z,712.71,PAID
ORD-5561,C922,2026-08-26T11:52:08.410Z,942.79,SHIPPED
ORD-5562,C1823,2026-08-22T02:54:14.282Z,742.51,PENDING
ORD-5563,C321,2026-07-12T20:19:39.609Z,152.25,CANCELLED
ORD-5564,C55,2026-08-30T01:13:32.179Z,790.96,PAID
ORD-5565,C1399,2026-09-08T07:22:37.956Z,832.07,SHIPPED
ORD-5566,C1474,2026-08-10T18:58:41.863Z,290.63,PENDING
ORD-5567,C1860,2026-09-20T03:12:01.941Z,4.56,CANCELLED
ORD-5568,C1331,2026-07-30T10:49:35.982Z,302.04,PAID
ORD-5569,C1555,2026-09-15T05:28:02.344Z,896.14,SHIPPED
ORD-5570,C714,2026-07-15T02:52:53.405Z,786.60,PENDING
ORD-5571,C1402,2026-09-18T14:53:27.273Z,816.72,CANCELLED
ORD-5572,C1287,2026-09-15T09:10:02.803Z,66.27,PAID
ORD-5573,C1984,2026-09-25T20:03:13.215Z,56.90,SHIPPED
ORD-5574,C416,2026-08-14T09:34:35.596Z,16.47,PENDING
ORD-5575,C1597,2026-08-21T15:53:36.691Z,267.91,CANCELLED
ORD-5576,C445,2026-08-21T21:12:14.247Z,367.74,PAID
ORD-5577,C671,2026-07-23T01:40:45.869Z,67.64,SHIPPED
ORD-5578,C240,2026-07-21T16:52:05.635Z,261.38,PENDING
ORD-5579,C581,2026-08-25T06:18:01.747Z,307.67,CANCELLED
ORD-5580,C1276,2026-09-26T01:29:41.045Z,640.32,PAID
ORD-5581,C1751,2026-07-31T13:18:14.764Z,782.41,SHIPPED
ORD-5582,C629,2026-08-30T10:55:42.987Z,548.03,PENDING
ORD-5583,C1859,2026-09-12T16:06:38.847Z,359.36,CANCELLED
ORD-5584,C1292,2026-09-17T07:35:16.748Z,650.14,PAID
ORD-5585,C1905,2026-08-22T15:56:51.198Z,819.83,SHIPPED
ORD-5586,C628,2026-08-22T21:51:15.194Z,333.48,PENDING
ORD-5587,C1001,2026-07-18T08:48:00.865Z,65.54,CANCELLED
ORD-5588,C1656,2026-07-11T16:03:08.229Z,495.20,PAID
ORD-5589,C584,2026-08-22T10:30:20.467Z,954.83,SHIPPED
ORD-5590,C1738,2026-08-30T07:36:41.410Z,629.66,PENDING
ORD-5591,C958,2026-07-16T13:45:00.511Z,84.27,CANCELLED
ORD-5592,C1513,2026-09-05T21:41:27.257Z,667.90,PAID
ORD-5593,C873,2026-09-13T22:52:38.381Z,891.44,SHIPPED
ORD-5594,C595,2026-09-25T03:31:49.606Z,578.41,PENDING
ORD-5595,C1433,2026-07-24T16:34:11.850Z,866.81,CANCELLED
ORD-5596,C1972,2026-07-06T10:16:52.093Z,204.82,PAID
ORD-5597,C1246,2026-07-04T17:32:21.598Z,662.58,SHIPPED
ORD-5598,C709,2026-07-10T12:14:15.893Z,407.36,PENDING
ORD-5599,C1856,2026-07-21T05:56:30.975Z,435.80,CANCELLED
ORD-5600,C301,2026-09-08T15:56:07.874Z,697.93,PAID
ORD-5601,C1215,2026-07-19T11:47:35.314Z,813.88,SHIPPED
ORD-5602,C980,2026-09-20T19:11:15.784Z,860.97,PENDING
ORD-5603,C1738,2026-09-18T05:57:21.549Z,580.02,CANCELLED
ORD-5604,C905,2026-08-12T08:20:17.602Z,293.52,PAID
ORD-5605,C772,2026-08-15T15:14:13.458Z,769.81,SHIPPED
ORD-5606,C1100,2026-09-30T22:20:56.998Z,844.47,PENDING
ORD-5607,C776,2026-07-08T16:55:24.281Z,777.98,CANCELLED
ORD-5608,C1660,2026-07-26T21:45:55.059Z,751.26,PAID
ORD-5609,C1653,2026-07-31T14:52:40.589Z,245.80,SHIPPED
ORD-5610,C1042,2026-07-06T19:46:22.610Z,919.19,PENDING
ORD-5611,C1606,2026-07-15T11:42:53.523Z,681.65,CANCELLED
ORD-5612,C1776,2026-09-30T14:02:33.817Z,628.71,PAID
ORD-5613,C1822,2026-08-05T16:05:04.420Z,887.06,SHIPPED
ORD-5614,C925,2026-08-02T01:24:38.111Z,52.17,PENDING
ORD-5615,C84,2026-08-25T13:58:22.664Z,182.42,CANCELLED
ORD-5616,C1654,2026-07-23T07:58:45.676Z,658.46,PAID
ORD-5617,C133,2026-07-29T06:15:40.596Z,564.88,SHIPPED
ORD-5618,C1807,2026-09-12T16:31:51.730Z,438.01,PENDING
ORD-5619,C1444,2026-08-10T20:23:15.761Z,380.61,CANCELLED
ORD-5620,C1929,2026-07-14T17:46:13.533Z,583.51,PAID
ORD-5621,C498,2026-07-05T20:22:40.752Z,925.05,SHIPPED
ORD-5622,C1326,2026-07-13T10:47:50.576Z,935.81,PENDING
ORD-5623,C15,2026-08-24T19:05:05.527Z,43.00,CANCELLED
ORD-5624,C1758,2026-09-05T03:26:53.164Z,37.22,PAID
ORD-5625,C1522,2026-07-30T13:39:17.489Z,85.87,SHIPPED
ORD-5626,C62,2026-07-05T16:58:18.221Z,126.70,PENDING
ORD-5627,C768,2026-09-25T04:17:52.350Z,901.43,CANCELLED
ORD-5628,C285,2026-08-02T01:02:03.649Z,129.47,PAID
ORD-5629,C1768,2026-09-09T10:57:51.102Z,738.72,SHIPPED
ORD-5630,C498,2026-07-31T07:05:49.864Z,628.30,PENDING
ORD-5631,C460,2026-09-11T03:12:55.609Z,665.85,CANCELLED
ORD-5632,C1959,2026-07-07T12:55:37.139Z,705.26,PAID
ORD-5633,C997,2026-09-22T16:08:18.646Z,464.47,SHIPPED
ORD-5634,C568,2026-07-16T14:36:43.178Z,733.12,PENDING
ORD-5635,C1876,2026-09-12T16:48:58.598Z,804.89,CANCELLED
ORD-5636,C1710,2026-08-22T16:14:35.131Z,427.08,PAID
ORD-5637,C70,2026-09-10T05:40:47.676Z,388.36,SHIPPED
ORD-5638,C1672,2026-07-06T04:27:27.324Z,849.12,PENDING
ORD-5639,C1919,2026-07-23T14:23:38.681Z,188.40,CANCELLED
ORD-5640,C330,2026-07-19T09:28:32.733Z,59.90,PAID
ORD-5641,C1550,2026-08-09T02:48:33.037Z,177.22,SHIPPED
ORD-5642,C1231,2026-07-08T01:04:31.075Z,435.23,PENDING
ORD-5643,C1824,2026-09-13T11:28:27.682Z,154.24,CANCELLED
ORD-5644,C330,2026-08-05T16:03:21.742Z,94.73,PAID
ORD-5645,C823,2026-07-26T10:59:29.543Z,143.64,SHIPPED
ORD-5646,C492,2026-08-24T07:21:14.629Z,878.75,PENDING
ORD-5647,C1567,2026-08-22T01:47:12.212Z,641.81,CANCELLED
ORD-5648,C1851,2026-07-07T21:44:46.756Z,9.70,PAID
ORD-5649,C832,2026-08-31T22:08:39.787Z,252.23,SHIPPED
ORD-5650,C320,2026-07-15T03:23:29.423Z,730.32,PENDING
ORD-5651,C380,2026-08-27T15:48:19.010Z,329.44,CANCELLED
ORD-5652,C1968,2026-07-25T12:43:17.050Z,738.00,PAID
ORD-5653,C583,2026-08-30T04:34:01.307Z,561.04,SHIPPED
ORD-5654,C1425,2026-08-25T05:53:02.983Z,856.50,PENDING
ORD-5655,C1513,2026-09-17T01:28:45.881Z,477.69,CANCELLED
ORD-5656,C1135,2026-09-17T12:08:28.430Z,521.80,PAID
ORD-5657,C704,2026-08-21T16:27:58.328Z,474.22,SHIPPED
ORD-5658,C760,2026-07-11T03:52:06.909Z,654.93,PENDING
ORD-5659,C1683,2026-09-18T01:06:30.215Z,875.43,CANCELLED
ORD-5660,C1163,2026-07-07T07:23:29.233Z,760.91,PAID
ORD-5661,C1373,2026-08-02T20:20:01.679Z,849.93,SHIPPED
ORD-5662,C871,2026-07-23T19:56:44.617Z,543.08,PENDING
ORD-5663,C689,2026-09-23T23:42:49.758Z,616.86,CANCELLED
ORD-5664,C186,2026-08-26T03:50:18.696Z,492.66,PAID
ORD-5665,C1468,2026-07-21T03:53:33.442Z,775.31,SHIPPED
ORD-5666,C1220,2026-08-04T06:51:12.190Z,387.94,PENDING
ORD-5667,C352,2026-09-03T12:49:49.349Z,798.28,CANCELLED
ORD-5668,C549,2026-07-26T09:10:43.288Z,476.60,PAID
ORD-5669,C692,2026-07-11T09:08:42.547Z,260.36,SHIPPED
ORD-5670,C396,2026-07-05T22:49:25.859Z,934.15,PENDING
ORD-5671,C1548,2026-08-17T01:04:36.985Z,544.70,CANCELLED
ORD-5672,C720,2026-07-03T07:18:22.745Z,515.74,PAID
ORD-5673,C1599,2026-07-31T19:04:43.049Z,173.90,SHIPPED
ORD-5674,C566,2026-08-20T09:51:26.086Z,263.77,PENDING
ORD-5675,C160,2026-08-19T07:51:52.853Z,7.55,CANCELLED
ORD-5676,C233,2026-08-14T07:53:44.441Z,931.22,PAID
ORD-5677,C987,2026-09-21T02:23:27.012Z,663.61,SHIPPED
ORD-5678,C1240,2026-08-18T05:17:03.343Z,957.72,PENDING
ORD-5679,C1731,2026-09-23T04:01:45.141Z,814.65,CANCELLED
ORD-5680,C932,2026-07-23T19:34:42.817Z,922.44,PAID
ORD-5681,C230,2026-08-09T19:32:43.376Z,983.46,SHIPPED
ORD-5682,C149,2026-09-10T00:30:10.483Z,805.11,PENDING
ORD-5683,C1971,2026-08-23T04:15:29.499Z,958.83,CANCELLED
ORD-5684,C905,2026-08-10T06:56:47.177Z,307.91,PAID
ORD-5685,C605,2026-09-29T10:23:09.920Z,921.48,SHIPPED
ORD-5686,C1089,2026-07-29T00:14:38.401Z,811.28,PENDING
ORD-5687,C818,2026-07-31T22:47:36.338Z,219.45,CANCELLED
ORD-5688,C1009,2026-07-14T11:16:28.765Z,399.85,PAID
ORD-5689,C1274,2026-08-31T20:53:05.663Z,97.78,SHIPPED
ORD-5690,C1357,2026-08-08T03:27:45.640Z,311.45,PENDING
ORD-5691,C667,2026-08-03T11:34:16.168Z,796.51,CANCELLED
ORD-5692,C6,2026-08-20T14:53:40.734Z,37.19,PAID
ORD-5693,C776,2026-09-30T14:16:31.687Z,63.90,SHIPPED
ORD-5694,C1866,2026-09-17T07:29:08.741Z,800.84,PENDING
ORD-5695,C1756,2026-07-04T19:30:34.299Z,737.40,CANCELLED
ORD-5696,C1403,2026-09-05T23:25:18.662Z,87.00,PAID
ORD-5697,C623,2026-07-26T04:02:38.342Z,454.80,SHIPPED
ORD-5698,C1556,2026-07-14T05:52:19.997Z,602.03,PENDING
ORD-5699,C1312,2026-08-27T12:12:09.321Z,946.59,CANCELLED
ORD-5700,C1522,2026-07-07T16:37:31.114Z,306.28,PAID
ORD-5701,C1966,2026-07-13T08:45:57.992Z,923.73,SHIPPED
ORD-5702,C1479,2026-08-31T06:43:53.324Z,742.92,PENDING
ORD-5703,C987,2026-07-14T02:50:28.799Z,883.81,CANCELLED
ORD-5704,C765,2026-08-06T11:31:45.408Z,289.90,PAID
ORD-5705,C847,2026-08-31T07:39:51.364Z,893.38,SHIPPED
ORD-5706,C912,2026-09-25T01:59:54.330Z,591.90,PENDING
ORD-5707,C1313,2026-09-06T01:04:06.472Z,900.73,CANCELLED
ORD-5708,C1009,2026-09-09T22:39:56.060Z,203.52,PAID
ORD-5709,C1522,2026-09-26T22:38:25.708Z,871.20,SHIPPED
ORD-5710,C1598,2026-07-29T08:50:29.222Z,194.51,PENDING
ORD-5711,C1951,2026-08-16T10:35:11.086Z,602.83,CANCELLED
ORD-5712,C1341,2026-09-29T20:04:59.508Z,358.40,PAID
ORD-5713,C984,2026-07-21T23:49:55.434Z,424.05,SHIPPED
ORD-5714,C1341,2026-08-01T10:57:03.866Z,308.26,PENDING
ORD-5715,C577,2026-07-24T10:38:25.658Z,910.04,CANCELLED
ORD-5716,C1915,2026-09-26T19:26:02.979Z,877.70,PAID
ORD-5717,C518,2026-09-23T02:20:13.581Z,619.03,SHIPPED
ORD-5718,C793,2026-07-17T18:13:49.664Z,955.57,PENDING
ORD-5719,C1515,2026-08-21T06:16:58.849Z,738.80,CANCELLED
ORD-5720,C1830,2026-09-07T23:22:42.643Z,885.32,PAID
ORD-5721,C804,2026-07-12T04:39:28.822Z,158.65,SHIPPED
ORD-5722,C1854,2026-08-30T22:18:46.385Z,82.43,PENDING
ORD-5723,C1299,2026-09-13T06:13:14.873Z,941.45,CANCELLED
ORD-5724,C1468,2026-08-26T01:15:46.899Z,481.16,PAID
ORD-5725,C989,2026-08-01T06:28:29.174Z,397.62,SHIPPED
ORD-5726,C514,2026-09-25T11:03:37.515Z,380.51,PENDING
ORD-5727,C997,2026-09-08T07:43:49.618Z,866.14,CANCELLED
ORD-5728,C1428,2026-07-17T06:51:08.351Z,254.30,PAID
ORD-5729,C766,2026-08-30T09:39:11.032Z,165.91,SHIPPED
ORD-5730,C1780,2026-09-22T20:32:40.286Z,694.91,PENDING
ORD-5731,C709,2026-07-24T03:31:03.388Z,322.03,CANCELLED
ORD-5732,C215,2026-07-25T18:45:10.865Z,855.49,PAID
ORD-5733,C502,2026-07-06T14:30:27.787Z,409.93,SHIPPED
ORD-5734,C366,2026-08-04T22:07:26.325Z,928.31,PENDING
ORD-5735,C435,2026-07-27T00:00:48.714Z,584.20,CANCELLED
ORD-5736,C173,2026-07-20T19:01:47.766Z,813.55,PAID
ORD-5737,C1307,2026-09-16T14:17:51.987Z,114.88,SHIPPED
ORD-5738,C1116,2026-08-29T18:43:41.605Z,718.68,PENDING
ORD-5739,C510,2026-08-06T04:51:38.425Z,494.53,CANCELLED
ORD-5740,C634,2026-07-20T07:54:57.292Z,163.43,PAID
ORD-5741,C1779,2026-08-16T16:16:04.706Z,558.57,SHIPPED
ORD-5742,C338,2026-07-24T18:07:31.202Z,29.53,PENDING
ORD-5743,C803,2026-09-06T10:11:10.822Z,789.55,CANCELLED
ORD-5744,C293,2026-07-18T08:41:12.789Z,478.47,PAID
ORD-5745,C733,2026-09-21T19:34:25.959Z,475.88,SHIPPED
ORD-5746,C1160,2026-08-04T20:16:19.164Z,626.31,PENDING
ORD-5747,C1227,2026-07-29T19:10:05.519Z,472.26,CANCELLED
ORD-5748,C1613,2026-08-03T00:13:48.288Z,987.45,PAID
ORD-5749,C909,2026-08-06T15:20:40.367Z,696.75,SHIPPED
ORD-5750,C135,2026-08-26T11:39:22.614Z,310.54,PENDING
ORD-5751,C890,2026-07-25T10:27:54.408Z,390.84,CANCELLED
ORD-5752,C902,2026-07-31T10:12:58.712Z,310.30,PAID
ORD-5753,C752,2026-09-19T15:30:02.837Z,546.61,SHIPPED
ORD-5754,C1481,2026-07-23T18:41:34.441Z,644.20,PENDING
ORD-5755,C1815,2026-07-23T16:17:23.399Z,844.83,CANCELLED
ORD-5756,C1545,2026-09-02T22:02:24.763Z,202.71,PAID
ORD-5757,C1630,2026-08-12T16:55:25.593Z,951.61,SHIPPED
ORD-5758,C657,2026-09-24T23:20:04.619Z,352.68,PENDING
ORD-5759,C741,2026-07-26T20:42:33.520Z,932.42,CANCELLED
ORD-5760,C818,2026-07-12T11:49:57.948Z,355.44,PAID
ORD-5761,C1680,2026-09-21T13:46:47.438Z,617.97,SHIPPED
ORD-5762,C51,2026-07-15T11:27:27.213Z,245.93,PENDING
ORD-5763,C667,2026-07-29T13:20:07.453Z,705.85,CANCELLED
ORD-5764,C139,2026-09-03T03:01:48.900Z,232.74,PAID
ORD-5765,C1861,2026-08-26T10:48:13.493Z,503.17,SHIPPED
ORD-5766,C1273,2026-09-19T18:53:06.070Z,484.25,PENDING
ORD-5767,C986,2026-09-07T09:09:36.031Z,536.77,CANCELLED
ORD-5768,C554,2026-08-30T06:18:59.239Z,555.93,PAID
ORD-5769,C1436,2026-07-29T02:18:24.624Z,288.66,SHIPPED
ORD-5770,C54,2026-09-14T11:33:10.012Z,10.40,PENDING
ORD-5771,C1084,2026-07-31T03:32:05.193Z,267.39,CANCELLED
ORD-5772,C310,2026-08-18T23:41:00.266Z,942.58,PAID
ORD-5773,C276,2026-09-07T23:04:49.692Z,735.17,SHIPPED
ORD-5774,C1785,2026-09-30T14:18:56.359Z,907.05,PENDING
ORD-5775,C1397,2026-09-05T21:59:34.127Z,636.35,CANCELLED
ORD-5776,C877,2026-09-22T20:17:13.405Z,362.00,PAID
ORD-5777,C741,2026-07-25T18:06:57.743Z,660.41,SHIPPED
ORD-5778,C1147,2026-08-23T00:52:19.857Z,52.38,PENDING
ORD-5779,C489,2026-08-07T05:30:49.198Z,429.23,CANCELLED
ORD-5780,C787,2026-09-10T20:36:08.618Z,250.20,PAID
ORD-5781,C245,2026-09-20T17:07:53.389Z,221.51,SHIPPED
ORD-5782,C359,2026-09-01T02:00:40.504Z,161.05,PENDING
ORD-5783,C752,2026-09-14T20:53:03.432Z,645.74,CANCELLED
ORD-5784,C804,2026-08-16T00:46:01.065Z,666.15,PAID
ORD-5785,C671,2026-09-29T17:46:10.868Z,628.47,SHIPPED
ORD-5786,C1936,2026-09-07T06:58:16.957Z,500.86,PENDING
ORD-5787,C1525,2026-08-22T16:32:34.305Z,571.22,CANCELLED
ORD-5788,C378,2026-08-25T14:07:55.205Z,355.54,PAID
ORD-5789,C1667,2026-08-17T05:15:00.974Z,33.85,SHIPPED
ORD-5790,C1820,2026-08-31T19:08:39.208Z,750.60,PENDING
ORD-5791,C586,2026-09-08T07:14:02.953Z,623.89,CANCELLED
ORD-5792,C341,2026-09-26T14:53:35.230Z,140.72,PAID
ORD-5793,C1915,2026-09-21T15:25:08.765Z,31.06,SHIPPED
ORD-5794,C1009,2026-07-15T08:29:53.450Z,793.81,PENDING
ORD-5795,C672,2026-09-19T14:46:55.949Z,340.28,CANCELLED
ORD-5796,C1661,2026-08-24T02:44:19.137Z,619.92,PAID
ORD-5797,C19,2026-09-06T12:47:56.152Z,581.47,SHIPPED
ORD-5798,C477,2026-08-08T19:52:40.003Z,797.36,PENDING
ORD-5799,C1846,2026-08-08T16:01:56.175Z,636.93,CANCELLED
ORD-5800,C864,2026-08-29T21:24:44.563Z,381.78,PAID
ORD-5801,C1663,2026-08-12T14:50:23.813Z,475.98,SHIPPED
ORD-5802,C1058,2026-09-16T13:11:30.210Z,316.84,PENDING
ORD-5803,C539,2026-07-24T02:22:43.733Z,899.31,CANCELLED
ORD-5804,C541,2026-08-07T07:19:01.185Z,132.72,PAID
ORD-5805,C111,2026-07-25T08:50:26.201Z,588.19,SHIPPED
ORD-5806,C487,2026-08-02T06:57:16.023Z,707.22,PENDING
ORD-5807,C994,2026-07-21T10:09:53.552Z,38.38,CANCELLED
ORD-5808,C1205,2026-08-31T02:41:57.175Z,337.56,PAID
ORD-5809,C1676,2026-08-31T14:35:02.426Z,285.53,SHIPPED
ORD-5810,C440,2026-08-05T10:50:45.277Z,592.69,PENDING
ORD-5811,C1576,2026-08-09T20:46:38.564Z,245.59,CANCELLED
ORD-5812,C1745,2026-07-08T20:49:53.150Z,628.90,PAID
ORD-5813,C114,2026-08-22T14:05:09.452Z,721.75,SHIPPED
ORD-5814,C1401,2026-07-29T22:54:27.754Z,209.46,PENDING
ORD-5815,C1510,2026-09-02T16:25:48.517Z,109.20,CANCELLED
ORD-5816,C1774,2026-09-10T17:20:40.973Z,416.00,PAID
ORD-5817,C145,2026-08-07T07:58:49.393Z,320.21,SHIPPED
ORD-5818,C731,2026-08-19T18:17:17.330Z,158.06,PENDING
ORD-5819,C1247,2026-09-05T07:35:42.632Z,65.00,CANCELLED
ORD-5820,C377,2026-07-29T22:35:31.421Z,831.08,PAID
ORD-5821,C680,2026-08-01T13:48:34.397Z,978.16,SHIPPED
ORD-5822,C1830,2026-09-30T10:04:07.150Z,623.31,PENDING
ORD-5823,C374,2026-07-18T15:55:11.269Z,618.78,CANCELLED
ORD-5824,C871,2026-08-30T04:29:50.111Z,864.75,PAID
ORD-5825,C1052,2026-09-21T01:41:40.875Z,920.34,SHIPPED
ORD-5826,C1210,2026-08-08T15:24:07.699Z,523.76,PENDING
ORD-5827,C726,2026-08-31T17:16:04.521Z,773.20,CANCELLED
ORD-5828,C575,2026-09-26T21:02:59.323Z,706.37,PAID
ORD-5829,C1128,2026-07-06T00:09:38.390Z,94.59,SHIPPED
ORD-5830,C1611,2026-09-15T22:19:45.280Z,376.73,PENDING
ORD-5831,C1502,2026-08-16T14:33:56.651Z,140.76,CANCELLED
ORD-5832,C919,2026-07-27T08:39:42.424Z,585.52,PAID
ORD-5833,C1831,2026-08-06T13:28:52.993Z,832.61,SHIPPED
ORD-5834,C375,2026-09-07T00:58:06.781Z,619.00,PENDING
ORD-5835,C1629,2026-08-02T13:00:07.898Z,844.85,CANCELLED
ORD-5836,C1533,2026-07-24T21:53:02.700Z,70.97,PAID
ORD-5837,C1396,2026-07-10T19:09:11.383Z,222.87,SHIPPED
ORD-5838,C9,2026-09-14T20:50:54.876Z,384.30,PENDING
ORD-5839,C1382,2026-09-17T13:43:54.189Z,769.08,CANCELLED
ORD-5840,C787,2026-09-05T11:54:55.434Z,513.59,PAID
ORD-5841,C908,2026-07-22T01:33:53.660Z,79.18,SHIPPED
ORD-5842,C1108,2026-09-28T12:17:45.420Z,616.83,PENDING
ORD-5843,C1705,2026-08-11T16:17:37.674Z,419.03,CANCELLED
ORD-5844,C209,2026-08-16T02:22:20.088Z,484.46,PAID
ORD-5845,C1024,2026-09-24T18:04:32.882Z,344.47,SHIPPED
ORD-5846,C1222,2026-08-12T05:08:36.118Z,189.24,PENDING
ORD-5847,C1734,2026-08-13T13:04:56.361Z,554.23,CANCELLED
ORD-5848,C118,2026-07-29T19:13:59.415Z,639.31,PAID
ORD-5849,C770,2026-09-10T16:55:00.141Z,671.52,SHIPPED
ORD-5850,C294,2026-07-24T22:32:54.814Z,840.86,PENDING
ORD-5851,C1724,2026-07-17T17:38:55.218Z,415.15,CANCELLED
ORD-5852,C1438,2026-07-05T02:09:00.602Z,922.58,PAID
ORD-5853,C1144,2026-07-24T19:04:36.051Z,313.53,SHIPPED
ORD-5854,C1067,2026-08-07T08:08:10.788Z,788.08,PENDING
ORD-5855,C312,2026-09-11T18:10:06.500Z,34.74,CANCELLED
ORD-5856,C1143,2026-08-11T11:57:41.138Z,32.30,PAID
ORD-5857,C1785,2026-07-04T04:41:00.000Z,275.04,SHIPPED
ORD-5858,C1523,2026-09-21T12:56:29.601Z,359.00,PENDING
ORD-5859,C1987,2026-08-25T22:16:57.587Z,742.56,CANCELLED
ORD-5860,C1776,2026-09-26T13:01:05.405Z,748.17,PAID
ORD-5861,C753,2026-08-02T04:05:54.568Z,644.44,SHIPPED
ORD-5862,C329,2026-07-29T22:54:33.763Z,256.72,PENDING
ORD-5863,C299,2026-07-17T17:28:13.913Z,294.02,CANCELLED
ORD-5864,C887,2026-09-24T02:30:22.389Z,785.28,PAID
ORD-5865,C393,2026-07-10T20:47:03.955Z,52.69,SHIPPED
ORD-5866,C1695,2026-07-26T17:54:14.455Z,87.01,PENDING
ORD-5867,C851,2026-07-27T18:41:46.654Z,683.77,CANCELLED
ORD-5868,C1803,2026-08-05T09:39:05.897Z,249.07,PAID
ORD-5869,C1457,2026-08-02T10:08:33.620Z,839.31,SHIPPED
ORD-5870,C1734,2026-07-16T14:09:29.005Z,585.98,PENDING
ORD-5871,C1533,2026-09-05T13:31:36.242Z,70.89,CANCELLED
ORD-5872,C1261,2026-07-17T02:58:49.777Z,482.00,PAID
ORD-5873,C985,2026-08-12T14:22:24.766Z,999.66,SHIPPED
ORD-5874,C1906,2026-07-09T17:48:21.624Z,885.73,PENDING
ORD-5875,C574,2026-08-29T20:59:43.443Z,675.65,CANCELLED
ORD-5876,C755,2026-09-28T22:38:49.513Z,647.78,PAID
ORD-5877,C1545,2026-09-22T19:24:36.421Z,797.34,SHIPPED
ORD-5878,C1585,2026-08-07T20:26:18.385Z,378.21,PENDING
ORD-5879,C1795,2026-09-17T04:24:07.528Z,848.70,CANCELLED
ORD-5880,C308,2026-07-11T18:31:38.320Z,680.41,PAID
ORD-5881,C1354,2026-09-20T10:19:52.207Z,415.19,SHIPPED
ORD-5882,C402,2026-07-17T23:05:22.407Z,685.70,PENDING
ORD-5883,C749,2026-09-26T01:29:56.704Z,568.50,CANCELLED
ORD-5884,C1526,2026-07-27T23:36:19.209Z,378.77,PAID
ORD-5885,C1081,2026-08-02T08:16:06.132Z,39.25,SHIPPED
ORD-5886,C398,2026-08-01T11:54:43.177Z,631.60,PENDING
ORD-5887,C600,2026-09-10T04:38:18.568Z,179.37,CANCELLED
ORD-5888,C594,2026-07-31T04:21:18.880Z,237.89,PAID
ORD-5889,C1833,2026-08-12T04:05:35.445Z,172.08,SHIPPED
ORD-5890,C1626,2026-08-04T15:25:51.111Z,612.33,PENDING
ORD-5891,C698,2026-07-26T05:47:11.112Z,207.93,CANCELLED
ORD-5892,C284,2026-09-01T19:47:36.749Z,591.20,PAID
ORD-5893,C1909,2026-08-08T09:19:38.528Z,94.48,SHIPPED
ORD-5894,C1071,2026-09-22T03:14:53.142Z,532.73,PENDING
ORD-5895,C938,2026-07-15T22:05:21.056Z,508.59,CANCELLED
ORD-5896,C1058,2026-08-12T18:59:49.472Z,389.50,PAID
ORD-5897,C1672,2026-09-13T15:58:05.350Z,679.81,SHIPPED
ORD-5898,C1903,2026-08-15T11:53:58.823Z,275.06,PENDING
ORD-5899,C193,2026-07-28T11:09:46.339Z,498.75,CANCELLED
ORD-5900,C1218,2026-07-07T08:06:42.381Z,467.19,PAID
ORD-5901,C1715,2026-09-14T00:49:35.875Z,650.37,SHIPPED
ORD-5902,C1738,2026-08-15T00:52:49.874Z,221.71,PENDING
ORD-5903,C1409,2026-09-01T15:01:31.476Z,691.55,CANCELLED
ORD-5904,C642,2026-09-15T03:27:49.960Z,565.50,PAID
ORD-5905,C385,2026-08-06T05:51:09.274Z,216.13,SHIPPED
ORD-5906,C55,2026-09-13T15:49:03.562Z,608.01,PENDING
ORD-5907,C914,2026-09-24T17:52:33.494Z,817.06,CANCELLED
ORD-5908,C1189,2026-09-05T22:57:04.367Z,937.39,PAID
ORD-5909,C527,2026-08-21T07:32:26.559Z,63.69,SHIPPED
ORD-5910,C1634,2026-09-12T04:25:52.789Z,22.02,PENDING
ORD-5911,C16,2026-09-02T11:39:22.755Z,757.68,CANCELLED
ORD-5912,C1322,2026-09-27T14:29:37.110Z,791.87,PAID
ORD-5913,C1613,2026-08-31T10:39:19.173Z,368.99,SHIPPED
ORD-5914,C990,2026-07-24T12:31:20.779Z,501.24,PENDING
ORD-5915,C1098,2026-09-04T06:44:20.912Z,552.67,CANCELLED
ORD-5916,C20,2026-07-08T16:47:32.265Z,214.35,PAID
ORD-5917,C1045,2026-09-05T19:13:25.600Z,172.61,SHIPPED
ORD-5918,C1851,2026-09-05T22:33:05.272Z,633.30,PENDING
ORD-5919,C94,2026-07-16T15:32:26.271Z,502.30,CANCELLED
ORD-5920,C1411,2026-08-23T20:23:57.646Z,268.45,PAID
ORD-5921,C1681,2026-07-10T03:20:50.903Z,690.93,SHIPPED
ORD-5922,C528,2026-07-04T07:42:39.337Z,804.65,PENDING
ORD-5923,C972,2026-08-10T12:59:05.537Z,324.40,CANCELLED
ORD-5924,C802,2026-07-24T00:10:53.770Z,255.93,PAID
ORD-5925,C556,2026-08-07T08:00:41.823Z,304.89,SHIPPED
ORD-5926,C535,2026-08-20T23:18:02.870Z,661.89,PENDING
ORD-5927,C536,2026-08-31T14:02:36.816Z,580.16,CANCELLED
ORD-5928,C97,2026-07-30T05:22:18.954Z,118.63,PAID
ORD-5929,C1735,2026-08-04T23:14:56.735Z,559.92,SHIPPED
ORD-5930,C828,2026-07-28T08:26:19.476Z,280.85,PENDING
ORD-5931,C1330,2026-07-13T08:36:43.923Z,142.63,CANCELLED
ORD-5932,C979,2026-08-08T14:56:10.951Z,616.33,PAID
ORD-5933,C8,2026-08-08T07:34:31.377Z,889.23,SHIPPED
ORD-5934,C1333,2026-09-07T07:49:30.825Z,259.42,PENDING
ORD-5935,C915,2026-09-24T10:09:32.946Z,635.36,CANCELLED
ORD-5936,C1853,2026-08-24T15:23:45.152Z,652.00,PAID
ORD-5937,C1386,2026-07-21T19:20:27.256Z,596.79,SHIPPED
ORD-5938,C38,2026-07-17T20:58:20.170Z,850.43,PENDING
ORD-5939,C1304,2026-08-07T12:04:41.214Z,269.78,CANCELLED
ORD-5940,C615,2026-07-09T17:28:41.570Z,218.04,PAID
ORD-5941,C505,2026-07-30T09:08:18.135Z,68.50,SHIPPED
ORD-5942,C1627,2026-08-19T11:11:11.212Z,274.88,PENDING
ORD-5943,C1148,2026-09-24T10:22:43.061Z,635.37,CANCELLED
ORD-5944,C1165,2026-08-19T01:46:51.187Z,581.19,PAID
ORD-5945,C1177,2026-08-01T19:09:57.738Z,183.44,SHIPPED
ORD-5946,C1099,2026-09-03T13:40:42.868Z,704.90,PENDING
ORD-5947,C938,2026-08-03T05:25:02.803Z,759.10,CANCELLED
ORD-5948,C1872,2026-09-03T00:24:39.213Z,270.25,PAID
ORD-5949,C1946,2026-07-22T19:36:59.719Z,816.76,SHIPPED
ORD-5950,C1741,2026-08-08T02:03:20.290Z,194.77,PENDING
ORD-5951,C1307,2026-09-11T15:12:48.778Z,135.00,CANCELLED
ORD-5952,C982,2026-07-03T15:16:06.118Z,80.88,PAID
ORD-5953,C1075,2026-09-09T21:04:15.166Z,319.17,SHIPPED
ORD-5954,C581,2026-08-26T02:32:16.968Z,93.66,PENDING
ORD-5955,C721,2026-08-26T17:08:02.628Z,903.71,CANCELLED
ORD-5956,C1661,2026-09-08T22:41:04.713Z,239.56,PAID
ORD-5957,C199,2026-09-29T23:54:36.197Z,40.16,SHIPPED
ORD-5958,C1714,2026-08-18T05:39:50.273Z,148.00,PENDING
ORD-5959,C555,2026-08-26T05:50:21.178Z,927.28,CANCELLED
ORD-5960,C1381,2026-08-23T19:39:23.480Z,504.53,PAID
ORD-5961,C1558,2026-08-22T01:53:35.189Z,353.41,SHIPPED
ORD-5962,C311,2026-09-24T16:27:34.738Z,235.45,PENDING
ORD-5963,C451,2026-07-09T18:37:58.102Z,327.23,CANCELLED
ORD-5964,C788,2026-09-21T10:06:28.695Z,382.82,PAID
ORD-5965,C1186,2026-07-26T20:56:22.635Z,464.08,SHIPPED
ORD-5966,C1557,2026-08-25T14:55:59.884Z,931.80,PENDING
ORD-5967,C864,2026-07-23T15:24:03.738Z,691.00,CANCELLED
ORD-5968,C647,2026-08-25T21:00:03.345Z,38.13,PAID
ORD-5969,C1522,2026-08-29T04:04:30.654Z,214.00,SHIPPED
ORD-5970,C744,2026-09-08T16:11:31.949Z,428.28,PENDING
ORD-5971,C1120,2026-07-22T17:10:29.517Z,182.49,CANCELLED
ORD-5972,C514,2026-07-23T20:58:52.699Z,811.78,PAID
ORD-5973,C303,2026-09-25T21:18:49.800Z,894.89,SHIPPED
ORD-5974,C1909,2026-09-17T08:08:41.906Z,615.00,PENDING
ORD-5975,C1570,2026-08-11T13:25:09.901Z,423.51,CANCELLED
ORD-5976,C1392,2026-09-19T14:02:02.867Z,295.94,PAID
ORD-5977,C938,2026-09-16T09:46:15.166Z,871.30,SHIPPED
ORD-5978,C1469,2026-07-12T15:27:58.317Z,861.90,PENDING
ORD-5979,C1705,2026-09-01T23:15:38.351Z,324.71,CANCELLED
ORD-5980,C1861,2026-07-06T10:23:37.686Z,52.73,PAID
ORD-5981,C2000,2026-07-19T04:43:38.149Z,967.78,SHIPPED
ORD-5982,C687,2026-07-26T07:17:53.697Z,314.06,PENDING
ORD-5983,C1066,2026-08-19T00:57:53.304Z,73.86,CANCELLED
ORD-5984,C1756,2026-07-04T08:36:46.520Z,624.22,PAID
ORD-5985,C1705,2026-09-05T00:41:58.275Z,968.86,SHIPPED
ORD-5986,C1722,2026-08-16T03:14:59.480Z,482.14,PENDING
ORD-5987,C1532,2026-07-18T18:36:23.259Z,166.32,CANCELLED
ORD-5988,C407,2026-09-13T00:38:12.871Z,76.28,PAID
ORD-5989,C1240,2026-09-26T11:57:16.838Z,918.52,SHIPPED
ORD-5990,C113,2026-08-31T08:50:49.635Z,490.62,PENDING
ORD-5991,C1081,2026-07-16T05:03:50.828Z,982.44,CANCELLED
ORD-5992,C262,2026-07-26T16:51:31.881Z,803.60,PAID
ORD-5993,C1805,2026-08-27T09:10:59.738Z,311.43,SHIPPED
ORD-5994,C374,2026-09-03T21:13:56.268Z,238.10,PENDING
ORD-5995,C455,2026-09-12T23:42:11.645Z,331.26,CANCELLED
ORD-5996,C29,2026-09-03T08:20:52.550Z,406.28,PAID
ORD-5997,C401,2026-09-10T18:32:53.063Z,341.94,SHIPPED
ORD-5998,C1604,2026-07-26T18:01:43.343Z,383.83,PENDING
ORD-5999,C1882,2026-09-24T14:55:10.461Z,62.04,CANCELLED
ORD-6000,C1306,2026-09-20T22:48:41.035Z,abc,PAID
ORD-6001,C1482,2026-08-16T03:35:43.288Z,359.62,SHIPPED
ORD-6002,C572,2026-07-03T09:59:29.430Z,532.49,PENDING
ORD-6003,C1304,2026-08-26T13:08:13.145Z,281.42,CANCELLED
ORD-6004,C1639,2026-09-24T03:45:53.082Z,945.88,PAID
ORD-6005,C1866,2026-07-29T23:52:59.156Z,664.56,SHIPPED
ORD-6006,C241,2026-07-13T15:56:15.074Z,206.76,PENDING
ORD-6007,C1913,2026-09-14T05:43:22.858Z,213.21,CANCELLED
ORD-6008,C1168,2026-08-16T10:06:51.168Z,153.56,PAID
ORD-6009,C508,2026-08-18T04:07:09.897Z,70.06,SHIPPED
ORD-6010,C1136,2026-08-19T05:37:41.365Z,620.95,PENDING
ORD-6011,C298,2026-08-05T04:36:41.175Z,896.77,CANCELLED
ORD-6012,C1370,2026-08-29T12:17:15.935Z,980.38,PAID
ORD-6013,C465,2026-07-14T09:08:43.839Z,31.59,SHIPPED
ORD-6014,C607,2026-08-05T00:24:22.065Z,632.65,PENDING
ORD-6015,C1979,2026-07-31T04:25:36.497Z,163.28,CANCELLED
ORD-6016,C1649,2026-07-13T22:37:10.200Z,493.27,PAID
ORD-6017,C46,2026-08-14T18:19:06.516Z,498.15,SHIPPED
ORD-6018,C180,2026-07-16T00:00:05.158Z,547.04,PENDING
ORD-6019,C571,2026-09-15T06:58:51.369Z,947.26,CANCELLED
ORD-6020,C1091,2026-09-08T05:24:36.820Z,202.21,PAID
ORD-6021,C1714,2026-08-27T02:43:59.788Z,598.63,SHIPPED
ORD-6022,C1564,2026-09-04T16:12:10.958Z,604.69,PENDING
ORD-6023,C1308,2026-08-22T04:44:48.727Z,68.34,CANCELLED
ORD-6024,C1810,2026-09-30T16:12:57.763Z,951.57,PAID
ORD-6025,C195,2026-07-23T14:24:46.110Z,970.75,SHIPPED
ORD-6026,C1530,2026-07-15T20:16:52.085Z,301.65,PENDING
ORD-6027,C641,2026-08-26T04:26:01.342Z,413.30,CANCELLED
ORD-6028,C842,2026-09-06T15:10:20.582Z,643.68,PAID
ORD-6029,C1961,2026-08-11T16:24:16.236Z,657.37,SHIPPED
ORD-6030,C1237,2026-07-14T00:28:18.150Z,698.43,PENDING
ORD-6031,C1160,2026-08-20T07:50:01.715Z,329.18,CANCELLED
ORD-6032,C623,2026-09-28T09:11:15.521Z,823.58,PAID
ORD-6033,C1632,2026-09-13T18:36:54.921Z,120.16,SHIPPED
ORD-6034,C837,2026-07-10T14:16:55.560Z,867.09,PENDING
ORD-6035,C1907,2026-09-29T00:46:27.782Z,348.39,CANCELLED
ORD-6036,C1567,2026-08-28T18:44:10.118Z,687.44,PAID
ORD-6037,C159,2026-09-17T01:54:28.011Z,894.93,SHIPPED
ORD-6038,C801,2026-08-29T08:26:13.986Z,33.55,PENDING
ORD-6039,C598,2026-08-31T00:00:17.981Z,376.95,CANCELLED
ORD-6040,C1196,2026-09-25T23:41:11.779Z,316.78,PAID
ORD-6041,C1191,2026-09-21T17:59:18.979Z,645.36,SHIPPED
ORD-6042,C1981,2026-08-06T19:54:53.478Z,665.95,PENDING
ORD-6043,C1059,2026-09-27T02:12:23.177Z,578.34,CANCELLED
ORD-6044,C117,2026-08-21T02:52:12.147Z,986.56,PAID
ORD-6045,C99,2026-07-10T15:01:11.811Z,320.93,SHIPPED
ORD-6046,C1554,2026-07-15T12:45:27.482Z,468.75,PENDING
ORD-6047,C1665,2026-09-18T18:29:50.245Z,470.36,CANCELLED
ORD-6048,C649,2026-09-02T22:41:07.588Z,513.84,PAID
ORD-6049,C204,2026-09-21T03:11:29.922Z,926.15,SHIPPED
ORD-6050,C1424,2026-07-07T16:07:57.917Z,597.76,PENDING
ORD-6051,C1623,2026-09-03T14:31:37.083Z,445.90,CANCELLED
ORD-6052,C320,2026-08-30T19:31:46.379Z,212.77,PAID
ORD-6053,C1498,2026-09-20T01:21:33.306Z,620.95,SHIPPED
ORD-6054,C1047,2026-09-27T12:58:52.374Z,730.51,PENDING
ORD-6055,C802,2026-08-14T00:54:46.133Z,81.94,CANCELLED
ORD-6056,C182,2026-08-01T16:29:28.337Z,974.44,PAID
ORD-6057,C486,2026-07-29T22:36:51.252Z,358.35,SHIPPED
ORD-6058,C495,2026-08-25T23:48:37.072Z,673.18,PENDING
ORD-6059,C257,2026-07-07T22:57:35.791Z,75.00,CANCELLED
ORD-6060,C566,2026-09-13T07:02:39.410Z,967.24,PAID
ORD-6061,C669,2026-07-29T18:09:05.324Z,870.45,SHIPPED
ORD-6062,C1635,2026-08-16T03:31:13.822Z,524.84,PENDING
ORD-6063,C128,2026-07-29T05:56:18.093Z,436.67,CANCELLED
ORD-6064,C474,2026-08-29T12:00:31.132Z,80.26,PAID
ORD-6065,C1556,2026-08-19T12:05:36.056Z,501.12,SHIPPED
ORD-6066,C1152,2026-09-10T18:59:10.972Z,742.93,PENDING
ORD-6067,C680,2026-09-13T06:51:05.622Z,176.97,CANCELLED
ORD-6068,C1900,2026-08-12T13:12:56.380Z,212.85,PAID
ORD-6069,C958,2026-08-08T11:02:36.003Z,927.70,SHIPPED
ORD-6070,C402,2026-07-06T19:27:13.292Z,428.35,PENDING
ORD-6071,C1276,2026-07-17T08:00:36.606Z,826.53,CANCELLED
ORD-6072,C488,2026-08-27T16:34:09.655Z,310.01,PAID
ORD-6073,C939,2026-09-26T05:02:47.379Z,276.77,SHIPPED
ORD-6074,C291,2026-08-31T23:01:07.813Z,966.09,PENDING
ORD-6075,C904,2026-09-03T22:50:01.467Z,963.34,CANCELLED
ORD-6076,C631,2026-09-20T09:48:42.871Z,798.09,PAID
ORD-6077,C1722,2026-08-03T09:17:13.956Z,853.29,SHIPPED
ORD-6078,C1300,2026-08-05T12:25:58.154Z,595.66,PENDING
ORD-6079,C967,2026-09-10T22:18:06.941Z,580.63,CANCELLED
ORD-6080,C1803,2026-07-23T08:53:35.060Z,528.98,PAID
ORD-6081,C1534,2026-09-07T17:25:55.556Z,541.30,SHIPPED
ORD-6082,C743,2026-07-24T14:26:54.341Z,546.98,PENDING
ORD-6083,C1707,2026-09-02T06:49:49.753Z,504.49,CANCELLED
ORD-6084,C1423,2026-09-28T21:28:57.373Z,218.73,PAID
ORD-6085,C1896,2026-07-30T10:17:41.446Z,504.53,SHIPPED
ORD-6086,C316,2026-07-06T14:05:29.853Z,50.09,PENDING
ORD-6087,C1412,2026-09-04T23:15:33.827Z,223.77,CANCELLED
ORD-6088,C1459,2026-07-06T21:59:16.274Z,154.28,PAID
ORD-6089,C87,2026-07-18T20:35:25.968Z,946.83,SHIPPED
ORD-6090,C1681,2026-07-19T09:43:17.844Z,150.97,PENDING
ORD-6091,C1229,2026-07-16T23:57:23.453Z,801.99,CANCELLED
ORD-6092,C17,2026-08-11T04:05:39.077Z,369.77,PAID
ORD-6093,C1640,2026-09-19T01:15:14.789Z,541.48,SHIPPED
ORD-6094,C381,2026-09-01T18:16:43.698Z,29.40,PENDING
ORD-6095,C1947,2026-07-18T17:56:50.441Z,791.71,CANCELLED
ORD-6096,C481,2026-09-26T15:16:13.935Z,625.07,PAID
ORD-6097,C537,2026-07-07T11:48:38.299Z,618.55,SHIPPED
ORD-6098,C105,2026-09-06T15:25:09.028Z,232.22,PENDING
ORD-6099,C711,2026-07-12T17:03:29.788Z,895.95,CANCELLED
ORD-6100,C1999,2026-08-14T16:41:34.386Z,414.99,PAID
ORD-6101,C1928,2026-09-20T01:42:20.151Z,260.94,SHIPPED
ORD-6102,C167,2026-09-02T02:43:52.698Z,204.39,PENDING
ORD-6103,C867,2026-07-29T07:59:04.000Z,16.88,CANCELLED
ORD-6104,C1660,2026-08-03T23:36:12.879Z,575.85,PAID
ORD-6105,C1647,2026-09-05T23:31:00.028Z,35.32,SHIPPED
ORD-6106,C1965,2026-08-01T06:00:14.937Z,90.91,PENDING
ORD-6107,C1165,2026-09-04T09:35:48.856Z,608.51,CANCELLED
ORD-6108,C1359,2026-09-25T01:27:27.088Z,239.33,PAID
ORD-6109,C801,2026-09-18T01:44:08.171Z,13.97,SHIPPED
ORD-6110,C1786,2026-08-02T11:19:55.188Z,435.02,PENDING
ORD-6111,C1796,2026-09-29T00:38:37.472Z,683.50,CANCELLED
ORD-6112,C1016,2026-07-08T17:35:02.355Z,165.05,PAID
ORD-6113,C842,2026-09-25T11:26:35.814Z,719.90,SHIPPED
ORD-6114,C755,2026-07-19T18:57:47.706Z,462.99,PENDING
ORD-6115,C585,2026-07-05T02:57:36.275Z,797.37,CANCELLED
ORD-6116,C1253,2026-08-09T16:05:50.691Z,511.30,PAID
ORD-6117,C1025,2026-09-05T22:39:28.347Z,335.88,SHIPPED
ORD-6118,C9,2026-09-26T17:25:13.806Z,821.90,PENDING
ORD-6119,C1779,2026-09-24T13:14:49.192Z,26.57,CANCELLED
ORD-6120,C222,2026-08-25T20:07:10.348Z,916.77,PAID
ORD-6121,C767,2026-09-11T17:05:30.924Z,343.56,SHIPPED
ORD-6122,C11,2026-08-30T05:20:02.407Z,967.53,PENDING
ORD-6123,C298,2026-09-14T10:56:03.784Z,953.14,CANCELLED
ORD-6124,C623,2026-09-16T15:08:49.880Z,125.41,PAID
ORD-6125,C1226,2026-07-24T20:03:48.432Z,739.36,SHIPPED
ORD-6126,C1679,2026-07-27T15:22:10.123Z,775.07,PENDING
ORD-6127,C699,2026-07-05T22:56:32.386Z,74.89,CANCELLED
ORD-6128,C1762,2026-09-30T03:09:49.603Z,725.76,PAID
ORD-6129,C1309,2026-09-18T11:24:40.297Z,912.87,SHIPPED
ORD-6130,C1204,2026-09-15T09:30:17.115Z,212.22,PENDING
ORD-6131,C992,2026-08-13T06:42:50.172Z,354.74,CANCELLED
ORD-6132,C1072,2026-07-13T01:48:01.700Z,520.63,PAID
ORD-6133,C1917,2026-07-04T12:11:12.428Z,398.83,SHIPPED
ORD-6134,C1876,2026-08-12T19:36:44.410Z,619.91,PENDING
ORD-6135,C844,2026-09-12T10:55:52.431Z,856.69,CANCELLED
ORD-6136,C314,2026-08-07T02:32:53.499Z,500.66,PAID
ORD-6137,C1262,2026-07-04T22:54:03.427Z,187.44,SHIPPED
ORD-6138,C110,2026-09-18T21:07:11.034Z,23.19,PENDING
ORD-6139,C919,2026-08-14T15:07:24.171Z,78.03,CANCELLED
ORD-6140,C911,2026-07-22T03:40:21.441Z,801.10,PAID
ORD-6141,C1212,2026-07-05T23:40:57.172Z,676.20,SHIPPED
ORD-6142,C1016,2026-08-16T14:21:04.905Z,237.08,PENDING
ORD-6143,C1710,2026-08-09T09:26:47.515Z,986.57,CANCELLED
ORD-6144,C595,2026-09-06T17:59:12.678Z,748.07,PAID
ORD-6145,C573,2026-09-13T12:52:55.779Z,642.59,SHIPPED
ORD-6146,C812,2026-07-13T17:39:54.318Z,109.13,PENDING
ORD-6147,C1777,2026-08-05T03:37:33.423Z,366.71,CANCELLED
ORD-6148,C229,2026-09-25T00:40:51.191Z,556.65,PAID
ORD-6149,C1258,2026-07-16T02:51:01.857Z,410.49,SHIPPED
ORD-6150,C1054,2026-09-28T10:38:03.406Z,59.05,PENDING
ORD-6151,C417,2026-08-22T11:50:31.428Z,371.73,CANCELLED
ORD-6152,C199,2026-08-02T06:37:11.038Z,838.23,PAID
ORD-6153,C33,2026-09-30T17:51:28.262Z,859.88,SHIPPED
ORD-6154,C1795,2026-08-19T04:20:05.850Z,3.44,PENDING
ORD-6155,C138,2026-08-09T23:04:38.523Z,772.88,CANCELLED
ORD-6156,C119,2026-07-16T00:35:26.653Z,691.05,PAID
ORD-6157,C1865,2026-07-17T11:50:52.710Z,596.67,SHIPPED
ORD-6158,C1680,2026-09-14T17:35:24.711Z,556.81,PENDING
ORD-6159,C1314,2026-08-18T18:22:59.239Z,871.23,CANCELLED
ORD-6160,C281,2026-08-09T03:02:51.363Z,729.77,PAID
ORD-6161,C1132,2026-09-13T01:10:45.144Z,186.63,SHIPPED
ORD-6162,C854,2026-08-21T21:26:55.677Z,257.54,PENDING
ORD-6163,C1557,2026-08-18T05:33:08.607Z,799.67,CANCELLED
ORD-6164,C1436,2026-07-27T10:25:57.360Z,824.88,PAID
ORD-6165,C297,2026-07-17T19:59:22.071Z,778.37,SHIPPED
ORD-6166,C1603,2026-07-04T00:36:36.036Z,39.90,PENDING
ORD-6167,C1452,2026-09-20T22:09:35.823Z,336.20,CANCELLED
ORD-6168,C343,2026-08-18T06:01:59.243Z,674.95,PAID
ORD-6169,C1662,2026-08-30T08:30:48.574Z,426.56,SHIPPED
ORD-6170,C1231,2026-08-26T13:35:12.296Z,162.42,PENDING
ORD-6171,C1169,2026-07-08T11:17:32.338Z,844.11,CANCELLED
ORD-6172,C1533,2026-08-02T10:40:05.082Z,962.33,PAID
ORD-6173,C1966,2026-07-17T03:58:10.815Z,435.77,SHIPPED
ORD-6174,C1218,2026-09-27T15:52:42.725Z,965.14,PENDING
ORD-6175,C96,2026-07-28T18:43:58.004Z,796.70,CANCELLED
ORD-6176,C1911,2026-09-14T16:07:02.725Z,899.76,PAID
ORD-6177,C1570,2026-08-25T21:27:43.766Z,18.50,SHIPPED
ORD-6178,C798,2026-08-25T05:36:38.703Z,373.14,PENDING
ORD-6179,C638,2026-07-11T13:45:47.681Z,372.74,CANCELLED
ORD-6180,C1082,2026-07-19T06:29:15.015Z,618.38,PAID
ORD-6181,C1467,2026-09-06T13:09:14.877Z,911.75,SHIPPED
ORD-6182,C400,2026-09-10T22:51:31.946Z,649.31,PENDING
ORD-6183,C1111,2026-09-15T07:50:20.861Z,900.82,CANCELLED
ORD-6184,C1769,2026-07-04T03:40:58.801Z,605.86,PAID
ORD-6185,C236,2026-09-17T01:42:26.734Z,830.03,SHIPPED
ORD-6186,C1408,2026-07-23T01:48:12.803Z,509.38,PENDING
ORD-6187,C1255,2026-09-14T21:14:25.763Z,407.68,CANCELLED
ORD-6188,C575,2026-09-19T13:04:41.019Z,816.55,PAID
ORD-6189,C452,2026-09-16T17:08:13.342Z,569.98,SHIPPED
ORD-6190,C38,2026-09-24T11:48:29.844Z,831.06,PENDING
ORD-6191,C1805,2026-07-17T03:09:53.950Z,537.33,CANCELLED
ORD-6192,C773,2026-08-20T04:28:02.217Z,216.02,PAID
ORD-6193,C1238,2026-08-24T09:28:11.262Z,177.29,SHIPPED
ORD-6194,C1077,2026-07-29T02:49:23.655Z,708.82,PENDING
ORD-6195,C1816,2026-08-10T19:07:58.208Z,508.19,CANCELLED
ORD-6196,C525,2026-09-25T20:31:55.601Z,900.07,PAID
ORD-6197,C1989,2026-09-22T07:07:05.086Z,200.67,SHIPPED
ORD-6198,C1896,2026-07-13T17:49:23.470Z,547.90,PENDING
ORD-6199,C713,2026-07-11T15:22:50.593Z,934.22,CANCELLED
ORD-6200,C634,2026-07-31T12:17:11.239Z,32.92,PAID
ORD-6201,C686,2026-07-27T15:46:31.882Z,535.71,SHIPPED
ORD-6202,C811,2026-09-23T19:42:04.573Z,483.51,PENDING
ORD-6203,C293,2026-07-20T06:58:26.716Z,396.33,CANCELLED
ORD-6204,C592,2026-09-23T11:20:20.028Z,158.97,PAID
ORD-6205,C491,2026-07-31T08:00:24.436Z,815.97,SHIPPED
ORD-6206,C108,2026-08-30T15:50:03.871Z,783.99,PENDING
ORD-6207,C556,2026-08-15T17:45:12.410Z,78.72,CANCELLED
ORD-6208,C895,2026-07-30T00:06:29.190Z,28.51,PAID
ORD-6209,C174,2026-07-27T12:10:31.024Z,703.73,SHIPPED
ORD-6210,C174,2026-08-22T02:44:08.601Z,248.92,PENDING
ORD-6211,C567,2026-09-01T03:02:18.835Z,278.58,CANCELLED
ORD-6212,C1116,2026-09-07T20:04:58.836Z,891.23,PAID
ORD-6213,C1342,2026-08-30T20:01:54.831Z,172.59,SHIPPED
ORD-6214,C1971,2026-09-13T06:37:19.663Z,570.39,PENDING
ORD-6215,C47,2026-08-04T10:52:13.680Z,769.62,CANCELLED
ORD-6216,C726,2026-09-17T01:10:44.573Z,484.54,PAID
ORD-6217,C1558,2026-09-29T22:54:13.066Z,214.81,SHIPPED
ORD-6218,C286,2026-09-30T23:15:59.069Z,359.74,PENDING
ORD-6219,C761,2026-09-03T10:49:19.487Z,78.08,CANCELLED
ORD-6220,C904,2026-07-21T17:40:17.880Z,837.09,PAID
ORD-6221,C45,2026-09-24T01:45:32.692Z,271.30,SHIPPED
ORD-6222,C390,2026-07-11T14:11:50.822Z,895.88,PENDING
ORD-6223,C1209,2026-09-27T16:01:53.841Z,241.37,CANCELLED
ORD-6224,C1394,2026-07-20T04:50:36.324Z,651.66,PAID
ORD-6225,C1440,2026-08-20T06:40:36.745Z,435.99,SHIPPED
ORD-6226,C338,2026-09-14T17:36:02.682Z,216.40,PENDING
ORD-6227,C1788,2026-08-19T11:34:10.596Z,263.18,CANCELLED
ORD-6228,C1888,2026-07-03T07:08:22.863Z,14.82,PAID
ORD-6229,C1156,2026-08-10T18:14:11.236Z,129.85,SHIPPED
ORD-6230,C847,2026-08-28T18:44:21.259Z,839.58,PENDING
ORD-6231,C328,2026-07-18T05:45:04.450Z,192.54,CANCELLED
ORD-6232,C247,2026-09-22T13:39:29.970Z,377.53,PAID
ORD-6233,C1184,2026-08-13T00:06:46.590Z,697.00,SHIPPED
ORD-6234,C1829,2026-08-15T11:18:13.790Z,307.90,PENDING
ORD-6235,C1910,2026-07-14T07:01:36.515Z,350.97,CANCELLED
ORD-6236,C392,2026-08-15T05:33:39.493Z,48.38,PAID
ORD-6237,C1235,2026-08-22T23:29:12.139Z,152.14,SHIPPED
ORD-6238,C1193,2026-09-18T10:47:30.584Z,22.80,PENDING
ORD-6239,C616,2026-09-11T07:10:36.311Z,588.51,CANCELLED
ORD-6240,C41,2026-08-29T10:18:54.672Z,268.25,PAID
ORD-6241,C1778,2026-08-12T07:23:33.996Z,400.93,SHIPPED
ORD-6242,C1996,2026-08-16T15:09:11.106Z,773.16,PENDING
ORD-6243,C1000,2026-09-16T18:34:53.823Z,704.74,CANCELLED
ORD-6244,C1281,2026-08-20T18:01:16.353Z,376.68,PAID
ORD-6245,C1727,2026-08-08T20:47:17.849Z,688.70,SHIPPED
ORD-6246,C471,2026-07-11T15:29:14.226Z,200.50,PENDING
ORD-6247,C1140,2026-09-14T10:52:17.086Z,10.13,CANCELLED
ORD-6248,C752,2026-07-06T19:20:57.480Z,599.07,PAID
ORD-6249,C1603,2026-09-30T14:05:22.493Z,2.35,SHIPPED
ORD-6250,C150,2026-08-12T23:38:39.374Z,770.02,PENDING
ORD-6251,C1268,2026-08-19T03:00:05.203Z,757.69,CANCELLED
ORD-6252,C1498,2026-09-14T08:46:46.585Z,710.77,PAID
ORD-6253,C643,2026-08-17T08:34:31.385Z,348.74,SHIPPED
ORD-6254,C10,2026-08-16T20:35:37.314Z,647.35,PENDING
ORD-6255,C980,2026-08-13T13:10:44.980Z,742.42,CANCELLED
ORD-6256,C1821,2026-08-10T23:51:56.902Z,511.60,PAID
ORD-6257,C1896,2026-07-21T06:18:25.932Z,311.04,SHIPPED
ORD-6258,C664,2026-09-20T18:08:52.364Z,584.14,PENDING
ORD-6259,C988,2026-09-06T17:45:06.610Z,343.36,CANCELLED
ORD-6260,C1061,2026-08-31T07:34:15.720Z,559.43,PAID
ORD-6261,C1236,2026-07-12T21:07:06.792Z,144.60,SHIPPED
ORD-6262,C208,2026-09-08T07:37:00.713Z,646.49,PENDING
ORD-6263,C1273,2026-07-28T21:29:44.042Z,431.26,CANCELLED
ORD-6264,C1706,2026-08-18T14:03:59.104Z,806.12,PAID
ORD-6265,C987,2026-09-27T09:15:31.462Z,776.94,SHIPPED
ORD-6266,C1063,2026-09-10T20:21:49.981Z,92.55,PENDING
ORD-6267,C1168,2026-09-21T06:54:25.102Z,801.41,CANCELLED
ORD-6268,C1715,2026-08-08T20:41:59.586Z,430.44,PAID
ORD-6269,C1512,2026-07-30T01:42:51.380Z,681.36,SHIPPED
ORD-6270,C1688,2026-07-19T05:08:43.070Z,57.79,PENDING
ORD-6271,C132,2026-08-28T00:51:50.247Z,887.80,CANCELLED
ORD-6272,C185,2026-09-16T19:17:12.527Z,749.52,PAID
ORD-6273,C702,2026-07-18T06:53:28.112Z,387.19,SHIPPED
ORD-6274,C1507,2026-09-28T07:20:17.465Z,236.39,PENDING
ORD-6275,C320,2026-08-26T18:47:03.351Z,550.25,CANCELLED
ORD-6276,C996,2026-09-06T02:16:30.968Z,448.03,PAID
ORD-6277,C1275,2026-08-11T20:50:09.833Z,404.51,SHIPPED
ORD-6278,C419,2026-08-23T23:13:20.130Z,531.76,PENDING
ORD-6279,C1583,2026-07-08T18:18:10.622Z,276.80,CANCELLED
ORD-6280,C200,2026-08-12T15:23:42.734Z,953.57,PAID
ORD-6281,C61,2026-09-20T10:28:19.437Z,717.10,SHIPPED
ORD-6282,C254,2026-09-22T22:58:56.265Z,140.24,PENDING
ORD-6283,C1607,2026-09-11T16:05:31.401Z,686.08,CANCELLED
ORD-6284,C389,2026-09-06T08:49:18.160Z,787.04,PAID
ORD-6285,C898,2026-09-08T02:15:23.501Z,925.28,SHIPPED
ORD-6286,C18,2026-09-19T14:47:24.628Z,753.12,PENDING
ORD-6287,C1302,2026-08-11T11:55:25.876Z,526.96,CANCELLED
ORD-6288,C1641,2026-10-01T05:07:33.912Z,615.17,PAID
ORD-6289,C102,2026-09-10T04:15:18.465Z,81.58,SHIPPED
ORD-6290,C1374,2026-09-03T07:19:53.924Z,398.00,PENDING
ORD-6291,C1255,2026-08-11T18:06:35.131Z,677.44,CANCELLED
ORD-6292,C1879,2026-09-19T06:12:30.816Z,997.54,PAID
ORD-6293,C1105,2026-09-19T16:03:17.437Z,375.12,SHIPPED
ORD-6294,C324,2026-09-02T21:14:26.009Z,57.10,PENDING
ORD-6295,C559,2026-09-29T04:40:10.904Z,471.21,CANCELLED
ORD-6296,C1397,2026-07-30T03:20:49.898Z,496.51,PAID
ORD-6297,C1731,2026-07-31T18:15:35.143Z,503.89,SHIPPED
ORD-6298,C299,2026-08-30T01:41:05.427Z,317.02,PENDING
ORD-6299,C1604,2026-08-01T12:21:26.272Z,944.73,CANCELLED
ORD-6300,C822,2026-08-11T21:17:39.172Z,392.39,PAID
ORD-6301,C247,2026-09-06T12:30:40.369Z,544.50,SHIPPED
ORD-6302,C343,2026-07-29T03:10:31.738Z,257.86,PENDING
ORD-6303,C12,2026-08-13T13:14:23.317Z,124.66,CANCELLED
ORD-6304,C1684,2026-09-13T15:13:38.966Z,52.94,PAID
ORD-6305,C1683,2026-08-06T00:02:26.579Z,776.09,SHIPPED
ORD-6306,C161,2026-08-08T08:33:42.350Z,155.45,PENDING
ORD-6307,C785,2026-08-07T10:20:51.085Z,551.21,CANCELLED
ORD-6308,C892,2026-09-06T03:23:13.618Z,803.64,PAID
ORD-6309,C1563,2026-07-13T14:56:22.534Z,952.42,SHIPPED
ORD-6310,C1112,2026-09-12T01:47:56.884Z,294.79,PENDING
ORD-6311,C292,2026-08-11T01:02:32.956Z,327.39,CANCELLED
ORD-6312,C1442,2026-07-13T08:37:57.179Z,551.66,PAID
ORD-6313,C1179,2026-07-19T05:10:49.934Z,711.40,SHIPPED
ORD-6314,C905,2026-09-05T20:16:57.703Z,801.57,PENDING
ORD-6315,C1952,2026-07-27T12:26:49.240Z,386.80,CANCELLED
ORD-6316,C214,2026-07-31T08:34:46.770Z,611.93,PAID
ORD-6317,C965,2026-07-14T20:15:08.666Z,252.29,SHIPPED
ORD-6318,C1159,2026-07-21T19:42:29.802Z,550.28,PENDING
ORD-6319,C1256,2026-09-02T04:09:16.222Z,872.09,CANCELLED
ORD-6320,C932,2026-08-24T20:08:16.618Z,611.57,PAID
ORD-6321,C1228,2026-09-10T14:39:43.350Z,525.19,SHIPPED
ORD-6322,C1167,2026-07-17T16:14:05.304Z,778.06,PENDING
ORD-6323,C1070,2026-07-17T23:48:14.714Z,906.23,CANCELLED
ORD-6324,C307,2026-08-13T07:01:54.488Z,105.66,PAID
ORD-6325,C251,2026-09-04T21:09:03.326Z,560.96,SHIPPED
ORD-6326,C1946,2026-09-28T06:28:57.300Z,582.77,PENDING
ORD-6327,C743,2026-07-26T01:14:34.723Z,231.96,CANCELLED
ORD-6328,C998,2026-09-28T08:59:25.257Z,111.87,PAID
ORD-6329,C865,2026-09-23T20:10:56.696Z,544.96,SHIPPED
ORD-6330,C1442,2026-07-08T03:43:12.466Z,810.82,PENDING
ORD-6331,C1825,2026-09-30T10:40:19.907Z,498.32,CANCELLED
ORD-6332,C715,2026-10-01T00:22:01.809Z,692.43,PAID
ORD-6333,C686,2026-09-22T05:04:29.577Z,268.96,SHIPPED
ORD-6334,C1390,2026-08-30T01:46:51.474Z,452.19,PENDING
ORD-6335,C1268,2026-07-25T02:38:50.565Z,546.17,CANCELLED
ORD-6336,C970,2026-07-31T21:42:50.185Z,152.89,PAID
ORD-6337,C711,2026-08-15T09:05:23.576Z,924.97,SHIPPED
ORD-6338,C18,2026-07-24T20:32:57.924Z,835.67,PENDING
ORD-6339,C1058,2026-07-20T11:39:05.115Z,129.94,CANCELLED
ORD-6340,C312,2026-09-21T08:52:21.153Z,627.40,PAID
ORD-6341,C666,2026-08-25T20:13:12.720Z,89.35,SHIPPED
ORD-6342,C1271,2026-07-04T09:52:28.470Z,190.16,PENDING
ORD-6343,C549,2026-07-31T09:15:15.428Z,252.65,CANCELLED
ORD-6344,C9,2026-09-22T02:13:19.338Z,290.42,PAID
ORD-6345,C1491,2026-07-23T04:43:28.788Z,590.79,SHIPPED
ORD-6346,C1191,2026-09-09T02:43:00.026Z,295.80,PENDING
ORD-6347,C985,2026-09-23T17:18:25.460Z,460.57,CANCELLED
ORD-6348,C1047,2026-08-30T18:45:36.916Z,778.76,PAID
ORD-6349,C1009,2026-08-31T18:04:12.484Z,454.04,SHIPPED
ORD-6350,C12,2026-08-02T09:03:15.603Z,134.45,PENDING
ORD-6351,C1340,2026-07-23T21:53:46.571Z,711.59,CANCELLED
ORD-6352,C597,2026-08-12T08:17:15.870Z,924.02,PAID
ORD-6353,C150,2026-08-19T04:01:30.466Z,935.94,SHIPPED
ORD-6354,C1349,2026-07-18T06:05:30.445Z,200.01,PENDING
ORD-6355,C1662,2026-07-03T09:53:02.715Z,398.73,CANCELLED
ORD-6356,C1377,2026-07-25T05:31:21.102Z,628.92,PAID
ORD-6357,C427,2026-08-03T15:09:35.881Z,438.43,SHIPPED
ORD-6358,C945,2026-09-15T14:02:53.020Z,689.43,PENDING
ORD-6359,C866,2026-09-11T05:46:14.633Z,689.02,CANCELLED
ORD-6360,C1264,2026-08-26T20:53:57.477Z,739.29,PAID
ORD-6361,C743,2026-08-25T13:11:09.746Z,473.61,SHIPPED
ORD-6362,C1803,2026-07-18T18:25:41.913Z,534.35,PENDING
ORD-6363,C870,2026-08-05T09:13:08.246Z,604.39,CANCELLED
ORD-6364,C506,2026-09-26T13:01:51.264Z,911.62,PAID
ORD-6365,C1255,2026-08-25T20:42:21.351Z,26.61,SHIPPED
ORD-6366,C1263,2026-09-15T03:32:02.342Z,558.21,PENDING
ORD-6367,C1321,2026-08-20T10:41:11.634Z,423.06,CANCELLED
ORD-6368,C254,2026-09-17T04:29:08.067Z,990.19,PAID
ORD-6369,C1791,2026-09-30T01:11:33.487Z,802.90,SHIPPED
ORD-6370,C422,2026-09-03T05:18:56.884Z,480.45,PENDING
ORD-6371,C1608,2026-08-31T23:05:28.599Z,968.63,CANCELLED
ORD-6372,C1421,2026-09-10T12:49:34.746Z,761.41,PAID
ORD-6373,C1319,2026-08-21T12:14:02.232Z,452.68,SHIPPED
ORD-6374,C1044,2026-08-03T17:57:47.706Z,592.01,PENDING
ORD-6375,C1529,2026-08-01T15:33:09.264Z,85.53,CANCELLED
ORD-6376,C1312,2026-08-07T06:56:13.037Z,504.01,PAID
ORD-6377,C1949,2026-07-07T01:48:00.004Z,538.28,SHIPPED
ORD-6378,C1754,2026-09-23T10:53:15.719Z,820.47,PENDING
ORD-6379,C205,2026-09-19T13:37:21.648Z,88.11,CANCELLED
ORD-6380,C1336,2026-10-01T02:49:19.005Z,813.69,PAID
ORD-6381,C1000,2026-08-04T14:12:07.907Z,628.19,SHIPPED
ORD-6382,C1676,2026-09-05T16:24:32.634Z,764.87,PENDING
ORD-6383,C1132,2026-07-18T10:24:27.465Z,740.50,CANCELLED
ORD-6384,C1402,2026-09-22T15:03:31.883Z,134.37,PAID
ORD-6385,C116,2026-08-28T20:32:24.816Z,244.95,SHIPPED
ORD-6386,C122,2026-08-08T01:32:54.081Z,92.09,PENDING
ORD-6387,C765,2026-08-13T22:14:54.144Z,624.79,CANCELLED
ORD-6388,C52,2026-09-12T15:44:22.764Z,909.42,PAID
ORD-6389,C1855,2026-08-28T05:55:23.476Z,275.18,SHIPPED
ORD-6390,C1112,2026-08-26T16:50:22.643Z,235.42,PENDING
ORD-6391,C770,2026-09-21T14:10:43.099Z,307.58,CANCELLED
ORD-6392,C1498,2026-08-18T22:58:12.147Z,325.74,PAID
ORD-6393,C1919,2026-09-09T13:32:43.426Z,761.73,SHIPPED
ORD-6394,C592,2026-07-03T21:24:27.128Z,472.65,PENDING
ORD-6395,C93,2026-08-15T22:16:04.172Z,507.59,CANCELLED
ORD-6396,C1104,2026-09-10T23:12:49.946Z,600.55,PAID
ORD-6397,C1498,2026-08-20T10:10:37.158Z,418.75,SHIPPED
ORD-6398,C1728,2026-07-31T03:03:36.040Z,3.82,PENDING
ORD-6399,C1475,2026-07-21T06:59:17.120Z,513.75,CANCELLED
ORD-6400,C921,2026-07-22T05:08:39.482Z,59.46,PAID
ORD-6401,C1281,2026-07-11T09:27:05.371Z,621.18,SHIPPED
ORD-6402,C854,2026-07-06T08:53:53.165Z,558.06,PENDING
ORD-6403,C1750,2026-07-19T19:15:32.355Z,129.65,CANCELLED
ORD-6404,C261,2026-09-09T04:40:37.938Z,243.07,PAID
ORD-6405,C251,2026-07-18T19:47:29.758Z,719.16,SHIPPED
ORD-6406,C1056,2026-08-27T02:50:04.257Z,373.17,PENDING
ORD-6407,C907,2026-09-25T07:00:48.280Z,976.98,CANCELLED
ORD-6408,C813,2026-09-10T07:52:08.517Z,695.28,PAID
ORD-6409,C193,2026-09-06T18:09:58.807Z,216.83,SHIPPED
ORD-6410,C1183,2026-08-30T11:10:31.751Z,887.78,PENDING
ORD-6411,C1322,2026-08-21T22:05:18.244Z,491.95,CANCELLED
ORD-6412,C1103,2026-07-29T02:09:45.786Z,986.55,PAID
ORD-6413,C656,2026-08-17T04:41:43.232Z,774.38,SHIPPED
ORD-6414,C1742,2026-08-29T02:43:03.945Z,951.38,PENDING
ORD-6415,C1355,2026-07-09T14:09:12.703Z,693.59,CANCELLED
ORD-6416,C668,2026-08-25T21:59:33.120Z,557.80,PAID
ORD-6417,C1527,2026-07-18T15:38:08.628Z,969.54,SHIPPED
ORD-6418,C971,2026-08-09T21:00:42.784Z,716.37,PENDING
ORD-6419,C941,2026-09-10T07:56:15.747Z,258.76,CANCELLED
ORD-6420,C1114,2026-07-30T05:33:03.825Z,492.74,PAID
ORD-6421,C360,2026-08-16T16:33:59.509Z,579.45,SHIPPED
ORD-6422,C1599,2026-08-28T12:08:33.904Z,340.02,PENDING
ORD-6423,C907,2026-07-10T02:44:25.770Z,325.44,CANCELLED
ORD-6424,C1065,2026-09-27T03:27:54.525Z,131.74,PAID
ORD-6425,C1022,2026-09-28T17:12:47.773Z,759.19,SHIPPED
ORD-6426,C1679,2026-07-16T10:02:23.965Z,551.99,PENDING
ORD-6427,C681,2026-07-25T14:00:04.407Z,174.86,CANCELLED
ORD-6428,C1724,2026-09-20T20:20:48.790Z,139.46,PAID
ORD-6429,C1294,2026-09-02T20:12:48.332Z,409.37,SHIPPED
ORD-6430,C898,2026-09-10T07:06:47.420Z,502.69,PENDING
ORD-6431,C1725,2026-07-18T05:16:45.896Z,613.23,CANCELLED
ORD-6432,C926,2026-09-15T01:40:05.288Z,37.75,PAID
ORD-6433,C1541,2026-09-23T16:57:45.429Z,840.94,SHIPPED
ORD-6434,C778,2026-07-06T11:57:50.393Z,732.26,PENDING
ORD-6435,C808,2026-08-14T01:55:45.816Z,187.48,CANCELLED
ORD-6436,C162,2026-08-17T01:30:02.719Z,170.12,PAID
ORD-6437,C782,2026-09-30T06:08:59.359Z,330.92,SHIPPED
ORD-6438,C1843,2026-07-11T00:07:38.576Z,840.48,PENDING
ORD-6439,C632,2026-07-22T07:15:06.690Z,864.92,CANCELLED
ORD-6440,C157,2026-08-28T17:31:10.384Z,974.06,PAID
ORD-6441,C1220,2026-07-17T19:03:17.560Z,152.58,SHIPPED
ORD-6442,C344,2026-07-26T09:30:12.662Z,518.73,PENDING
ORD-6443,C1810,2026-08-29T10:18:48.707Z,458.55,CANCELLED
ORD-6444,C1306,2026-07-16T14:22:07.989Z,87.97,PAID
ORD-6445,C619,2026-07-07T09:43:31.141Z,86.08,SHIPPED
ORD-6446,C521,2026-08-01T10:32:04.445Z,758.94,PENDING
ORD-6447,C1215,2026-08-22T17:07:15.394Z,644.26,CANCELLED
ORD-6448,C763,2026-08-05T04:24:22.102Z,190.03,PAID
ORD-6449,C233,2026-09-25T09:13:29.103Z,517.45,SHIPPED
ORD-6450,C1674,2026-08-21T01:01:26.483Z,109.18,PENDING
ORD-6451,C90,2026-09-25T13:40:21.828Z,436.55,CANCELLED
ORD-6452,C265,2026-09-16T23:36:26.612Z,459.25,PAID
ORD-6453,C144,2026-07-20T05:03:32.749Z,832.60,SHIPPED
ORD-6454,C824,2026-08-20T02:22:17.429Z,468.09,PENDING
ORD-6455,C1608,2026-07-20T23:15:58.148Z,343.80,CANCELLED
ORD-6456,C1130,2026-08-12T12:25:21.357Z,523.44,PAID
ORD-6457,C1690,2026-07-15T14:55:35.152Z,650.05,SHIPPED
ORD-6458,C1044,2026-08-30T12:14:29.879Z,790.89,PENDING
ORD-6459,C746,2026-08-05T00:50:51.530Z,116.32,CANCELLED
ORD-6460,C1772,2026-08-02T08:02:07.151Z,645.52,PAID
ORD-6461,C1672,2026-09-21T02:25:18.368Z,601.72,SHIPPED
ORD-6462,C1876,2026-08-26T03:16:35.931Z,452.11,PENDING
ORD-6463,C1356,2026-07-15T10:03:44.195Z,801.67,CANCELLED
ORD-6464,C1387,2026-09-24T18:02:20.786Z,298.11,PAID
ORD-6465,C1317,2026-09-07T00:24:15.715Z,871.44,SHIPPED
ORD-6466,C1392,2026-09-03T19:54:05.727Z,413.61,PENDING
ORD-6467,C829,2026-09-10T22:26:39.213Z,944.68,CANCELLED
ORD-6468,C1818,2026-07-07T17:02:54.916Z,295.58,PAID
ORD-6469,C1251,2026-08-25T10:21:00.108Z,67.56,SHIPPED
ORD-6470,C382,2026-07-28T12:06:15.627Z,151.35,PENDING
ORD-6471,C958,2026-08-15T17:43:41.755Z,105.84,CANCELLED
ORD-6472,C1143,2026-08-19T12:36:44.577Z,719.10,PAID
ORD-6473,C385,2026-09-21T06:27:18.302Z,99.27,SHIPPED
ORD-6474,C1765,2026-07-07T03:14:37.073Z,475.18,PENDING
ORD-6475,C518,2026-07-12T08:38:46.237Z,16.96,CANCELLED
ORD-6476,C1794,2026-09-17T04:38:42.462Z,158.53,PAID
ORD-6477,C1306,2026-07-16T04:52:14.530Z,125.95,SHIPPED
ORD-6478,C1977,2026-07-12T15:13:09.636Z,409.89,PENDING
ORD-6479,C1080,2026-09-11T04:32:49.708Z,143.25,CANCELLED
ORD-6480,C1625,2026-07-25T23:07:33.284Z,124.44,PAID
ORD-6481,C619,2026-08-31T23:10:23.240Z,397.92,SHIPPED
ORD-6482,C614,2026-07-13T14:03:47.233Z,49.27,PENDING
ORD-6483,C871,2026-09-11T02:02:09.418Z,727.32,CANCELLED
ORD-6484,C307,2026-09-12T07:10:47.469Z,958.60,PAID
ORD-6485,C1757,2026-09-29T09:54:10.888Z,729.74,SHIPPED
ORD-6486,C1770,2026-08-16T18:05:38.154Z,926.17,PENDING
ORD-6487,C413,2026-07-09T08:15:33.848Z,941.27,CANCELLED
ORD-6488,C1620,2026-09-24T09:39:44.788Z,937.19,PAID
ORD-6489,C739,2026-08-25T04:09:39.115Z,0.81,SHIPPED
ORD-6490,C814,2026-09-30T21:29:55.099Z,733.33,PENDING
ORD-6491,C662,2026-08-20T06:12:15.585Z,445.04,CANCELLED
ORD-6492,C127,2026-07-17T00:17:19.863Z,789.38,PAID
ORD-6493,C1648,2026-07-16T04:04:01.976Z,610.30,SHIPPED
ORD-6494,C571,2026-09-20T10:40:34.652Z,148.17,PENDING
ORD-6495,C635,2026-09-27T12:36:51.973Z,244.75,CANCELLED
ORD-6496,C79,2026-08-23T19:30:17.345Z,373.00,PAID
ORD-6497,C1080,2026-07-14T14:38:57.011Z,277.14,SHIPPED
ORD-6498,C1105,2026-08-31T06:32:17.595Z,405.41,PENDING
ORD-6499,C1706,2026-08-27T14:29:07.386Z,838.17,CANCELLED
ORD-6500,C1336,2026-08-13T12:13:27.175Z,656.67,PAID
ORD-6501,C244,2026-07-22T02:05:20.742Z,711.36,SHIPPED
ORD-6502,C646,2026-07-20T19:08:34.834Z,270.69,PENDING
ORD-6503,C164,2026-07-19T10:25:03.870Z,6.66,CANCELLED
ORD-6504,C412,2026-07-10T13:31:10.569Z,670.91,PAID
ORD-6505,C23,2026-08-26T19:35:51.316Z,761.18,SHIPPED
ORD-6506,C1946,2026-08-24T05:58:36.355Z,143.19,PENDING
ORD-6507,C622,2026-09-09T12:42:14.333Z,259.31,CANCELLED
ORD-6508,C1736,2026-09-20T09:28:00.000Z,790.85,PAID
ORD-6509,C1658,2026-07-09T17:05:05.111Z,949.93,SHIPPED
ORD-6510,C492,2026-09-17T18:00:00.628Z,641.18,PENDING
ORD-6511,C1800,2026-09-07T18:05:35.703Z,271.67,CANCELLED
ORD-6512,C472,2026-08-13T04:22:21.978Z,353.58,PAID
ORD-6513,C425,2026-08-29T06:15:43.786Z,620.80,SHIPPED
ORD-6514,C1494,2026-09-04T17:32:17.943Z,886.70,PENDING
ORD-6515,C521,2026-08-06T03:04:07.782Z,14.88,CANCELLED
ORD-6516,C150,2026-08-27T07:36:33.933Z,889.47,PAID
ORD-6517,C16,2026-07-14T16:43:17.095Z,75.23,SHIPPED
ORD-6518,C909,2026-09-27T07:54:35.343Z,157.74,PENDING
ORD-6519,C126,2026-08-22T23:38:52.097Z,390.64,CANCELLED
ORD-6520,C498,2026-07-30T16:18:26.742Z,439.45,PAID
ORD-6521,C167,2026-09-30T10:04:05.915Z,78.92,SHIPPED
ORD-6522,C1288,2026-09-14T08:42:22.118Z,637.14,PENDING
ORD-6523,C499,2026-08-15T08:12:03.574Z,399.00,CANCELLED
ORD-6524,C630,2026-09-13T19:09:55.094Z,246.75,PAID
ORD-6525,C1801,2026-09-15T12:50:17.141Z,433.37,SHIPPED
ORD-6526,C131,2026-09-21T01:38:55.635Z,891.23,PENDING
ORD-6527,C965,2026-07-25T23:08:58.754Z,493.78,CANCELLED
ORD-6528,C24,2026-07-26T09:39:51.968Z,767.04,PAID
ORD-6529,C461,2026-09-13T17:26:44.234Z,519.64,SHIPPED
ORD-6530,C1812,2026-08-08T05:23:14.934Z,548.03,PENDING
ORD-6531,C444,2026-08-02T17:18:56.329Z,230.43,CANCELLED
ORD-6532,C1308,2026-07-17T17:54:27.355Z,764.69,PAID
ORD-6533,C1264,2026-08-04T07:50:49.577Z,226.37,SHIPPED
ORD-6534,C1912,2026-09-15T17:28:29.190Z,278.21,PENDING
ORD-6535,C106,2026-08-05T11:08:25.634Z,372.13,CANCELLED
ORD-6536,C106,2026-09-21T05:32:36.151Z,237.15,PAID
ORD-6537,C486,2026-09-06T03:38:35.443Z,231.93,SHIPPED
ORD-6538,C891,2026-09-05T01:52:04.916Z,327.87,PENDING
ORD-6539,C106,2026-07-26T10:22:45.125Z,847.85,CANCELLED
ORD-6540,C1795,2026-09-21T13:45:07.214Z,826.38,PAID
ORD-6541,C66,2026-09-01T03:33:16.096Z,344.82,SHIPPED
ORD-6542,C1700,2026-08-24T15:12:14.770Z,35.57,PENDING
ORD-6543,C1556,2026-07-18T16:30:49.135Z,647.60,CANCELLED
ORD-6544,C603,2026-08-03T08:40:48.534Z,780.39,PAID
ORD-6545,C1077,2026-08-23T19:08:26.806Z,934.17,SHIPPED
ORD-6546,C603,2026-09-01T21:05:07.660Z,63.32,PENDING
ORD-6547,C1269,2026-08-29T11:46:49.948Z,992.46,CANCELLED
ORD-6548,C1899,2026-08-15T19:50:15.769Z,130.08,PAID
ORD-6549,C1837,2026-07-21T15:39:08.256Z,465.60,SHIPPED
ORD-6550,C196,2026-09-27T10:07:26.322Z,339.28,PENDING
ORD-6551,C13,2026-08-22T23:21:37.709Z,588.43,CANCELLED
ORD-6552,C156,2026-09-05T19:28:07.317Z,90.37,PAID
ORD-6553,C1806,2026-07-23T13:44:26.684Z,354.74,SHIPPED
ORD-6554,C288,2026-07-18T12:51:27.472Z,50.97,PENDING
ORD-6555,C1642,2026-08-13T15:02:27.901Z,683.04,CANCELLED
ORD-6556,C501,2026-09-30T05:37:59.280Z,485.21,PAID
ORD-6557,C250,2026-09-28T20:44:49.756Z,846.39,SHIPPED
ORD-6558,C287,2026-09-25T08:32:39.410Z,184.94,PENDING
ORD-6559,C174,2026-08-10T13:16:36.228Z,928.22,CANCELLED
ORD-6560,C987,2026-09-16T03:16:25.233Z,168.31,PAID
ORD-6561,C661,2026-07-15T06:28:43.886Z,664.35,SHIPPED
ORD-6562,C306,2026-07-06T13:19:06.055Z,998.05,PENDING
ORD-6563,C459,2026-08-03T10:05:12.511Z,753.85,CANCELLED
ORD-6564,C1117,2026-09-02T10:52:28.667Z,553.09,PAID
ORD-6565,C406,2026-08-19T21:22:09.175Z,492.04,SHIPPED
ORD-6566,C1836,2026-08-03T11:37:38.763Z,867.82,PENDING
ORD-6567,C1295,2026-08-08T05:32:51.602Z,673.36,CANCELLED
ORD-6568,C308,2026-08-20T08:44:11.987Z,262.59,PAID
ORD-6569,C82,2026-09-20T18:54:26.647Z,86.58,SHIPPED
ORD-6570,C233,2026-07-06T23:24:47.496Z,247.13,PENDING
ORD-6571,C1273,2026-08-09T09:35:08.444Z,896.18,CANCELLED
ORD-6572,C740,2026-07-07T15:32:45.696Z,817.88,PAID
ORD-6573,C585,2026-09-10T09:04:21.212Z,789.49,SHIPPED
ORD-6574,C741,2026-08-31T03:36:40.504Z,482.34,PENDING
ORD-6575,C214,2026-07-09T02:21:59.787Z,638.41,CANCELLED
ORD-6576,C700,2026-08-23T08:04:31.653Z,223.20,PAID
ORD-6577,C678,2026-09-23T20:01:43.223Z,904.76,SHIPPED
ORD-6578,C596,2026-08-22T12:51:30.591Z,880.29,PENDING
ORD-6579,C817,2026-08-21T10:47:14.622Z,277.35,CANCELLED
ORD-6580,C1232,2026-07-16T21:32:13.977Z,603.64,PAID
ORD-6581,C1871,2026-08-08T17:56:44.307Z,555.39,SHIPPED
ORD-6582,C50,2026-08-23T03:43:51.490Z,576.58,PENDING
ORD-6583,C106,2026-07-07T17:41:21.674Z,245.74,CANCELLED
ORD-6584,C845,2026-07-31T12:22:45.950Z,511.01,PAID
ORD-6585,C825,2026-07-12T18:54:44.407Z,136.45,SHIPPED
ORD-6586,C914,2026-09-04T01:52:52.805Z,30.97,PENDING
ORD-6587,C282,2026-09-09T05:11:28.294Z,944.99,CANCELLED
ORD-6588,C73,2026-07-28T19:54:43.523Z,260.68,PAID
ORD-6589,C1412,2026-09-02T16:48:20.964Z,37.14,SHIPPED
ORD-6590,C488,2026-09-21T10:27:59.970Z,540.63,PENDING
ORD-6591,C1775,2026-09-17T22:12:04.742Z,394.45,CANCELLED
ORD-6592,C543,2026-07-05T09:13:54.457Z,542.34,PAID
ORD-6593,C1181,2026-08-20T05:46:37.539Z,263.09,SHIPPED
ORD-6594,C1033,2026-09-01T07:32:15.402Z,849.25,PENDING
ORD-6595,C1647,2026-08-14T18:18:37.682Z,544.16,CANCELLED
ORD-6596,C723,2026-08-11T16:38:00.754Z,173.22,PAID
ORD-6597,C1965,2026-08-16T15:54:49.155Z,346.14,SHIPPED
ORD-6598,C71,2026-07-04T12:25:41.807Z,431.21,PENDING
ORD-6599,C1223,2026-08-15T07:51:53.536Z,533.38,CANCELLED
ORD-6600,C1343,2026-07-06T19:46:15.630Z,598.93,PAID
ORD-6601,C66,2026-08-26T03:01:20.159Z,137.73,SHIPPED
ORD-6602,C40,2026-07-09T10:05:54.680Z,919.75,PENDING
ORD-6603,C690,2026-08-30T15:27:49.592Z,596.39,CANCELLED
ORD-6604,C478,2026-07-24T16:27:47.602Z,431.04,PAID
ORD-6605,C1842,2026-09-09T01:22:25.373Z,879.07,SHIPPED
ORD-6606,C1928,2026-08-27T11:00:01.214Z,673.26,PENDING
ORD-6607,C1505,2026-09-21T23:24:07.037Z,761.06,CANCELLED
ORD-6608,C1171,2026-07-20T18:43:41.083Z,196.18,PAID
ORD-6609,C1898,2026-08-20T01:09:47.226Z,101.58,SHIPPED
ORD-6610,C1898,2026-07-09T16:57:29.905Z,407.07,PENDING
ORD-6611,C1792,2026-09-05T18:59:31.522Z,812.58,CANCELLED
ORD-6612,C1480,2026-07-15T14:24:15.084Z,102.13,PAID
ORD-6613,C1033,2026-09-03T20:34:46.722Z,903.43,SHIPPED
ORD-6614,C1960,2026-08-11T00:18:50.153Z,163.64,PENDING
ORD-6615,C1308,2026-08-13T07:36:10.766Z,365.16,CANCELLED
ORD-6616,C9,2026-07-14T15:13:25.573Z,739.92,PAID
ORD-6617,C1611,2026-08-05T07:28:08.039Z,722.04,SHIPPED
ORD-6618,C1269,2026-09-04T07:14:26.575Z,64.26,PENDING
ORD-6619,C1660,2026-07-23T22:33:59.749Z,517.27,CANCELLED
ORD-6620,C439,2026-09-20T05:16:43.619Z,248.62,PAID
ORD-6621,C529,2026-09-07T00:13:43.148Z,650.08,SHIPPED
ORD-6622,C1416,2026-09-16T18:46:39.569Z,339.90,PENDING
ORD-6623,C1344,2026-08-04T02:01:34.855Z,756.89,CANCELLED
ORD-6624,C622,2026-09-11T04:12:43.845Z,226.38,PAID
ORD-6625,C1154,2026-09-28T00:56:59.333Z,410.94,SHIPPED
ORD-6626,C35,2026-07-04T16:13:41.209Z,849.90,PENDING
ORD-6627,C574,2026-09-03T01:25:46.071Z,396.72,CANCELLED
ORD-6628,C1977,2026-08-31T20:19:58.021Z,610.47,PAID
ORD-6629,C1827,2026-08-06T05:33:46.736Z,456.50,SHIPPED
ORD-6630,C1405,2026-08-18T22:26:02.011Z,522.48,PENDING
ORD-6631,C817,2026-08-12T10:05:00.654Z,286.35,CANCELLED
ORD-6632,C1604,2026-08-09T19:21:29.770Z,608.40,PAID
ORD-6633,C868,2026-09-28T09:32:37.608Z,818.65,SHIPPED
ORD-6634,C866,2026-08-13T08:40:35.135Z,92.54,PENDING
ORD-6635,C498,2026-09-14T08:24:30.159Z,112.60,CANCELLED
ORD-6636,C1043,2026-08-11T03:44:47.049Z,961.19,PAID
ORD-6637,C912,2026-09-02T21:37:48.544Z,755.18,SHIPPED
ORD-6638,C1193,2026-07-09T06:02:35.869Z,861.31,PENDING
ORD-6639,C1877,2026-09-18T17:59:02.326Z,465.21,CANCELLED
ORD-6640,C1257,2026-09-15T13:42:18.234Z,144.09,PAID
ORD-6641,C1596,2026-09-25T01:48:49.257Z,874.43,SHIPPED
ORD-6642,C1585,2026-08-16T00:13:17.431Z,64.73,PENDING
ORD-6643,C650,2026-08-03T18:12:41.692Z,784.34,CANCELLED
ORD-6644,C22,2026-08-07T14:51:11.721Z,668.47,PAID
ORD-6645,C236,2026-09-21T09:56:06.227Z,931.91,SHIPPED
ORD-6646,C1557,2026-07-06T01:10:14.894Z,211.33,PENDING
ORD-6647,C251,2026-09-22T09:18:28.003Z,608.35,CANCELLED
ORD-6648,C827,2026-09-06T01:07:26.475Z,147.84,PAID
ORD-6649,C628,2026-07-25T11:04:13.984Z,175.33,SHIPPED
ORD-6650,C669,2026-09-23T02:44:36.602Z,235.52,PENDING
ORD-6651,C1168,2026-08-02T13:15:32.000Z,507.55,CANCELLED
ORD-6652,C427,2026-09-12T04:59:59.872Z,679.33,PAID
ORD-6653,C877,2026-09-22T03:34:21.840Z,39.40,SHIPPED
ORD-6654,C1446,2026-07-11T07:32:38.115Z,498.93,PENDING
ORD-6655,C1633,2026-08-03T03:48:41.622Z,471.31,CANCELLED
ORD-6656,C77,2026-07-18T02:58:20.133Z,164.44,PAID
ORD-6657,C123,2026-08-09T12:20:49.569Z,304.01,SHIPPED
ORD-6658,C1673,2026-09-07T20:52:43.821Z,604.96,PENDING
ORD-6659,C1040,2026-09-15T00:00:02.762Z,130.99,CANCELLED
ORD-6660,C984,2026-09-06T06:46:21.083Z,804.13,PAID
ORD-6661,C108,2026-07-23T11:09:38.605Z,522.77,SHIPPED
ORD-6662,C1553,2026-07-23T06:04:46.221Z,722.53,PENDING
ORD-6663,C905,2026-08-14T07:25:17.253Z,474.26,CANCELLED
ORD-6664,C1301,2026-09-11T17:51:44.276Z,262.79,PAID
ORD-6665,C716,2026-09-11T00:43:05.384Z,545.53,SHIPPED
ORD-6666,C1976,2026-07-07T20:16:51.553Z,319.85,PENDING
ORD-6667,C812,2026-08-29T10:41:24.703Z,863.71,CANCELLED
ORD-6668,C1903,2026-09-22T23:05:06.385Z,557.04,PAID
ORD-6669,C1004,2026-08-11T19:05:18.352Z,701.84,SHIPPED
ORD-6670,C1519,2026-08-03T18:25:26.494Z,787.44,PENDING
ORD-6671,C39,2026-08-17T13:46:20.355Z,898.12,CANCELLED
ORD-6672,C213,2026-07-20T04:51:31.069Z,792.19,PAID
ORD-6673,C421,2026-08-13T17:24:36.843Z,750.07,SHIPPED
ORD-6674,C96,2026-09-15T12:01:23.352Z,214.96,PENDING
ORD-6675,C72,2026-07-31T09:20:28.077Z,414.90,CANCELLED
ORD-6676,C1270,2026-09-30T05:45:02.100Z,964.40,PAID
ORD-6677,C1841,2026-08-19T23:26:18.668Z,248.17,SHIPPED
ORD-6678,C1400,2026-07-10T05:46:12.541Z,694.06,PENDING
ORD-6679,C296,2026-08-21T04:53:54.876Z,85.81,CANCELLED
ORD-6680,C275,2026-08-13T03:44:43.141Z,402.66,PAID
ORD-6681,C1905,2026-07-31T06:07:23.183Z,543.51,SHIPPED
ORD-6682,C1562,2026-08-21T02:28:10.439Z,137.67,PENDING
ORD-6683,C1999,2026-09-05T19:33:49.574Z,586.92,CANCELLED
ORD-6684,C720,2026-09-04T00:09:13.363Z,654.37,PAID
ORD-6685,C206,2026-07-11T02:41:27.512Z,605.32,SHIPPED
ORD-6686,C1591,2026-08-03T20:16:41.501Z,568.39,PENDING
ORD-6687,C1816,2026-07-26T23:44:10.948Z,474.25,CANCELLED
ORD-6688,C322,2026-08-12T17:00:59.836Z,629.60,PAID
ORD-6689,C60,2026-08-10T20:19:37.136Z,305.77,SHIPPED
ORD-6690,C625,2026-08-08T02:34:50.378Z,42.60,PENDING
ORD-6691,C1568,2026-09-29T11:01:14.209Z,664.92,CANCELLED
ORD-6692,C1989,2026-08-19T15:42:46.945Z,211.28,PAID
ORD-6693,C734,2026-09-21T21:20:19.234Z,944.99,SHIPPED
ORD-6694,C1684,2026-09-14T01:21:31.481Z,163.99,PENDING
ORD-6695,C1287,2026-07-06T04:32:26.529Z,979.21,CANCELLED
ORD-6696,C797,2026-09-14T09:40:19.124Z,127.95,PAID
ORD-6697,C138,2026-09-11T10:58:58.261Z,114.79,SHIPPED
ORD-6698,C1044,2026-08-31T23:44:00.540Z,265.92,PENDING
ORD-6699,C360,2026-09-17T04:51:23.014Z,903.55,CANCELLED
ORD-6700,C1915,2026-08-02T19:42:24.544Z,752.05,PAID
ORD-6701,C1334,2026-07-29T23:09:53.679Z,770.84,SHIPPED
ORD-6702,C286,2026-07-07T16:18:17.677Z,190.31,PENDING
ORD-6703,C1938,2026-08-07T19:30:41.557Z,742.09,CANCELLED
ORD-6704,C1985,2026-09-27T04:26:39.354Z,376.75,PAID
ORD-6705,C1056,2026-08-20T03:04:15.296Z,308.98,SHIPPED
ORD-6706,C671,2026-08-28T21:21:53.145Z,446.09,PENDING
ORD-6707,C411,2026-07-13T21:09:59.720Z,279.49,CANCELLED
ORD-6708,C389,2026-08-05T17:04:17.571Z,621.74,PAID
ORD-6709,C576,2026-09-20T05:32:45.675Z,29.27,SHIPPED
ORD-6710,C765,2026-08-14T16:28:50.316Z,102.98,PENDING
ORD-6711,C1148,2026-09-07T07:49:37.545Z,724.42,CANCELLED
ORD-6712,C209,2026-07-06T11:41:42.566Z,787.91,PAID
ORD-6713,C279,2026-08-11T13:50:55.437Z,696.51,SHIPPED
ORD-6714,C8,2026-09-24T06:20:56.097Z,756.22,PENDING
ORD-6715,C1866,2026-07-27T16:30:01.599Z,768.06,CANCELLED
ORD-6716,C1663,2026-08-27T21:52:06.837Z,413.45,PAID
ORD-6717,C1651,2026-07-10T00:35:34.315Z,970.13,SHIPPED
ORD-6718,C1420,2026-09-26T17:53:22.832Z,621.22,PENDING
ORD-6719,C572,2026-08-29T21:21:55.886Z,295.21,CANCELLED
ORD-6720,C1110,2026-07-11T07:22:23.694Z,767.64,PAID
ORD-6721,C1300,2026-09-15T11:28:24.928Z,160.29,SHIPPED
ORD-6722,C1220,2026-08-30T16:31:50.027Z,566.90,PENDING
ORD-6723,C1849,2026-08-31T08:53:31.422Z,212.21,CANCELLED
ORD-6724,C1849,2026-09-20T12:40:44.656Z,390.86,PAID
ORD-6725,C451,2026-09-16T08:22:56.582Z,733.01,SHIPPED
ORD-6726,C1785,2026-09-08T16:52:35.876Z,123.96,PENDING
ORD-6727,C1623,2026-07-11T11:13:41.350Z,898.76,CANCELLED
ORD-6728,C1186,2026-09-05T19:05:23.350Z,53.71,PAID
ORD-6729,C991,2026-07-03T18:02:34.310Z,841.42,SHIPPED
ORD-6730,C880,2026-08-12T19:44:17.639Z,524.59,PENDING
ORD-6731,C1303,2026-08-17T11:06:50.601Z,233.67,CANCELLED
ORD-6732,C137,2026-08-13T09:38:46.650Z,30.01,PAID
ORD-6733,C888,2026-07-22T21:32:27.638Z,931.13,SHIPPED
ORD-6734,C6,2026-07-21T05:58:48.311Z,927.55,PENDING
ORD-6735,C394,2026-09-21T17:43:16.833Z,2.39,CANCELLED
ORD-6736,C1640,2026-09-11T09:13:42.922Z,41.96,PAID
ORD-6737,C1281,2026-09-10T10:21:46.318Z,834.08,SHIPPED
ORD-6738,C58,2026-07-15T20:47:02.317Z,486.10,PENDING
ORD-6739,C1968,2026-07-20T10:46:25.373Z,283.23,CANCELLED
ORD-6740,C424,2026-07-22T21:27:00.444Z,375.93,PAID
ORD-6741,C1632,2026-07-25T11:38:27.475Z,875.90,SHIPPED
ORD-6742,C876,2026-09-15T07:50:24.208Z,707.56,PENDING
ORD-6743,C1556,2026-08-07T06:29:44.440Z,908.69,CANCELLED
ORD-6744,C555,2026-07-25T10:44:36.985Z,586.87,PAID
ORD-6745,C164,2026-07-11T12:08:24.501Z,692.83,SHIPPED
ORD-6746,C1738,2026-08-02T11:55:38.839Z,950.10,PENDING
ORD-6747,C180,2026-07-11T15:59:22.176Z,577.25,CANCELLED
ORD-6748,C1161,2026-07-08T18:41:55.129Z,935.41,PAID
ORD-6749,C1986,2026-09-13T19:01:52.976Z,400.67,SHIPPED
ORD-6750,C408,2026-09-23T13:58:47.924Z,79.19,PENDING
ORD-6751,C577,2026-07-26T20:58:50.400Z,513.82,CANCELLED
ORD-6752,C455,2026-09-27T21:09:50.953Z,63.40,PAID
ORD-6753,C1305,2026-07-28T17:48:31.375Z,699.40,SHIPPED
ORD-6754,C1636,2026-09-03T14:04:35.736Z,634.22,PENDING
ORD-6755,C1605,2026-07-07T06:29:17.323Z,797.06,CANCELLED
ORD-6756,C54,2026-07-17T12:45:25.310Z,906.84,PAID
ORD-6757,C241,2026-08-30T17:05:22.704Z,315.25,SHIPPED
ORD-6758,C1570,2026-09-07T10:22:53.969Z,250.06,PENDING
ORD-6759,C1515,2026-09-29T23:27:24.398Z,79.90,CANCELLED
ORD-6760,C1672,2026-08-22T06:35:38.446Z,298.09,PAID
ORD-6761,C1475,2026-07-11T09:58:03.015Z,652.84,SHIPPED
ORD-6762,C577,2026-07-15T01:09:45.117Z,819.68,PENDING
ORD-6763,C595,2026-08-05T23:08:19.425Z,896.30,CANCELLED
ORD-6764,C1812,2026-07-16T19:34:23.182Z,956.86,PAID
ORD-6765,C1290,2026-08-14T07:21:22.186Z,755.98,SHIPPED
ORD-6766,C256,2026-07-11T11:30:47.677Z,24.57,PENDING
ORD-6767,C1816,2026-08-27T11:29:03.834Z,274.46,CANCELLED
ORD-6768,C546,2026-09-21T23:23:31.221Z,704.33,PAID
ORD-6769,C1143,2026-07-27T02:58:42.602Z,819.59,SHIPPED
ORD-6770,C1319,2026-08-24T15:44:46.824Z,608.71,PENDING
ORD-6771,C365,2026-10-01T03:12:00.752Z,694.26,CANCELLED
ORD-6772,C584,2026-09-24T20:03:08.331Z,376.06,PAID
ORD-6773,C640,2026-08-01T16:55:41.474Z,671.31,SHIPPED
ORD-6774,C1999,2026-09-10T06:09:43.832Z,30.49,PENDING
ORD-6775,C1422,2026-08-29T15:43:18.176Z,480.51,CANCELLED
ORD-6776,C696,2026-09-13T17:30:54.088Z,184.03,PAID
ORD-6777,C1243,2026-07-08T04:09:08.395Z,687.12,SHIPPED
ORD-6778,C1311,2026-09-28T23:36:52.825Z,301.48,PENDING
ORD-6779,C1399,2026-07-15T07:00:03.320Z,357.33,CANCELLED
ORD-6780,C992,2026-08-27T19:38:03.670Z,798.13,PAID
ORD-6781,C1916,2026-09-01T08:25:30.807Z,889.78,SHIPPED
ORD-6782,C542,2026-07-08T22:32:15.976Z,409.17,PENDING
ORD-6783,C1857,2026-08-21T00:50:24.824Z,92.78,CANCELLED
ORD-6784,C454,2026-07-30T12:05:57.519Z,961.98,PAID
ORD-6785,C1509,2026-08-14T13:23:06.962Z,863.55,SHIPPED
ORD-6786,C929,2026-08-01T20:35:16.161Z,925.02,PENDING
ORD-6787,C1217,2026-09-21T09:16:16.734Z,300.93,CANCELLED
ORD-6788,C885,2026-07-07T02:52:44.727Z,711.04,PAID
ORD-6789,C1294,2026-08-29T19:30:24.305Z,964.78,SHIPPED
ORD-6790,C539,2026-08-17T02:40:51.524Z,922.91,PENDING
ORD-6791,C1304,2026-09-19T03:24:36.572Z,26.51,CANCELLED
ORD-6792,C514,2026-07-28T04:37:17.468Z,878.02,PAID
ORD-6793,C1593,2026-08-03T01:47:12.395Z,442.53,SHIPPED
ORD-6794,C1664,2026-09-21T18:39:11.566Z,659.21,PENDING
ORD-6795,C1755,2026-09-26T08:39:09.570Z,142.28,CANCELLED
ORD-6796,C871,2026-07-06T17:48:50.733Z,390.54,PAID
ORD-6797,C1680,2026-09-05T01:48:43.777Z,987.50,SHIPPED
ORD-6798,C1048,2026-09-03T12:36:09.725Z,580.51,PENDING
ORD-6799,C1522,2026-08-30T04:12:00.028Z,978.05,CANCELLED
ORD-6800,C1240,2026-09-06T01:35:33.167Z,23.08,PAID
ORD-6801,C1552,2026-07-04T04:33:04.301Z,781.48,SHIPPED
ORD-6802,C1275,2026-07-15T09:57:13.293Z,963.68,PENDING
ORD-6803,C1966,2026-08-28T07:45:42.022Z,132.67,CANCELLED
ORD-6804,C328,2026-09-20T01:08:00.810Z,805.62,PAID
ORD-6805,C271,2026-08-21T23:23:37.620Z,496.98,SHIPPED
ORD-6806,C1028,2026-09-13T23:04:14.853Z,463.38,PENDING
ORD-6807,C1648,2026-09-26T19:29:46.759Z,931.35,CANCELLED
ORD-6808,C193,2026-08-30T09:21:18.347Z,982.05,PAID
ORD-6809,C255,2026-07-28T22:59:29.067Z,266.25,SHIPPED
ORD-6810,C901,2026-08-02T17:46:41.632Z,199.96,PENDING
ORD-6811,C1160,2026-09-25T22:04:42.204Z,560.67,CANCELLED
ORD-6812,C1673,2026-08-12T20:31:06.672Z,631.61,PAID
ORD-6813,C149,2026-08-05T02:38:54.907Z,811.92,SHIPPED
ORD-6814,C245,2026-09-17T11:47:40.573Z,367.97,PENDING
ORD-6815,C47,2026-08-22T09:16:32.423Z,813.67,CANCELLED
ORD-6816,C1431,2026-07-18T09:05:01.745Z,343.37,PAID
ORD-6817,C1515,2026-07-15T23:28:06.695Z,855.12,SHIPPED
ORD-6818,C1560,2026-07-03T21:47:38.118Z,4.80,PENDING
ORD-6819,C645,2026-07-18T11:50:20.501Z,679.53,CANCELLED
ORD-6820,C1409,2026-08-11T05:24:32.041Z,856.29,PAID
ORD-6821,C484,2026-09-14T02:30:00.052Z,159.98,SHIPPED
ORD-6822,C612,2026-09-23T22:05:13.462Z,313.49,PENDING
ORD-6823,C67,2026-07-17T15:53:13.167Z,613.39,CANCELLED
ORD-6824,C1494,2026-08-20T01:41:45.482Z,353.56,PAID
ORD-6825,C1738,2026-07-16T02:08:20.250Z,207.78,SHIPPED
ORD-6826,C1597,2026-08-04T11:50:58.802Z,802.06,PENDING
ORD-6827,C1238,2026-08-25T22:15:49.508Z,192.39,CANCELLED
ORD-6828,C836,2026-08-28T02:57:51.799Z,835.89,PAID
ORD-6829,C733,2026-08-20T08:35:10.625Z,210.73,SHIPPED
ORD-6830,C843,2026-07-09T14:55:13.221Z,296.31,PENDING
ORD-6831,C1771,2026-07-30T09:34:49.435Z,282.54,CANCELLED
ORD-6832,C1552,2026-09-21T08:37:29.898Z,49.83,PAID
ORD-6833,C9,2026-09-08T14:15:29.338Z,905.43,SHIPPED
ORD-6834,C1396,2026-08-11T18:58:23.674Z,324.86,PENDING
ORD-6835,C1577,2026-09-30T00:13:17.419Z,272.17,CANCELLED
ORD-6836,C1016,2026-08-03T05:52:44.866Z,498.50,PAID
ORD-6837,C914,2026-07-14T20:48:03.478Z,930.33,SHIPPED
ORD-6838,C260,2026-08-27T06:53:46.017Z,850.36,PENDING
ORD-6839,C958,2026-07-09T00:32:11.116Z,450.82,CANCELLED
ORD-6840,C580,2026-09-12T07:18:43.572Z,569.49,PAID
ORD-6841,C1120,2026-07-14T02:10:42.898Z,484.63,SHIPPED
ORD-6842,C1243,2026-09-25T19:03:59.168Z,337.89,PENDING
ORD-6843,C688,2026-07-06T19:10:31.412Z,686.64,CANCELLED
ORD-6844,C685,2026-09-18T14:27:50.813Z,113.22,PAID
ORD-6845,C1582,2026-08-15T00:46:20.249Z,12.18,SHIPPED
ORD-6846,C1132,2026-07-21T18:06:43.301Z,415.28,PENDING
ORD-6847,C895,2026-09-30T05:56:50.018Z,622.67,CANCELLED
ORD-6848,C1001,2026-07-18T23:00:38.760Z,496.32,PAID
ORD-6849,C899,2026-07-29T23:41:40.077Z,243.89,SHIPPED
ORD-6850,C141,2026-07-11T19:44:04.259Z,364.77,PENDING
ORD-6851,C283,2026-09-26T00:12:55.316Z,342.32,CANCELLED
ORD-6852,C1998,2026-09-25T16:21:35.096Z,56.07,PAID
ORD-6853,C1811,2026-07-17T18:27:48.728Z,908.57,SHIPPED
ORD-6854,C388,2026-07-07T07:41:44.290Z,791.51,PENDING
ORD-6855,C1764,2026-09-07T23:28:11.415Z,500.19,CANCELLED
ORD-6856,C1042,2026-09-08T17:20:46.579Z,858.25,PAID
ORD-6857,C956,2026-08-06T02:22:26.824Z,157.81,SHIPPED
ORD-6858,C1885,2026-09-25T12:36:23.443Z,515.07,PENDING
ORD-6859,C132,2026-07-16T16:45:23.572Z,892.12,CANCELLED
ORD-6860,C1026,2026-08-06T14:35:57.824Z,99.32,PAID
ORD-6861,C1554,2026-09-17T04:02:33.172Z,855.42,SHIPPED
ORD-6862,C535,2026-08-27T22:20:18.052Z,772.79,PENDING
ORD-6863,C1630,2026-09-09T12:41:32.788Z,157.61,CANCELLED
ORD-6864,C1485,2026-09-23T15:57:51.879Z,864.13,PAID
ORD-6865,C301,2026-09-26T00:08:39.947Z,745.23,SHIPPED
ORD-6866,C135,2026-09-21T12:25:54.126Z,986.06,PENDING
ORD-6867,C1255,2026-07-07T04:59:02.840Z,188.81,CANCELLED
ORD-6868,C1048,2026-09-27T07:23:32.768Z,310.00,PAID
ORD-6869,C1016,2026-09-28T03:30:18.478Z,512.34,SHIPPED
ORD-6870,C456,2026-08-06T22:15:14.096Z,298.76,PENDING
ORD-6871,C73,2026-07-07T13:24:01.775Z,681.74,CANCELLED
ORD-6872,C182,2026-07-22T18:19:56.928Z,930.11,PAID
ORD-6873,C1363,2026-07-19T13:11:14.315Z,733.74,SHIPPED
ORD-6874,C294,2026-09-09T17:43:33.710Z,46.11,PENDING
ORD-6875,C1393,2026-09-30T15:54:58.075Z,884.92,CANCELLED
ORD-6876,C165,2026-07-22T03:22:41.396Z,615.97,PAID
ORD-6877,C1180,2026-10-01T01:42:31.426Z,266.92,SHIPPED
ORD-6878,C1001,2026-09-27T10:07:39.924Z,707.93,PENDING
ORD-6879,C1377,2026-08-27T22:49:12.049Z,216.40,CANCELLED
ORD-6880,C852,2026-09-08T05:20:58.168Z,348.69,PAID
ORD-6881,C1607,2026-07-14T23:19:57.042Z,606.26,SHIPPED
ORD-6882,C1231,2026-08-20T17:05:29.013Z,595.94,PENDING
ORD-6883,C41,2026-08-01T16:22:55.763Z,753.13,CANCELLED
ORD-6884,C1452,2026-08-06T08:46:35.355Z,789.72,PAID
ORD-6885,C1312,2026-07-30T00:32:59.847Z,586.82,SHIPPED
ORD-6886,C1219,2026-08-12T12:12:24.322Z,68.29,PENDING
ORD-6887,C1558,2026-07-05T16:09:56.560Z,520.55,CANCELLED
ORD-6888,C13,2026-10-01T04:11:57.580Z,247.36,PAID
ORD-6889,C989,2026-08-01T20:52:09.425Z,752.09,SHIPPED
ORD-6890,C147,2026-07-15T04:13:27.858Z,215.23,PENDING
ORD-6891,C1354,2026-08-16T09:40:27.941Z,775.22,CANCELLED
ORD-6892,C1493,2026-08-05T22:31:04.864Z,840.32,PAID
ORD-6893,C1555,2026-09-05T11:50:23.433Z,7.96,SHIPPED
ORD-6894,C585,2026-08-25T05:39:34.752Z,875.52,PENDING
ORD-6895,C1358,2026-08-31T20:33:40.898Z,393.57,CANCELLED
ORD-6896,C277,2026-09-22T03:52:05.449Z,208.03,PAID
ORD-6897,C749,2026-09-14T18:36:36.553Z,693.18,SHIPPED
ORD-6898,C923,2026-08-21T16:04:01.501Z,215.51,PENDING
ORD-6899,C866,2026-09-26T16:05:22.307Z,689.32,CANCELLED
ORD-6900,C255,2026-09-18T15:18:43.481Z,822.35,PAID
ORD-6901,C1344,2026-07-19T05:43:08.344Z,440.56,SHIPPED
ORD-6902,C34,2026-07-27T10:03:50.814Z,190.12,PENDING
ORD-6903,C1075,2026-09-15T07:16:46.965Z,176.24,CANCELLED
ORD-6904,C653,2026-09-19T12:01:00.629Z,439.31,PAID
ORD-6905,C1404,2026-08-25T11:29:51.478Z,201.48,SHIPPED
ORD-6906,C897,2026-08-03T18:55:59.064Z,240.02,PENDING
ORD-6907,C951,2026-08-31T18:38:42.410Z,987.60,CANCELLED
ORD-6908,C159,2026-08-17T02:33:05.991Z,451.19,PAID
ORD-6909,C1281,2026-08-07T22:55:59.187Z,496.61,SHIPPED
ORD-6910,C1683,2026-08-18T01:13:39.336Z,813.94,PENDING
ORD-6911,C1879,2026-07-12T04:56:31.841Z,651.06,CANCELLED
ORD-6912,C1846,2026-09-07T09:01:37.011Z,114.56,PAID
ORD-6913,C1594,2026-08-22T18:01:18.388Z,879.01,SHIPPED
ORD-6914,C421,2026-07-08T03:53:58.211Z,637.20,PENDING
ORD-6915,C1296,2026-08-11T01:27:29.469Z,522.87,CANCELLED
ORD-6916,C359,2026-08-09T01:03:13.062Z,272.94,PAID
ORD-6917,C1453,2026-07-12T05:19:46.629Z,996.30,SHIPPED
ORD-6918,C172,2026-08-30T09:46:34.860Z,65.04,PENDING
ORD-6919,C829,2026-08-13T00:29:00.083Z,747.48,CANCELLED
ORD-6920,C63,2026-08-04T22:43:51.952Z,232.06,PAID
ORD-6921,C1056,2026-09-02T20:20:53.062Z,480.81,SHIPPED
ORD-6922,C143,2026-07-28T19:17:53.110Z,215.74,PENDING
ORD-6923,C259,2026-07-10T00:28:13.412Z,881.01,CANCELLED
ORD-6924,C616,2026-08-14T19:28:49.277Z,254.85,PAID
ORD-6925,C534,2026-07-06T01:56:33.884Z,383.58,SHIPPED
ORD-6926,C1276,2026-09-12T06:54:10.705Z,888.80,PENDING
ORD-6927,C1406,2026-07-19T01:38:51.218Z,309.75,CANCELLED
ORD-6928,C1946,2026-08-23T17:15:13.295Z,555.43,PAID
ORD-6929,C384,2026-08-16T14:38:58.744Z,4.20,SHIPPED
ORD-6930,C755,2026-08-04T00:37:29.896Z,587.80,PENDING
ORD-6931,C1759,2026-09-09T03:34:28.612Z,496.33,CANCELLED
ORD-6932,C1281,2026-08-14T05:41:37.217Z,332.19,PAID
ORD-6933,C1492,2026-09-07T01:56:58.600Z,97.52,SHIPPED
ORD-6934,C354,2026-07-18T22:04:31.619Z,825.71,PENDING
ORD-6935,C621,2026-07-03T20:01:10.830Z,207.52,CANCELLED
ORD-6936,C732,2026-07-30T16:23:17.877Z,434.97,PAID
ORD-6937,C556,2026-07-19T13:05:05.004Z,553.91,SHIPPED
ORD-6938,C1491,2026-07-17T17:34:48.618Z,131.12,PENDING
ORD-6939,C431,2026-09-20T22:36:17.298Z,917.71,CANCELLED
ORD-6940,C639,2026-09-21T21:36:13.843Z,784.71,PAID
ORD-6941,C383,2026-09-09T18:19:36.212Z,198.25,SHIPPED
ORD-6942,C1040,2026-09-29T11:14:25.920Z,616.35,PENDING
ORD-6943,C247,2026-08-27T05:01:57.335Z,233.58,CANCELLED
ORD-6944,C1149,2026-08-22T21:58:32.873Z,138.79,PAID
ORD-6945,C612,2026-09-15T03:29:32.448Z,105.20,SHIPPED
ORD-6946,C403,2026-09-30T20:11:57.839Z,643.98,PENDING
ORD-6947,C772,2026-09-04T05:13:29.130Z,62.46,CANCELLED
ORD-6948,C150,2026-08-25T20:49:30.264Z,171.64,PAID
ORD-6949,C539,2026-07-11T12:36:50.956Z,298.10,SHIPPED
ORD-6950,C370,2026-07-11T16:43:35.626Z,819.30,PENDING
ORD-6951,C664,2026-08-04T07:04:36.680Z,390.78,CANCELLED
ORD-6952,C1772,2026-08-19T11:10:53.347Z,918.09,PAID
ORD-6953,C1764,2026-09-09T13:13:16.736Z,351.56,SHIPPED
ORD-6954,C199,2026-07-17T20:22:40.449Z,714.66,PENDING
ORD-6955,C115,2026-09-24T13:02:09.516Z,300.12,CANCELLED
ORD-6956,C117,2026-09-17T15:55:32.511Z,445.49,PAID
ORD-6957,C601,2026-09-29T01:43:47.746Z,708.60,SHIPPED
ORD-6958,C568,2026-08-20T02:56:13.299Z,135.46,PENDING
ORD-6959,C1759,2026-09-10T03:22:29.802Z,414.90,CANCELLED
ORD-6960,C1273,2026-09-10T06:21:20.441Z,820.19,PAID
ORD-6961,C635,2026-07-15T20:07:20.649Z,133.94,SHIPPED
ORD-6962,C637,2026-08-12T20:36:26.330Z,48.66,PENDING
ORD-6963,C7,2026-08-25T12:01:56.127Z,321.80,CANCELLED
ORD-6964,C1648,2026-09-27T12:48:02.134Z,249.54,PAID
ORD-6965,C995,2026-08-30T02:23:24.299Z,385.63,SHIPPED
ORD-6966,C1081,2026-07-21T07:19:48.420Z,600.48,PENDING
ORD-6967,C1864,2026-08-10T07:27:16.275Z,377.45,CANCELLED
ORD-6968,C154,2026-09-13T09:34:10.369Z,549.88,PAID
ORD-6969,C1249,2026-09-04T03:37:46.704Z,282.74,SHIPPED
ORD-6970,C565,2026-07-12T22:29:22.056Z,444.21,PENDING
ORD-6971,C1698,2026-08-28T04:59:20.070Z,842.99,CANCELLED
ORD-6972,C149,2026-09-05T19:53:14.810Z,597.58,PAID
ORD-6973,C1124,2026-07-05T01:59:18.678Z,246.80,SHIPPED
ORD-6974,C286,2026-09-13T13:44:32.956Z,960.82,PENDING
ORD-6975,C332,2026-09-22T03:59:17.969Z,898.36,CANCELLED
ORD-6976,C577,2026-09-16T06:59:16.985Z,810.69,PAID
ORD-6977,C177,2026-08-08T18:19:05.039Z,109.41,SHIPPED
ORD-6978,C1340,2026-09-04T11:00:38.698Z,343.58,PENDING
ORD-6979,C1066,2026-07-13T06:17:21.554Z,406.16,CANCELLED
ORD-6980,C1194,2026-07-24T18:27:36.422Z,947.46,PAID
ORD-6981,C1798,2026-07-27T18:38:19.083Z,991.47,SHIPPED
ORD-6982,C454,2026-09-25T10:12:27.727Z,675.68,PENDING
ORD-6983,C1804,2026-07-29T11:20:23.311Z,910.98,CANCELLED
ORD-6984,C1045,2026-08-08T08:36:37.861Z,696.23,PAID
ORD-6985,C1409,2026-08-23T05:09:56.113Z,855.95,SHIPPED
ORD-6986,C1163,2026-09-12T00:04:07.476Z,330.20,PENDING
ORD-6987,C1895,2026-08-25T17:51:34.083Z,590.62,CANCELLED
ORD-6988,C1706,2026-08-24T07:23:11.706Z,21.50,PAID
ORD-6989,C761,2026-08-21T12:16:33.344Z,267.46,SHIPPED
ORD-6990,C1393,2026-09-25T04:21:53.762Z,90.08,PENDING
ORD-6991,C706,2026-09-23T05:18:31.165Z,2.55,CANCELLED
ORD-6992,C1180,2026-08-22T10:16:43.229Z,521.33,PAID
ORD-6993,C240,2026-09-23T19:39:48.709Z,632.32,SHIPPED
ORD-6994,C795,2026-07-12T12:22:25.759Z,538.20,PENDING
ORD-6995,C1701,2026-08-29T11:03:58.426Z,359.32,CANCELLED
ORD-6996,C1449,2026-09-26T08:20:15.274Z,246.80,PAID
ORD-6997,C31,2026-09-21T15:11:44.749Z,115.46,SHIPPED
ORD-6998,C978,2026-07-24T15:22:52.881Z,153.09,PENDING
ORD-6999,C1944,2026-09-21T16:44:24.154Z,898.10,CANCELLED
ORD-7000,C1622,not-a-date,793.51,PAID
ORD-7001,C40,2026-09-18T04:00:41.283Z,155.27,SHIPPED
ORD-7002,C456,2026-09-01T07:49:27.394Z,727.11,PENDING
ORD-7003,C1187,2026-08-25T19:42:40.365Z,354.91,CANCELLED
ORD-7004,C834,2026-07-04T18:58:31.806Z,632.43,PAID
ORD-7005,C1768,2026-09-11T01:35:18.231Z,46.64,SHIPPED
ORD-7006,C1727,2026-07-08T21:58:43.584Z,915.87,PENDING
ORD-7007,C1420,2026-08-30T16:37:47.749Z,535.59,CANCELLED
ORD-7008,C437,2026-09-20T01:25:41.700Z,461.29,PAID
ORD-7009,C1711,2026-07-25T20:29:15.774Z,981.13,SHIPPED
ORD-7010,C1276,2026-07-13T11:23:01.228Z,581.13,PENDING
ORD-7011,C183,2026-08-07T04:06:30.316Z,743.83,CANCELLED
ORD-7012,C388,2026-08-13T14:26:13.519Z,410.65,PAID
ORD-7013,C1904,2026-09-16T23:37:10.836Z,854.62,SHIPPED
ORD-7014,C1439,2026-07-27T19:34:41.449Z,619.30,PENDING
ORD-7015,C661,2026-09-01T23:05:14.261Z,940.22,CANCELLED
ORD-7016,C1664,2026-07-14T01:02:52.782Z,546.29,PAID
ORD-7017,C900,2026-07-22T19:01:01.054Z,917.26,SHIPPED
ORD-7018,C937,2026-07-31T01:31:16.321Z,892.32,PENDING
ORD-7019,C915,2026-09-20T22:13:08.230Z,550.60,CANCELLED
ORD-7020,C351,2026-09-29T13:23:05.791Z,720.76,PAID
ORD-7021,C1823,2026-08-22T17:33:14.593Z,215.69,SHIPPED
ORD-7022,C1483,2026-09-20T02:10:30.887Z,548.51,PENDING
ORD-7023,C1803,2026-08-23T00:12:41.542Z,774.28,CANCELLED
ORD-7024,C1041,2026-09-07T10:21:09.093Z,577.44,PAID
ORD-7025,C1836,2026-07-10T05:03:11.091Z,991.59,SHIPPED
ORD-7026,C1780,2026-08-17T02:04:29.047Z,122.60,PENDING
ORD-7027,C1947,2026-08-10T16:10:50.814Z,95.92,CANCELLED
ORD-7028,C1783,2026-08-20T18:56:16.235Z,829.95,PAID
ORD-7029,C1829,2026-09-26T13:15:40.576Z,952.91,SHIPPED
ORD-7030,C1292,2026-07-26T23:09:29.768Z,256.42,PENDING
ORD-7031,C585,2026-08-28T02:02:38.637Z,435.38,CANCELLED
ORD-7032,C815,2026-09-30T03:10:58.137Z,378.79,PAID
ORD-7033,C952,2026-08-26T21:35:03.197Z,803.52,SHIPPED
ORD-7034,C1430,2026-08-12T04:59:33.894Z,256.17,PENDING
ORD-7035,C377,2026-09-02T19:23:03.218Z,626.84,CANCELLED
ORD-7036,C1368,2026-08-19T08:54:51.857Z,632.21,PAID
ORD-7037,C379,2026-09-26T16:47:58.633Z,379.93,SHIPPED
ORD-7038,C1125,2026-09-14T08:57:27.650Z,658.40,PENDING
ORD-7039,C1550,2026-07-26T16:37:43.709Z,510.34,CANCELLED
ORD-7040,C1877,2026-07-31T11:27:39.565Z,602.19,PAID
ORD-7041,C830,2026-09-04T06:43:02.890Z,133.06,SHIPPED
ORD-7042,C1910,2026-07-05T03:11:54.287Z,989.84,PENDING
ORD-7043,C1907,2026-09-12T19:52:32.200Z,552.35,CANCELLED
ORD-7044,C1928,2026-07-16T14:47:30.463Z,111.06,PAID
ORD-7045,C779,2026-09-23T14:45:30.035Z,420.69,SHIPPED
ORD-7046,C39,2026-07-06T01:19:27.626Z,299.48,PENDING
ORD-7047,C503,2026-08-01T21:55:02.443Z,271.59,CANCELLED
ORD-7048,C91,2026-08-19T16:46:02.865Z,301.53,PAID
ORD-7049,C717,2026-08-08T15:45:22.618Z,997.81,SHIPPED
ORD-7050,C889,2026-09-30T15:07:44.473Z,147.93,PENDING
ORD-7051,C8,2026-09-23T22:37:38.492Z,647.65,CANCELLED
ORD-7052,C1934,2026-09-14T02:26:50.449Z,821.59,PAID
ORD-7053,C613,2026-07-13T08:13:13.600Z,156.96,SHIPPED
ORD-7054,C108,2026-07-25T04:26:36.355Z,539.28,PENDING
ORD-7055,C592,2026-08-17T22:23:01.030Z,462.80,CANCELLED
ORD-7056,C1584,2026-09-30T03:16:13.555Z,307.20,PAID
ORD-7057,C112,2026-07-03T07:56:04.944Z,35.06,SHIPPED
ORD-7058,C810,2026-08-28T21:12:30.546Z,526.18,PENDING
ORD-7059,C1132,2026-07-21T05:51:23.629Z,232.86,CANCELLED
ORD-7060,C236,2026-07-11T11:33:46.807Z,413.70,PAID
ORD-7061,C1284,2026-07-23T23:26:46.259Z,221.96,SHIPPED
ORD-7062,C996,2026-07-31T18:59:04.395Z,230.48,PENDING
ORD-7063,C1243,2026-08-18T05:08:49.684Z,309.45,CANCELLED
ORD-7064,C1222,2026-07-27T02:56:00.543Z,814.47,PAID
ORD-7065,C684,2026-07-13T18:59:23.340Z,240.06,SHIPPED
ORD-7066,C1856,2026-08-04T03:29:51.473Z,325.12,PENDING
ORD-7067,C1539,2026-08-12T21:04:29.610Z,356.09,CANCELLED
ORD-7068,C916,2026-08-13T20:25:46.339Z,400.84,PAID
ORD-7069,C1177,2026-09-03T16:50:03.078Z,963.82,SHIPPED
ORD-7070,C1006,2026-07-10T02:05:25.339Z,733.65,PENDING
ORD-7071,C1525,2026-07-23T18:44:02.029Z,893.55,CANCELLED
ORD-7072,C922,2026-09-01T09:42:59.251Z,582.35,PAID
ORD-7073,C1721,2026-07-06T22:26:46.037Z,691.41,SHIPPED
ORD-7074,C1514,2026-09-27T04:14:09.266Z,350.98,PENDING
ORD-7075,C275,2026-07-12T18:15:02.506Z,908.69,CANCELLED
ORD-7076,C161,2026-07-24T05:08:40.892Z,287.10,PAID
ORD-7077,C1001,2026-09-10T01:00:12.407Z,861.10,SHIPPED
ORD-7078,C1826,2026-08-07T07:52:04.524Z,148.97,PENDING
ORD-7079,C808,2026-07-24T01:23:17.954Z,5.28,CANCELLED
ORD-7080,C241,2026-09-10T02:11:17.236Z,385.41,PAID
ORD-7081,C733,2026-08-24T00:35:01.885Z,755.84,SHIPPED
ORD-7082,C107,2026-08-16T11:35:25.337Z,333.76,PENDING
ORD-7083,C674,2026-09-04T18:30:00.310Z,618.14,CANCELLED
ORD-7084,C810,2026-07-15T18:17:19.886Z,250.42,PAID
ORD-7085,C230,2026-08-16T05:08:01.005Z,205.13,SHIPPED
ORD-7086,C268,2026-08-13T04:25:51.786Z,801.14,PENDING
ORD-7087,C1782,2026-08-27T22:48:28.557Z,50.63,CANCELLED
ORD-7088,C295,2026-07-31T02:58:03.656Z,903.07,PAID
ORD-7089,C332,2026-07-17T23:15:18.876Z,231.32,SHIPPED
ORD-7090,C1459,2026-08-22T04:49:22.522Z,7.06,PENDING
ORD-7091,C77,2026-07-06T08:18:03.546Z,460.60,CANCELLED
ORD-7092,C783,2026-08-02T00:36:56.106Z,869.11,PAID
ORD-7093,C1874,2026-09-19T00:29:48.204Z,823.51,SHIPPED
ORD-7094,C1564,2026-07-17T07:12:30.298Z,328.67,PENDING
ORD-7095,C545,2026-07-22T11:36:30.551Z,968.74,CANCELLED
ORD-7096,C275,2026-09-29T07:02:49.154Z,771.97,PAID
ORD-7097,C1683,2026-07-31T02:51:17.612Z,852.74,SHIPPED
ORD-7098,C1128,2026-09-08T04:29:12.870Z,327.97,PENDING
ORD-7099,C711,2026-08-31T10:49:17.035Z,55.09,CANCELLED
ORD-7100,C853,2026-09-21T05:18:03.699Z,510.87,PAID
ORD-7101,C194,2026-08-30T13:07:43.973Z,374.69,SHIPPED
ORD-7102,C1579,2026-07-22T04:49:38.268Z,109.34,PENDING
ORD-7103,C1000,2026-09-13T11:42:45.478Z,470.52,CANCELLED
ORD-7104,C790,2026-09-13T22:38:23.517Z,632.95,PAID
ORD-7105,C754,2026-09-25T14:39:35.535Z,542.99,SHIPPED
ORD-7106,C1287,2026-07-05T16:53:30.011Z,735.45,PENDING
ORD-7107,C1334,2026-08-17T06:35:37.588Z,103.26,CANCELLED
ORD-7108,C392,2026-09-29T23:11:10.469Z,581.21,PAID
ORD-7109,C1528,2026-08-19T23:18:37.236Z,723.42,SHIPPED
ORD-7110,C776,2026-09-17T16:58:43.277Z,226.12,PENDING
ORD-7111,C1342,2026-07-20T06:27:26.479Z,34.09,CANCELLED
ORD-7112,C1157,2026-09-11T23:42:43.445Z,789.81,PAID
ORD-7113,C1248,2026-08-04T11:01:15.276Z,32.45,SHIPPED
ORD-7114,C1583,2026-07-05T02:11:50.181Z,377.64,PENDING
ORD-7115,C1347,2026-09-20T13:43:58.705Z,47.93,CANCELLED
ORD-7116,C162,2026-07-15T23:20:47.815Z,165.48,PAID
ORD-7117,C1057,2026-07-29T21:41:56.205Z,154.22,SHIPPED
ORD-7118,C1096,2026-07-07T02:47:07.695Z,483.80,PENDING
ORD-7119,C1876,2026-07-18T15:29:56.620Z,589.15,CANCELLED
ORD-7120,C638,2026-09-10T17:41:09.005Z,964.68,PAID
ORD-7121,C431,2026-09-26T23:50:01.463Z,306.79,SHIPPED
ORD-7122,C17,2026-08-11T06:07:06.476Z,968.34,PENDING
ORD-7123,C1577,2026-07-26T13:34:59.782Z,442.05,CANCELLED
ORD-7124,C1941,2026-09-02T17:45:28.730Z,759.45,PAID
ORD-7125,C1367,2026-07-26T16:31:07.900Z,868.43,SHIPPED
ORD-7126,C1447,2026-08-20T09:57:42.808Z,441.42,PENDING
ORD-7127,C112,2026-08-22T23:28:08.114Z,549.35,CANCELLED
ORD-7128,C719,2026-08-10T18:52:13.212Z,981.10,PAID
ORD-7129,C308,2026-09-29T04:29:18.736Z,489.03,SHIPPED
ORD-7130,C640,2026-09-14T02:41:40.594Z,668.55,PENDING
ORD-7131,C1092,2026-07-19T18:17:36.744Z,504.93,CANCELLED
ORD-7132,C1888,2026-08-02T04:04:20.584Z,888.05,PAID
ORD-7133,C379,2026-07-15T05:46:21.741Z,436.34,SHIPPED
ORD-7134,C1902,2026-07-06T11:33:32.127Z,622.21,PENDING
ORD-7135,C293,2026-08-21T15:49:11.533Z,843.44,CANCELLED
ORD-7136,C524,2026-09-24T02:25:49.567Z,164.75,PAID
ORD-7137,C1833,2026-08-09T12:58:28.980Z,323.30,SHIPPED
ORD-7138,C1446,2026-09-07T01:02:06.000Z,496.99,PENDING
ORD-7139,C508,2026-08-07T22:49:23.967Z,741.72,CANCELLED
ORD-7140,C123,2026-07-27T18:31:05.862Z,283.69,PAID
ORD-7141,C460,2026-07-25T04:27:22.878Z,92.50,SHIPPED
ORD-7142,C581,2026-09-30T19:56:10.285Z,839.38,PENDING
ORD-7143,C934,2026-07-05T04:19:40.741Z,326.25,CANCELLED
ORD-7144,C727,2026-07-31T04:18:06.161Z,275.83,PAID
ORD-7145,C875,2026-07-08T04:11:00.938Z,268.10,SHIPPED
ORD-7146,C1965,2026-09-01T23:08:37.891Z,114.13,PENDING
ORD-7147,C191,2026-09-10T13:47:48.713Z,267.61,CANCELLED
ORD-7148,C556,2026-07-25T19:19:24.324Z,754.55,PAID
ORD-7149,C1308,2026-09-09T00:18:47.535Z,776.43,SHIPPED
ORD-7150,C1613,2026-07-18T03:31:06.040Z,724.20,PENDING
ORD-7151,C1716,2026-08-06T00:28:51.966Z,15.65,CANCELLED
ORD-7152,C1064,2026-07-28T18:18:31.350Z,498.64,PAID
ORD-7153,C1553,2026-09-26T09:25:56.042Z,652.19,SHIPPED
ORD-7154,C732,2026-08-28T06:19:08.965Z,840.72,PENDING
ORD-7155,C348,2026-09-20T13:14:29.974Z,924.84,CANCELLED
ORD-7156,C971,2026-09-18T13:33:02.990Z,833.48,PAID
ORD-7157,C1116,2026-09-03T17:17:17.012Z,568.77,SHIPPED
ORD-7158,C57,2026-08-14T01:51:57.058Z,365.52,PENDING
ORD-7159,C798,2026-08-06T16:31:09.623Z,2.61,CANCELLED
ORD-7160,C927,2026-07-11T20:08:28.150Z,559.90,PAID
ORD-7161,C165,2026-09-11T16:13:31.736Z,426.24,SHIPPED
ORD-7162,C108,2026-09-22T02:28:41.560Z,371.53,PENDING
ORD-7163,C310,2026-08-23T03:57:58.573Z,484.50,CANCELLED
ORD-7164,C1808,2026-08-01T02:36:23.702Z,882.92,PAID
ORD-7165,C1344,2026-08-13T08:31:24.935Z,273.79,SHIPPED
ORD-7166,C735,2026-08-30T20:11:55.360Z,550.72,PENDING
ORD-7167,C292,2026-08-21T23:14:40.688Z,121.24,CANCELLED
ORD-7168,C860,2026-07-12T14:37:19.660Z,244.24,PAID
ORD-7169,C909,2026-08-26T21:54:49.330Z,958.64,SHIPPED
ORD-7170,C1879,2026-08-30T15:21:14.293Z,214.42,PENDING
ORD-7171,C448,2026-07-06T19:36:50.980Z,384.83,CANCELLED
ORD-7172,C1122,2026-07-11T21:00:53.852Z,861.48,PAID
ORD-7173,C1417,2026-08-14T03:53:33.470Z,997.72,SHIPPED
ORD-7174,C1881,2026-08-21T19:45:26.129Z,824.88,PENDING
ORD-7175,C556,2026-08-05T06:23:36.652Z,548.63,CANCELLED
ORD-7176,C692,2026-07-28T22:38:28.428Z,423.59,PAID
ORD-7177,C1706,2026-09-17T00:45:02.168Z,832.96,SHIPPED
ORD-7178,C1047,2026-08-28T14:14:36.092Z,310.08,PENDING
ORD-7179,C584,2026-07-10T07:07:18.984Z,524.19,CANCELLED
ORD-7180,C1458,2026-09-20T03:01:41.430Z,855.26,PAID
ORD-7181,C1935,2026-08-26T15:22:35.961Z,412.69,SHIPPED
ORD-7182,C1374,2026-08-07T01:14:09.735Z,947.09,PENDING
ORD-7183,C881,2026-08-09T07:54:43.102Z,722.39,CANCELLED
ORD-7184,C1526,2026-09-29T20:59:34.251Z,618.75,PAID
ORD-7185,C227,2026-08-25T04:21:44.872Z,208.15,SHIPPED
ORD-7186,C1457,2026-08-19T07:20:47.073Z,669.37,PENDING
ORD-7187,C404,2026-07-28T06:08:50.587Z,982.08,CANCELLED
ORD-7188,C180,2026-07-04T17:24:55.011Z,719.84,PAID
ORD-7189,C1577,2026-09-22T13:26:00.545Z,548.78,SHIPPED
ORD-7190,C492,2026-07-06T23:43:53.950Z,724.30,PENDING
ORD-7191,C788,2026-09-29T08:18:16.456Z,582.94,CANCELLED
ORD-7192,C72,2026-08-06T10:36:27.879Z,884.85,PAID
ORD-7193,C583,2026-08-21T16:34:10.809Z,932.24,SHIPPED
ORD-7194,C1477,2026-07-26T23:15:09.022Z,425.24,PENDING
ORD-7195,C774,2026-08-20T16:54:41.954Z,115.49,CANCELLED
ORD-7196,C691,2026-08-20T20:02:13.798Z,102.81,PAID
ORD-7197,C1091,2026-08-19T09:11:08.477Z,311.44,SHIPPED
ORD-7198,C750,2026-07-20T15:10:49.952Z,745.61,PENDING
ORD-7199,C1310,2026-08-09T10:14:05.794Z,334.22,CANCELLED
ORD-7200,C688,2026-07-10T03:23:56.831Z,561.28,PAID
ORD-7201,C899,2026-07-09T03:38:18.557Z,910.58,SHIPPED
ORD-7202,C1950,2026-07-24T12:25:40.644Z,861.71,PENDING
ORD-7203,C1989,2026-07-14T10:21:55.256Z,667.59,CANCELLED
ORD-7204,C668,2026-09-13T05:08:24.104Z,693.28,PAID
ORD-7205,C1935,2026-08-14T21:22:01.579Z,227.21,SHIPPED
ORD-7206,C1425,2026-08-05T20:26:44.299Z,423.19,PENDING
ORD-7207,C136,2026-08-09T15:52:53.954Z,967.94,CANCELLED
ORD-7208,C1701,2026-09-17T08:52:30.512Z,519.42,PAID
ORD-7209,C1511,2026-09-17T00:50:09.171Z,729.22,SHIPPED
ORD-7210,C1468,2026-08-22T23:52:28.681Z,492.21,PENDING
ORD-7211,C538,2026-07-05T15:54:57.787Z,807.28,CANCELLED
ORD-7212,C1640,2026-09-17T03:07:17.167Z,48.85,PAID
ORD-7213,C610,2026-09-14T18:00:59.727Z,193.48,SHIPPED
ORD-7214,C1648,2026-07-18T01:49:44.782Z,464.71,PENDING
ORD-7215,C719,2026-09-02T00:09:11.094Z,468.15,CANCELLED
ORD-7216,C944,2026-09-24T00:15:01.269Z,379.96,PAID
ORD-7217,C1880,2026-07-22T03:19:54.432Z,843.00,SHIPPED
ORD-7218,C1478,2026-09-29T12:36:50.636Z,267.70,PENDING
ORD-7219,C1508,2026-08-31T05:38:42.600Z,308.50,CANCELLED
ORD-7220,C1734,2026-07-14T01:47:41.301Z,917.47,PAID
ORD-7221,C419,2026-08-06T07:38:41.922Z,528.17,SHIPPED
ORD-7222,C665,2026-07-26T08:47:23.367Z,811.17,PENDING
ORD-7223,C1142,2026-08-13T23:45:32.844Z,131.75,CANCELLED
ORD-7224,C48,2026-07-12T00:34:39.694Z,266.96,PAID
ORD-7225,C756,2026-08-26T09:44:48.684Z,748.26,SHIPPED
ORD-7226,C134,2026-09-07T16:04:05.151Z,380.82,PENDING
ORD-7227,C803,2026-07-21T02:32:06.681Z,403.91,CANCELLED
ORD-7228,C677,2026-08-03T00:51:14.828Z,901.78,PAID
ORD-7229,C575,2026-07-27T09:44:03.115Z,750.33,SHIPPED
ORD-7230,C562,2026-07-15T09:45:43.036Z,647.96,PENDING
ORD-7231,C1833,2026-09-06T13:09:26.334Z,700.68,CANCELLED
ORD-7232,C909,2026-09-09T12:36:23.348Z,949.18,PAID
ORD-7233,C1655,2026-08-20T07:48:21.556Z,243.83,SHIPPED
ORD-7234,C1810,2026-09-17T16:51:47.981Z,437.68,PENDING
ORD-7235,C1476,2026-07-09T07:43:52.710Z,786.85,CANCELLED
ORD-7236,C1688,2026-09-16T02:35:35.733Z,961.22,PAID
ORD-7237,C1377,2026-07-20T10:26:22.862Z,518.06,SHIPPED
ORD-7238,C1142,2026-09-14T23:59:08.052Z,802.94,PENDING
ORD-7239,C1844,2026-09-20T00:12:53.259Z,819.65,CANCELLED
ORD-7240,C1669,2026-07-31T12:55:52.753Z,927.11,PAID
ORD-7241,C1213,2026-08-22T15:12:01.243Z,256.85,SHIPPED
ORD-7242,C273,2026-07-08T14:42:07.045Z,949.78,PENDING
ORD-7243,C1442,2026-07-25T08:42:59.770Z,836.07,CANCELLED
ORD-7244,C1220,2026-08-26T21:24:22.018Z,260.86,PAID
ORD-7245,C558,2026-09-13T03:46:18.720Z,428.46,SHIPPED
ORD-7246,C817,2026-09-15T21:45:13.326Z,739.41,PENDING
ORD-7247,C246,2026-07-05T16:18:51.264Z,454.69,CANCELLED
ORD-7248,C571,2026-09-11T00:29:25.120Z,845.87,PAID
ORD-7249,C1615,2026-09-09T19:00:44.369Z,541.56,SHIPPED
ORD-7250,C341,2026-08-03T11:18:10.009Z,287.77,PENDING
ORD-7251,C961,2026-07-22T07:04:10.703Z,655.37,CANCELLED
ORD-7252,C1369,2026-09-27T12:26:19.306Z,10.34,PAID
ORD-7253,C272,2026-09-07T17:58:35.434Z,614.93,SHIPPED
ORD-7254,C552,2026-08-11T07:02:31.393Z,656.73,PENDING
ORD-7255,C200,2026-08-27T05:54:50.413Z,119.62,CANCELLED
ORD-7256,C404,2026-07-13T04:30:05.063Z,509.20,PAID
ORD-7257,C628,2026-08-26T04:31:07.039Z,439.96,SHIPPED
ORD-7258,C890,2026-09-15T07:04:39.671Z,134.77,PENDING
ORD-7259,C639,2026-09-14T08:13:44.777Z,201.56,CANCELLED
ORD-7260,C854,2026-07-04T06:59:30.707Z,726.28,PAID
ORD-7261,C1462,2026-07-29T20:33:50.472Z,834.42,SHIPPED
ORD-7262,C1357,2026-09-08T06:21:33.641Z,202.71,PENDING
ORD-7263,C1847,2026-09-17T23:08:58.155Z,975.57,CANCELLED
ORD-7264,C1939,2026-08-22T03:33:49.168Z,30.00,PAID
ORD-7265,C1689,2026-08-07T18:26:08.722Z,972.42,SHIPPED
ORD-7266,C1860,2026-08-06T15:07:12.567Z,939.74,PENDING
ORD-7267,C1690,2026-07-04T03:41:01.717Z,969.88,CANCELLED
ORD-7268,C1861,2026-08-11T09:07:17.127Z,515.09,PAID
ORD-7269,C527,2026-08-07T12:08:40.877Z,755.38,SHIPPED
ORD-7270,C552,2026-07-25T04:44:53.533Z,33.18,PENDING
ORD-7271,C1314,2026-08-07T00:40:53.147Z,792.94,CANCELLED
ORD-7272,C1555,2026-09-16T14:10:14.281Z,902.02,PAID
ORD-7273,C525,2026-07-04T18:00:47.183Z,41.06,SHIPPED
ORD-7274,C613,2026-09-16T02:26:06.358Z,487.69,PENDING
ORD-7275,C930,2026-07-23T23:51:46.310Z,224.53,CANCELLED
ORD-7276,C162,2026-09-06T20:20:15.515Z,510.00,PAID
ORD-7277,C382,2026-07-04T23:10:13.571Z,352.34,SHIPPED
ORD-7278,C1631,2026-08-21T13:39:18.311Z,879.81,PENDING
ORD-7279,C1178,2026-08-07T12:02:11.024Z,754.15,CANCELLED
ORD-7280,C928,2026-09-01T09:34:33.020Z,196.10,PAID
ORD-7281,C1854,2026-08-31T04:14:42.037Z,619.45,SHIPPED
ORD-7282,C1314,2026-09-08T21:23:08.161Z,611.11,PENDING
ORD-7283,C86,2026-07-14T03:18:36.512Z,178.95,CANCELLED
ORD-7284,C1682,2026-09-01T21:07:39.949Z,234.60,PAID
ORD-7285,C1068,2026-08-04T07:03:22.586Z,734.31,SHIPPED
ORD-7286,C147,2026-08-11T11:32:52.260Z,575.18,PENDING
ORD-7287,C1138,2026-09-23T14:07:11.448Z,879.69,CANCELLED
ORD-7288,C32,2026-07-15T07:44:05.113Z,98.15,PAID
ORD-7289,C1352,2026-08-29T11:59:50.485Z,555.92,SHIPPED
ORD-7290,C1218,2026-08-15T22:55:59.799Z,977.72,PENDING
ORD-7291,C1904,2026-09-10T00:32:29.188Z,108.66,CANCELLED
ORD-7292,C1835,2026-09-23T19:28:25.223Z,477.41,PAID
ORD-7293,C1479,2026-07-23T03:53:47.840Z,665.69,SHIPPED
ORD-7294,C151,2026-08-24T05:32:51.572Z,19.21,PENDING
ORD-7295,C267,2026-07-18T03:30:29.807Z,267.77,CANCELLED
ORD-7296,C1391,2026-08-09T22:23:55.162Z,15.73,PAID
ORD-7297,C184,2026-09-26T11:31:39.198Z,385.37,SHIPPED
ORD-7298,C288,2026-08-25T17:42:49.068Z,659.45,PENDING
ORD-7299,C737,2026-09-06T02:52:58.637Z,878.06,CANCELLED
ORD-7300,C1145,2026-07-09T23:16:02.936Z,582.48,PAID
ORD-7301,C1501,2026-07-04T15:50:41.792Z,604.27,SHIPPED
ORD-7302,C1132,2026-08-10T04:03:08.455Z,303.24,PENDING
ORD-7303,C460,2026-07-26T09:40:01.221Z,77.34,CANCELLED
ORD-7304,C1910,2026-08-16T23:17:54.641Z,665.26,PAID
ORD-7305,C1932,2026-07-24T05:53:17.636Z,121.26,SHIPPED
ORD-7306,C1074,2026-07-04T13:42:05.930Z,226.60,PENDING
ORD-7307,C404,2026-07-24T18:03:54.861Z,442.69,CANCELLED
ORD-7308,C953,2026-08-29T13:42:21.480Z,71.86,PAID
ORD-7309,C1517,2026-09-03T23:06:08.461Z,498.71,SHIPPED
ORD-7310,C220,2026-09-11T11:35:08.935Z,41.69,PENDING
ORD-7311,C67,2026-09-20T15:11:01.923Z,911.87,CANCELLED
ORD-7312,C1973,2026-07-13T17:15:49.326Z,557.44,PAID
ORD-7313,C1897,2026-08-04T03:05:22.790Z,297.25,SHIPPED
ORD-7314,C54,2026-07-24T14:40:30.592Z,198.61,PENDING
ORD-7315,C1985,2026-08-29T13:30:22.860Z,358.77,CANCELLED
ORD-7316,C1735,2026-09-25T02:55:37.842Z,752.37,PAID
ORD-7317,C1580,2026-08-19T21:22:38.218Z,788.89,SHIPPED
ORD-7318,C1735,2026-08-16T14:14:24.666Z,577.88,PENDING
ORD-7319,C911,2026-08-20T07:59:00.990Z,336.77,CANCELLED
ORD-7320,C1108,2026-09-05T04:28:42.041Z,31.71,PAID
ORD-7321,C1347,2026-07-26T13:14:27.293Z,867.68,SHIPPED
ORD-7322,C716,2026-07-04T15:15:10.861Z,946.21,PENDING
ORD-7323,C662,2026-07-08T12:29:44.047Z,793.25,CANCELLED
ORD-7324,C899,2026-09-13T19:48:03.320Z,121.36,PAID
ORD-7325,C1789,2026-09-01T21:24:18.301Z,597.70,SHIPPED
ORD-7326,C1226,2026-07-09T06:57:12.529Z,859.63,PENDING
ORD-7327,C51,2026-08-15T23:54:38.803Z,699.18,CANCELLED
ORD-7328,C1367,2026-08-18T05:34:05.717Z,66.54,PAID
ORD-7329,C666,2026-09-08T09:32:32.125Z,349.63,SHIPPED
ORD-7330,C1120,2026-08-02T06:54:16.681Z,713.84,PENDING
ORD-7331,C84,2026-08-29T23:16:01.250Z,163.73,CANCELLED
ORD-7332,C1626,2026-09-27T05:28:43.325Z,102.14,PAID
ORD-7333,C923,2026-08-24T23:10:26.298Z,322.64,SHIPPED
ORD-7334,C1460,2026-07-09T01:57:49.576Z,410.57,PENDING
ORD-7335,C36,2026-07-05T22:02:38.947Z,54.73,CANCELLED
ORD-7336,C1369,2026-09-07T20:09:17.146Z,614.04,PAID
ORD-7337,C1976,2026-07-09T11:58:11.191Z,302.37,SHIPPED
ORD-7338,C574,2026-07-15T11:16:57.271Z,296.78,PENDING
ORD-7339,C564,2026-09-01T18:44:43.932Z,824.62,CANCELLED
ORD-7340,C770,2026-08-16T04:30:30.015Z,325.72,PAID
ORD-7341,C1789,2026-09-23T06:33:33.213Z,8.56,SHIPPED
ORD-7342,C214,2026-08-28T12:39:13.698Z,391.21,PENDING
ORD-7343,C1533,2026-09-07T15:23:30.030Z,437.98,CANCELLED
ORD-7344,C1706,2026-07-06T08:39:40.965Z,682.59,PAID
ORD-7345,C1097,2026-08-15T15:55:46.116Z,742.42,SHIPPED
ORD-7346,C1872,2026-08-11T04:41:00.565Z,645.57,PENDING
ORD-7347,C1806,2026-09-29T10:40:06.581Z,652.45,CANCELLED
ORD-7348,C1294,2026-09-07T09:21:00.158Z,752.70,PAID
ORD-7349,C767,2026-07-26T20:16:08.962Z,466.05,SHIPPED
ORD-7350,C894,2026-08-06T07:15:21.870Z,604.39,PENDING
ORD-7351,C870,2026-08-22T15:10:43.847Z,144.87,CANCELLED
ORD-7352,C13,2026-07-10T15:39:36.545Z,895.44,PAID
ORD-7353,C1419,2026-08-18T22:23:18.466Z,548.18,SHIPPED
ORD-7354,C27,2026-07-22T23:55:42.946Z,350.06,PENDING
ORD-7355,C1550,2026-09-28T02:32:11.380Z,989.47,CANCELLED
ORD-7356,C833,2026-07-04T10:01:25.067Z,831.68,PAID
ORD-7357,C1745,2026-09-04T15:52:56.748Z,917.59,SHIPPED
ORD-7358,C639,2026-07-12T03:12:17.943Z,717.48,PENDING
ORD-7359,C183,2026-07-18T08:50:55.656Z,655.42,CANCELLED
ORD-7360,C1351,2026-07-04T07:26:33.523Z,35.73,PAID
ORD-7361,C1130,2026-08-09T08:36:25.006Z,522.83,SHIPPED
ORD-7362,C1293,2026-08-01T04:57:10.879Z,828.34,PENDING
ORD-7363,C1007,2026-07-27T00:00:05.607Z,167.73,CANCELLED
ORD-7364,C585,2026-07-29T16:49:14.054Z,283.33,PAID
ORD-7365,C1205,2026-08-29T19:09:27.109Z,256.60,SHIPPED
ORD-7366,C1069,2026-08-14T21:39:43.368Z,823.03,PENDING
ORD-7367,C1712,2026-07-14T01:19:38.419Z,706.02,CANCELLED
ORD-7368,C279,2026-07-29T00:21:48.249Z,721.85,PAID
ORD-7369,C1847,2026-07-23T04:35:34.763Z,275.87,SHIPPED
ORD-7370,C1349,2026-09-07T13:44:13.521Z,174.26,PENDING
ORD-7371,C702,2026-09-03T10:29:44.300Z,11.60,CANCELLED
ORD-7372,C1509,2026-08-22T23:06:11.252Z,535.80,PAID
ORD-7373,C1411,2026-09-09T01:52:59.592Z,519.49,SHIPPED
ORD-7374,C874,2026-07-11T22:22:48.649Z,914.52,PENDING
ORD-7375,C556,2026-07-16T17:43:41.811Z,696.64,CANCELLED
ORD-7376,C719,2026-07-04T04:05:40.015Z,542.04,PAID
ORD-7377,C683,2026-07-23T08:16:16.059Z,684.85,SHIPPED
ORD-7378,C1681,2026-09-25T23:15:56.653Z,547.16,PENDING
ORD-7379,C388,2026-08-23T23:06:16.906Z,363.22,CANCELLED
ORD-7380,C1641,2026-08-05T12:27:06.471Z,520.18,PAID
ORD-7381,C800,2026-07-04T10:01:56.857Z,746.44,SHIPPED
ORD-7382,C91,2026-09-03T12:32:44.596Z,827.56,PENDING
ORD-7383,C899,2026-09-19T17:37:34.580Z,514.63,CANCELLED
ORD-7384,C1768,2026-07-14T11:01:45.220Z,789.44,PAID
ORD-7385,C1353,2026-09-06T16:14:23.944Z,928.18,SHIPPED
ORD-7386,C1826,2026-07-17T10:22:17.192Z,662.32,PENDING
ORD-7387,C1666,2026-09-15T09:22:42.025Z,346.80,CANCELLED
ORD-7388,C325,2026-08-02T21:56:01.812Z,98.83,PAID
ORD-7389,C968,2026-08-15T02:24:30.622Z,349.96,SHIPPED
ORD-7390,C579,2026-09-16T14:34:28.621Z,937.01,PENDING
ORD-7391,C312,2026-09-08T17:57:03.351Z,611.67,CANCELLED
ORD-7392,C1857,2026-08-20T21:33:17.527Z,945.60,PAID
ORD-7393,C1318,2026-07-28T14:27:56.584Z,127.50,SHIPPED
ORD-7394,C1558,2026-07-26T23:56:09.740Z,583.45,PENDING
ORD-7395,C1881,2026-08-03T08:19:02.947Z,606.73,CANCELLED
ORD-7396,C853,2026-07-11T23:48:49.080Z,407.90,PAID
ORD-7397,C1136,2026-07-22T00:06:44.655Z,349.29,SHIPPED
ORD-7398,C368,2026-08-17T17:44:03.356Z,38.92,PENDING
ORD-7399,C1086,2026-08-25T01:38:29.564Z,310.55,CANCELLED
ORD-7400,C1561,2026-07-29T22:21:58.789Z,883.79,PAID
ORD-7401,C12,2026-08-09T14:42:03.276Z,213.06,SHIPPED
ORD-7402,C391,2026-09-03T17:00:27.354Z,148.68,PENDING
ORD-7403,C999,2026-09-24T01:57:07.442Z,101.29,CANCELLED
ORD-7404,C1599,2026-09-28T10:53:18.410Z,130.62,PAID
ORD-7405,C1414,2026-08-27T21:16:50.094Z,657.95,SHIPPED
ORD-7406,C106,2026-07-21T16:18:21.448Z,954.03,PENDING
ORD-7407,C1167,2026-08-07T10:39:13.135Z,890.19,CANCELLED
ORD-7408,C1405,2026-09-14T12:44:29.734Z,277.57,PAID
ORD-7409,C1822,2026-07-29T08:04:08.818Z,429.61,SHIPPED
ORD-7410,C1841,2026-07-04T13:52:48.264Z,579.98,PENDING
ORD-7411,C933,2026-08-21T22:18:43.466Z,324.88,CANCELLED
ORD-7412,C1167,2026-09-20T06:39:40.337Z,163.06,PAID
ORD-7413,C261,2026-08-14T18:56:56.572Z,848.11,SHIPPED
ORD-7414,C250,2026-07-29T18:55:18.495Z,49.21,PENDING
ORD-7415,C1174,2026-09-02T01:54:53.164Z,950.06,CANCELLED
ORD-7416,C1131,2026-08-04T16:41:55.176Z,632.51,PAID
ORD-7417,C1532,2026-07-15T06:58:45.843Z,683.65,SHIPPED
ORD-7418,C464,2026-07-28T11:29:26.127Z,760.96,PENDING
ORD-7419,C457,2026-09-28T12:43:51.657Z,49.33,CANCELLED
ORD-7420,C503,2026-07-26T23:07:12.556Z,595.40,PAID
ORD-7421,C1720,2026-08-30T11:20:48.063Z,752.17,SHIPPED
ORD-7422,C1629,2026-08-11T04:44:34.923Z,964.18,PENDING
ORD-7423,C620,2026-07-28T03:51:25.291Z,446.05,CANCELLED
ORD-7424,C1554,2026-09-14T01:59:53.687Z,6.70,PAID
ORD-7425,C804,2026-09-14T23:59:49.105Z,419.92,SHIPPED
ORD-7426,C332,2026-09-15T20:52:29.355Z,515.30,PENDING
ORD-7427,C1838,2026-09-27T06:03:42.506Z,170.05,CANCELLED
ORD-7428,C1668,2026-08-15T09:54:21.628Z,45.44,PAID
ORD-7429,C1049,2026-09-29T12:17:02.161Z,394.79,SHIPPED
ORD-7430,C595,2026-10-01T02:34:58.386Z,857.86,PENDING
ORD-7431,C552,2026-08-10T16:01:41.487Z,534.42,CANCELLED
ORD-7432,C151,2026-09-17T01:19:51.485Z,41.22,PAID
ORD-7433,C1006,2026-07-18T11:55:31.188Z,789.46,SHIPPED
ORD-7434,C1686,2026-09-10T17:23:03.366Z,172.14,PENDING
ORD-7435,C1471,2026-09-27T18:08:56.202Z,315.41,CANCELLED
ORD-7436,C1110,2026-09-16T02:01:32.915Z,625.39,PAID
ORD-7437,C1169,2026-07-15T21:03:33.389Z,257.77,SHIPPED
ORD-7438,C561,2026-07-26T17:03:35.548Z,503.23,PENDING
ORD-7439,C386,2026-07-19T19:27:14.196Z,791.87,CANCELLED
ORD-7440,C1212,2026-08-31T14:06:31.998Z,997.98,PAID
ORD-7441,C1185,2026-08-07T23:32:16.034Z,605.93,SHIPPED
ORD-7442,C525,2026-09-12T07:15:00.288Z,280.19,PENDING
ORD-7443,C1795,2026-07-16T14:51:25.125Z,754.66,CANCELLED
ORD-7444,C1554,2026-09-26T03:54:35.905Z,991.37,PAID
ORD-7445,C784,2026-07-13T03:18:40.906Z,777.09,SHIPPED
ORD-7446,C1641,2026-08-28T19:59:30.793Z,71.67,PENDING
ORD-7447,C293,2026-09-05T03:54:39.071Z,11.41,CANCELLED
ORD-7448,C266,2026-09-09T22:48:35.385Z,607.20,PAID
ORD-7449,C516,2026-09-06T08:49:52.670Z,743.27,SHIPPED
ORD-7450,C1729,2026-08-01T22:04:00.891Z,828.33,PENDING
ORD-7451,C1009,2026-07-16T19:40:40.753Z,207.31,CANCELLED
ORD-7452,C311,2026-08-02T10:40:39.376Z,8.16,PAID
ORD-7453,C1344,2026-07-20T12:40:24.462Z,989.02,SHIPPED
ORD-7454,C890,2026-09-04T09:48:54.055Z,2.46,PENDING
ORD-7455,C100,2026-07-25T05:28:49.352Z,969.81,CANCELLED
ORD-7456,C1605,2026-08-26T12:18:52.387Z,649.65,PAID
ORD-7457,C501,2026-09-30T04:32:10.413Z,297.16,SHIPPED
ORD-7458,C1509,2026-09-18T20:54:06.196Z,341.94,PENDING
ORD-7459,C1496,2026-08-09T10:35:57.519Z,176.44,CANCELLED
ORD-7460,C1134,2026-07-29T23:03:35.283Z,555.58,PAID
ORD-7461,C1987,2026-07-21T00:35:11.412Z,824.19,SHIPPED
ORD-7462,C1592,2026-09-29T23:35:53.686Z,651.16,PENDING
ORD-7463,C1502,2026-07-21T23:53:34.439Z,386.83,CANCELLED
ORD-7464,C656,2026-08-25T04:44:44.730Z,741.16,PAID
ORD-7465,C68,2026-09-03T03:12:55.339Z,379.23,SHIPPED
ORD-7466,C224,2026-07-19T04:40:06.287Z,631.36,PENDING
ORD-7467,C1073,2026-08-03T04:07:38.526Z,423.12,CANCELLED
ORD-7468,C1974,2026-07-29T11:37:14.499Z,792.71,PAID
ORD-7469,C1397,2026-07-04T15:24:36.294Z,519.32,SHIPPED
ORD-7470,C543,2026-08-28T14:57:43.680Z,68.99,PENDING
ORD-7471,C768,2026-09-14T15:29:18.790Z,232.22,CANCELLED
ORD-7472,C1528,2026-08-29T19:46:03.026Z,847.78,PAID
ORD-7473,C41,2026-08-27T17:50:00.923Z,993.49,SHIPPED
ORD-7474,C1201,2026-07-16T02:30:32.903Z,157.92,PENDING
ORD-7475,C1126,2026-08-16T01:55:39.879Z,641.69,CANCELLED
ORD-7476,C171,2026-08-29T09:50:28.941Z,76.95,PAID
ORD-7477,C1071,2026-08-15T11:01:59.316Z,986.63,SHIPPED
ORD-7478,C703,2026-09-30T02:04:30.646Z,551.29,PENDING
ORD-7479,C159,2026-09-02T13:14:33.416Z,283.00,CANCELLED
ORD-7480,C1202,2026-08-23T02:56:07.302Z,834.34,PAID
ORD-7481,C80,2026-08-24T14:18:50.432Z,523.27,SHIPPED
ORD-7482,C1967,2026-09-02T15:37:44.217Z,262.05,PENDING
ORD-7483,C1879,2026-07-16T00:19:56.589Z,934.31,CANCELLED
ORD-7484,C750,2026-08-13T20:35:28.876Z,686.86,PAID
ORD-7485,C1493,2026-07-21T02:35:17.576Z,901.07,SHIPPED
ORD-7486,C890,2026-09-08T03:22:45.230Z,483.12,PENDING
ORD-7487,C253,2026-09-24T03:19:10.579Z,984.96,CANCELLED
ORD-7488,C1832,2026-09-26T00:00:13.694Z,679.15,PAID
ORD-7489,C569,2026-07-09T18:21:52.849Z,335.47,SHIPPED
ORD-7490,C645,2026-08-27T10:33:21.323Z,689.11,PENDING
ORD-7491,C789,2026-07-18T21:35:54.111Z,942.60,CANCELLED
ORD-7492,C654,2026-08-13T02:07:29.324Z,837.84,PAID
ORD-7493,C595,2026-07-17T22:25:10.676Z,347.47,SHIPPED
ORD-7494,C1263,2026-08-20T23:08:14.202Z,639.98,PENDING
ORD-7495,C1619,2026-08-10T22:14:24.740Z,26.13,CANCELLED
ORD-7496,C24,2026-08-26T13:12:56.729Z,754.05,PAID
ORD-7497,C153,2026-09-28T23:37:48.657Z,129.96,SHIPPED
ORD-7498,C913,2026-09-03T12:19:23.130Z,961.00,PENDING
ORD-7499,C1101,2026-08-14T14:38:29.790Z,133.82,CANCELLED
ORD-7500,C452,2026-08-26T05:55:25.720Z,abc,PAID
ORD-7501,C1023,2026-07-07T10:25:06.598Z,735.77,SHIPPED
ORD-7502,C1587,2026-09-22T08:53:22.261Z,589.02,PENDING
ORD-7503,C1513,2026-08-29T09:40:41.135Z,340.51,CANCELLED
ORD-7504,C65,2026-08-18T10:22:25.080Z,607.47,PAID
ORD-7505,C1409,2026-08-03T03:52:37.536Z,780.84,SHIPPED
ORD-7506,C1050,2026-07-23T23:34:06.121Z,497.94,PENDING
ORD-7507,C1383,2026-08-18T08:39:49.470Z,205.19,CANCELLED
ORD-7508,C1460,2026-08-13T14:28:10.323Z,538.10,PAID
ORD-7509,C1706,2026-07-27T12:17:34.586Z,504.85,SHIPPED
ORD-7510,C1141,2026-07-27T00:36:44.837Z,676.80,PENDING
ORD-7511,C1218,2026-08-25T16:08:09.340Z,438.30,CANCELLED
ORD-7512,C1583,2026-08-29T00:28:23.895Z,661.45,PAID
ORD-7513,C818,2026-08-03T00:09:48.865Z,184.98,SHIPPED
ORD-7514,C1159,2026-09-27T04:02:09.743Z,967.32,PENDING
ORD-7515,C156,2026-09-11T19:21:52.309Z,894.02,CANCELLED
ORD-7516,C1645,2026-07-27T01:50:14.328Z,454.75,PAID
ORD-7517,C1973,2026-07-21T21:24:39.742Z,88.94,SHIPPED
ORD-7518,C68,2026-09-28T23:46:12.685Z,97.90,PENDING
ORD-7519,C545,2026-09-18T00:14:13.222Z,842.55,CANCELLED
ORD-7520,C770,2026-08-05T12:46:06.732Z,441.18,PAID
ORD-7521,C616,2026-07-18T19:33:54.840Z,353.92,SHIPPED
ORD-7522,C691,2026-08-05T05:38:49.901Z,13.20,PENDING
ORD-7523,C1295,2026-09-03T16:34:57.274Z,494.92,CANCELLED
ORD-7524,C697,2026-09-29T14:08:44.534Z,509.70,PAID
ORD-7525,C1862,2026-08-04T03:59:03.148Z,784.74,SHIPPED
ORD-7526,C1771,2026-08-08T14:39:50.278Z,193.85,PENDING
ORD-7527,C1965,2026-09-22T16:55:48.435Z,691.65,CANCELLED
ORD-7528,C769,2026-08-04T17:29:28.681Z,995.30,PAID
ORD-7529,C140,2026-07-11T19:08:44.046Z,492.00,SHIPPED
ORD-7530,C1004,2026-08-25T08:11:26.464Z,691.24,PENDING
ORD-7531,C427,2026-08-10T12:53:54.128Z,166.43,CANCELLED
ORD-7532,C1759,2026-09-26T15:40:30.396Z,440.99,PAID
ORD-7533,C175,2026-09-28T22:46:43.582Z,270.16,SHIPPED
ORD-7534,C1878,2026-08-25T01:11:28.341Z,195.46,PENDING
ORD-7535,C130,2026-07-27T20:41:30.823Z,854.40,CANCELLED
ORD-7536,C7,2026-09-02T20:55:13.148Z,126.43,PAID
ORD-7537,C641,2026-07-07T19:45:22.399Z,142.56,SHIPPED
ORD-7538,C1415,2026-08-22T03:50:51.212Z,667.72,PENDING
ORD-7539,C144,2026-08-26T12:41:42.869Z,246.33,CANCELLED
ORD-7540,C979,2026-08-04T22:54:09.507Z,331.98,PAID
ORD-7541,C540,2026-08-27T05:20:15.273Z,189.74,SHIPPED
ORD-7542,C1528,2026-07-04T10:48:57.690Z,997.20,PENDING
ORD-7543,C884,2026-09-27T19:07:44.321Z,997.31,CANCELLED
ORD-7544,C1188,2026-09-29T23:04:42.766Z,212.86,PAID
ORD-7545,C1874,2026-07-13T10:41:11.451Z,68.05,SHIPPED
ORD-7546,C37,2026-09-16T16:23:43.226Z,608.65,PENDING
ORD-7547,C1894,2026-07-06T08:01:10.715Z,279.65,CANCELLED
ORD-7548,C1872,2026-09-16T15:19:24.922Z,143.65,PAID
ORD-7549,C636,2026-08-13T00:00:37.207Z,175.51,SHIPPED
ORD-7550,C1954,2026-07-29T07:23:45.456Z,816.82,PENDING
ORD-7551,C1306,2026-07-25T22:36:44.483Z,621.61,CANCELLED
ORD-7552,C1836,2026-08-26T00:53:31.229Z,692.36,PAID
ORD-7553,C837,2026-07-20T14:29:03.001Z,20.73,SHIPPED
ORD-7554,C1095,2026-07-07T13:47:50.457Z,758.69,PENDING
ORD-7555,C1794,2026-08-06T04:55:16.909Z,871.77,CANCELLED
ORD-7556,C1892,2026-09-09T13:50:34.586Z,268.45,PAID
ORD-7557,C754,2026-07-28T04:42:58.031Z,771.65,SHIPPED
ORD-7558,C1368,2026-08-18T09:04:36.901Z,866.41,PENDING
ORD-7559,C1149,2026-09-19T06:03:05.435Z,599.94,CANCELLED
ORD-7560,C1515,2026-07-17T07:47:28.258Z,752.19,PAID
ORD-7561,C1174,2026-08-29T11:58:00.051Z,876.87,SHIPPED
ORD-7562,C31,2026-07-18T08:02:07.575Z,100.56,PENDING
ORD-7563,C503,2026-07-31T19:28:31.456Z,388.24,CANCELLED
ORD-7564,C1626,2026-08-30T14:53:57.675Z,400.63,PAID
ORD-7565,C866,2026-09-02T23:41:26.616Z,898.82,SHIPPED
ORD-7566,C1003,2026-09-09T02:08:13.276Z,328.11,PENDING
ORD-7567,C84,2026-09-17T00:16:26.508Z,419.22,CANCELLED
ORD-7568,C1300,2026-09-10T03:59:54.007Z,609.08,PAID
ORD-7569,C790,2026-08-19T10:06:06.991Z,992.75,SHIPPED
ORD-7570,C1836,2026-08-20T19:29:09.903Z,398.37,PENDING
ORD-7571,C290,2026-09-21T11:34:52.663Z,935.56,CANCELLED
ORD-7572,C952,2026-08-21T16:42:27.630Z,228.67,PAID
ORD-7573,C1838,2026-09-05T02:15:37.073Z,177.57,SHIPPED
ORD-7574,C936,2026-08-23T04:19:34.287Z,533.36,PENDING
ORD-7575,C1933,2026-07-08T16:30:23.274Z,936.63,CANCELLED
ORD-7576,C676,2026-08-17T01:14:37.147Z,198.29,PAID
ORD-7577,C1807,2026-07-15T15:27:22.376Z,74.11,SHIPPED
ORD-7578,C1924,2026-08-27T08:19:40.115Z,150.07,PENDING
ORD-7579,C115,2026-07-30T10:58:52.633Z,715.00,CANCELLED
ORD-7580,C324,2026-09-24T05:08:58.342Z,240.00,PAID
ORD-7581,C1549,2026-07-14T09:33:25.169Z,433.13,SHIPPED
ORD-7582,C682,2026-07-14T15:28:45.704Z,497.95,PENDING
ORD-7583,C315,2026-09-13T16:01:46.094Z,877.06,CANCELLED
ORD-7584,C1983,2026-08-08T18:39:54.649Z,939.59,PAID
ORD-7585,C1652,2026-09-20T18:32:53.608Z,750.08,SHIPPED
ORD-7586,C159,2026-07-07T06:09:21.978Z,455.34,PENDING
ORD-7587,C481,2026-07-27T17:32:36.424Z,412.17,CANCELLED
ORD-7588,C597,2026-09-18T07:50:52.150Z,959.63,PAID
ORD-7589,C635,2026-09-04T18:48:27.435Z,768.19,SHIPPED
ORD-7590,C1473,2026-09-18T07:01:59.808Z,435.24,PENDING
ORD-7591,C273,2026-09-25T08:53:13.734Z,520.44,CANCELLED
ORD-7592,C1382,2026-07-23T13:14:13.773Z,312.41,PAID
ORD-7593,C969,2026-07-06T00:15:47.391Z,869.44,SHIPPED
ORD-7594,C870,2026-08-31T09:26:33.538Z,149.42,PENDING
ORD-7595,C150,2026-07-06T02:34:00.111Z,358.92,CANCELLED
ORD-7596,C45,2026-08-21T00:57:15.263Z,902.80,PAID
ORD-7597,C492,2026-09-27T07:50:26.549Z,602.94,SHIPPED
ORD-7598,C1107,2026-09-18T20:07:02.153Z,482.16,PENDING
ORD-7599,C1873,2026-08-09T01:39:08.487Z,427.76,CANCELLED
ORD-7600,C1083,2026-08-30T09:53:52.346Z,587.81,PAID
ORD-7601,C616,2026-07-16T18:50:01.715Z,413.94,SHIPPED
ORD-7602,C1513,2026-08-27T23:50:51.227Z,462.01,PENDING
ORD-7603,C1378,2026-08-22T23:17:17.754Z,58.91,CANCELLED
ORD-7604,C1033,2026-08-04T04:03:42.727Z,181.30,PAID
ORD-7605,C625,2026-08-19T13:03:04.922Z,245.61,SHIPPED
ORD-7606,C437,2026-09-28T23:45:31.931Z,147.69,PENDING
ORD-7607,C1516,2026-07-12T20:42:27.301Z,685.27,CANCELLED
ORD-7608,C1945,2026-09-18T13:00:41.222Z,315.89,PAID
ORD-7609,C863,2026-07-05T13:05:17.772Z,60.61,SHIPPED
ORD-7610,C151,2026-08-26T10:03:44.947Z,590.04,PENDING
ORD-7611,C608,2026-08-13T15:12:35.089Z,167.25,CANCELLED
ORD-7612,C955,2026-07-22T05:50:48.868Z,701.73,PAID
ORD-7613,C860,2026-08-06T17:44:34.960Z,683.72,SHIPPED
ORD-7614,C880,2026-08-30T11:44:34.297Z,139.09,PENDING
ORD-7615,C1734,2026-07-16T17:12:04.578Z,277.37,CANCELLED
ORD-7616,C98,2026-07-21T12:21:17.934Z,908.28,PAID
ORD-7617,C1864,2026-08-25T05:33:05.183Z,603.95,SHIPPED
ORD-7618,C248,2026-07-18T22:32:08.003Z,599.77,PENDING
ORD-7619,C734,2026-09-06T10:37:02.251Z,82.85,CANCELLED
ORD-7620,C132,2026-09-19T02:06:12.433Z,757.52,PAID
ORD-7621,C71,2026-08-06T22:15:03.372Z,619.08,SHIPPED
ORD-7622,C1955,2026-07-16T03:38:13.028Z,926.01,PENDING
ORD-7623,C904,2026-09-11T13:15:20.991Z,743.67,CANCELLED
ORD-7624,C1502,2026-08-09T00:16:51.535Z,846.83,PAID
ORD-7625,C1603,2026-09-02T11:56:07.662Z,384.27,SHIPPED
ORD-7626,C1642,2026-09-01T05:31:32.680Z,171.95,PENDING
ORD-7627,C184,2026-08-22T23:28:34.753Z,181.21,CANCELLED
ORD-7628,C1026,2026-07-31T16:55:18.636Z,575.05,PAID
ORD-7629,C331,2026-07-21T13:46:59.894Z,248.93,SHIPPED
ORD-7630,C149,2026-07-03T20:09:42.109Z,345.11,PENDING
ORD-7631,C1960,2026-09-26T04:52:31.457Z,470.35,CANCELLED
ORD-7632,C368,2026-09-15T09:46:11.797Z,910.56,PAID
ORD-7633,C136,2026-07-06T12:33:03.152Z,539.19,SHIPPED
ORD-7634,C1049,2026-09-03T03:59:00.231Z,909.01,PENDING
ORD-7635,C1449,2026-07-04T11:42:10.534Z,362.45,CANCELLED
ORD-7636,C1226,2026-09-04T16:25:14.773Z,278.79,PAID
ORD-7637,C509,2026-07-29T01:51:36.218Z,446.92,SHIPPED
ORD-7638,C106,2026-09-27T09:07:18.361Z,519.56,PENDING
ORD-7639,C1704,2026-08-28T11:38:50.419Z,353.51,CANCELLED
ORD-7640,C109,2026-08-01T08:04:43.916Z,747.20,PAID
ORD-7641,C1898,2026-09-07T03:35:43.475Z,466.83,SHIPPED
ORD-7642,C417,2026-09-23T04:17:37.070Z,911.91,PENDING
ORD-7643,C800,2026-07-07T13:28:50.276Z,207.54,CANCELLED
ORD-7644,C1827,2026-08-19T06:30:51.385Z,44.94,PAID
ORD-7645,C1543,2026-08-08T09:11:39.878Z,451.35,SHIPPED
ORD-7646,C1581,2026-07-08T04:37:44.195Z,440.55,PENDING
ORD-7647,C1129,2026-09-08T12:38:15.611Z,581.04,CANCELLED
ORD-7648,C1942,2026-08-02T05:20:52.872Z,572.32,PAID
ORD-7649,C128,2026-07-18T14:21:08.850Z,829.11,SHIPPED
ORD-7650,C1503,2026-09-30T13:26:46.227Z,603.99,PENDING
ORD-7651,C1972,2026-07-19T00:14:58.506Z,14.69,CANCELLED
ORD-7652,C1177,2026-08-13T14:37:23.627Z,6.25,PAID
ORD-7653,C1431,2026-08-18T20:35:50.792Z,137.16,SHIPPED
ORD-7654,C655,2026-08-27T22:57:54.234Z,980.86,PENDING
ORD-7655,C712,2026-08-19T04:47:56.641Z,824.30,CANCELLED
ORD-7656,C1995,2026-07-08T19:54:50.537Z,386.24,PAID
ORD-7657,C1042,2026-08-17T21:49:55.582Z,836.24,SHIPPED
ORD-7658,C602,2026-08-13T16:29:14.952Z,997.68,PENDING
ORD-7659,C82,2026-07-13T06:25:08.886Z,167.41,CANCELLED
ORD-7660,C1916,2026-07-17T16:42:45.524Z,540.91,PAID
ORD-7661,C285,2026-07-28T01:04:46.894Z,837.23,SHIPPED
ORD-7662,C1788,2026-09-25T08:46:09.395Z,607.50,PENDING
ORD-7663,C1305,2026-09-18T14:02:52.590Z,430.09,CANCELLED
ORD-7664,C1570,2026-08-15T10:37:47.664Z,126.17,PAID
ORD-7665,C1709,2026-07-25T02:16:56.896Z,160.03,SHIPPED
ORD-7666,C1322,2026-09-02T00:26:16.944Z,540.91,PENDING
ORD-7667,C1770,2026-09-25T02:15:39.876Z,731.23,CANCELLED
ORD-7668,C1540,2026-08-23T18:46:17.591Z,324.94,PAID
ORD-7669,C1311,2026-08-06T16:31:33.945Z,993.77,SHIPPED
ORD-7670,C137,2026-09-21T22:45:55.109Z,783.45,PENDING
ORD-7671,C938,2026-08-18T23:27:47.091Z,702.96,CANCELLED
ORD-7672,C1500,2026-09-07T07:15:48.884Z,662.87,PAID
ORD-7673,C1882,2026-07-24T18:36:42.066Z,554.22,SHIPPED
ORD-7674,C592,2026-09-18T15:15:20.292Z,95.22,PENDING
ORD-7675,C750,2026-07-21T05:21:16.322Z,487.55,CANCELLED
ORD-7676,C1846,2026-09-21T07:33:36.898Z,26.77,PAID
ORD-7677,C1852,2026-07-24T19:16:18.311Z,988.46,SHIPPED
ORD-7678,C1615,2026-08-24T16:07:30.152Z,436.35,PENDING
ORD-7679,C1609,2026-09-01T06:08:54.958Z,880.46,CANCELLED
ORD-7680,C1629,2026-08-14T11:56:32.605Z,134.42,PAID
ORD-7681,C1648,2026-08-25T03:32:40.049Z,607.53,SHIPPED
ORD-7682,C1664,2026-09-24T07:04:35.046Z,662.70,PENDING
ORD-7683,C625,2026-07-15T05:42:23.349Z,347.14,CANCELLED
ORD-7684,C1708,2026-09-17T20:35:17.881Z,481.10,PAID
ORD-7685,C108,2026-09-09T19:35:49.409Z,441.75,SHIPPED
ORD-7686,C1414,2026-07-15T20:53:33.466Z,518.27,PENDING
ORD-7687,C1257,2026-07-23T22:01:52.696Z,976.71,CANCELLED
ORD-7688,C1534,2026-07-25T07:26:35.474Z,712.45,PAID
ORD-7689,C1141,2026-08-05T19:30:23.317Z,896.63,SHIPPED
ORD-7690,C2,2026-08-09T01:01:06.810Z,316.57,PENDING
ORD-7691,C802,2026-07-11T23:30:29.928Z,318.79,CANCELLED
ORD-7692,C477,2026-07-15T03:18:35.595Z,191.08,PAID
ORD-7693,C156,2026-07-07T17:57:08.687Z,275.57,SHIPPED
ORD-7694,C647,2026-08-19T15:22:30.534Z,345.62,PENDING
ORD-7695,C228,2026-08-01T11:51:59.727Z,746.61,CANCELLED
ORD-7696,C1252,2026-09-11T11:44:02.135Z,92.47,PAID
ORD-7697,C260,2026-07-23T19:07:28.977Z,390.72,SHIPPED
ORD-7698,C1044,2026-08-11T20:26:53.761Z,978.08,PENDING
ORD-7699,C412,2026-09-08T03:14:09.167Z,143.33,CANCELLED
ORD-7700,C1876,2026-09-12T16:29:46.956Z,703.42,PAID
ORD-7701,C1114,2026-09-11T17:20:21.471Z,197.77,SHIPPED
ORD-7702,C124,2026-09-24T00:25:02.101Z,817.94,PENDING
ORD-7703,C1943,2026-08-17T17:37:05.936Z,81.12,CANCELLED
ORD-7704,C99,2026-07-12T19:32:48.538Z,370.52,PAID
ORD-7705,C175,2026-07-27T15:57:07.744Z,777.46,SHIPPED
ORD-7706,C1351,2026-09-01T17:09:43.147Z,512.11,PENDING
ORD-7707,C1830,2026-09-23T09:52:24.386Z,421.06,CANCELLED
ORD-7708,C1455,2026-08-29T23:42:01.682Z,109.52,PAID
ORD-7709,C67,2026-07-14T22:19:19.146Z,641.28,SHIPPED
ORD-7710,C921,2026-07-26T08:23:56.212Z,385.95,PENDING
ORD-7711,C1224,2026-07-09T20:21:26.810Z,297.37,CANCELLED
ORD-7712,C866,2026-09-30T04:19:09.689Z,491.67,PAID
ORD-7713,C1280,2026-09-14T03:32:10.102Z,261.70,SHIPPED
ORD-7714,C1069,2026-07-23T07:24:09.438Z,471.40,PENDING
ORD-7715,C1296,2026-08-12T01:13:26.398Z,997.35,CANCELLED
ORD-7716,C1173,2026-07-10T21:58:15.034Z,770.87,PAID
ORD-7717,C86,2026-08-22T19:50:59.825Z,977.30,SHIPPED
ORD-7718,C1979,2026-07-04T03:24:13.042Z,592.87,PENDING
ORD-7719,C294,2026-07-25T21:51:09.673Z,269.44,CANCELLED
ORD-7720,C642,2026-08-17T13:33:12.698Z,314.42,PAID
ORD-7721,C822,2026-08-15T18:40:37.747Z,402.15,SHIPPED
ORD-7722,C562,2026-09-23T10:10:13.445Z,240.83,PENDING
ORD-7723,C289,2026-09-28T21:54:13.970Z,749.77,CANCELLED
ORD-7724,C74,2026-09-13T04:56:50.060Z,180.79,PAID
ORD-7725,C1908,2026-09-04T12:12:40.623Z,223.67,SHIPPED
ORD-7726,C1194,2026-07-27T11:28:06.245Z,175.79,PENDING
ORD-7727,C704,2026-07-29T05:07:37.571Z,503.77,CANCELLED
ORD-7728,C113,2026-07-20T17:21:13.236Z,701.48,PAID
ORD-7729,C933,2026-07-16T09:20:33.445Z,260.87,SHIPPED
ORD-7730,C521,2026-08-02T01:52:37.396Z,328.63,PENDING
ORD-7731,C1911,2026-09-04T00:13:13.083Z,806.82,CANCELLED
ORD-7732,C1216,2026-07-18T13:38:13.570Z,97.16,PAID
ORD-7733,C385,2026-09-30T01:08:52.143Z,868.24,SHIPPED
ORD-7734,C917,2026-08-03T06:47:45.205Z,285.28,PENDING
ORD-7735,C1307,2026-07-10T07:41:58.098Z,801.47,CANCELLED
ORD-7736,C936,2026-07-31T04:55:13.399Z,630.74,PAID
ORD-7737,C1625,2026-09-06T03:48:10.272Z,335.28,SHIPPED
ORD-7738,C1383,2026-07-27T08:50:28.111Z,639.50,PENDING
ORD-7739,C894,2026-09-15T04:59:56.405Z,87.08,CANCELLED
ORD-7740,C1543,2026-08-28T02:48:45.388Z,86.09,PAID
ORD-7741,C135,2026-07-22T13:06:12.586Z,116.59,SHIPPED
ORD-7742,C468,2026-09-30T18:00:13.560Z,994.52,PENDING
ORD-7743,C1458,2026-07-25T14:56:23.766Z,24.22,CANCELLED
ORD-7744,C1316,2026-07-24T00:59:28.663Z,132.64,PAID
ORD-7745,C322,2026-09-05T02:47:38.951Z,32.54,SHIPPED
ORD-7746,C225,2026-09-11T13:15:12.209Z,777.20,PENDING
ORD-7747,C1469,2026-08-16T16:26:26.071Z,734.65,CANCELLED
ORD-7748,C1061,2026-09-24T13:58:54.753Z,416.27,PAID
ORD-7749,C64,2026-08-05T02:57:11.812Z,759.36,SHIPPED
ORD-7750,C401,2026-09-07T15:20:58.185Z,497.33,PENDING
ORD-7751,C533,2026-07-27T18:50:51.949Z,571.54,CANCELLED
ORD-7752,C17,2026-07-14T15:00:54.920Z,430.98,PAID
ORD-7753,C1355,2026-09-20T15:05:56.251Z,685.06,SHIPPED
ORD-7754,C1943,2026-09-25T05:10:49.135Z,539.72,PENDING
ORD-7755,C725,2026-09-27T16:38:51.719Z,362.49,CANCELLED
ORD-7756,C152,2026-08-01T11:01:17.430Z,946.93,PAID
ORD-7757,C1468,2026-09-03T19:37:55.297Z,30.46,SHIPPED
ORD-7758,C1409,2026-07-13T09:36:19.021Z,154.91,PENDING
ORD-7759,C420,2026-09-21T08:57:36.375Z,115.72,CANCELLED
ORD-7760,C937,2026-07-24T06:23:24.228Z,155.06,PAID
ORD-7761,C1457,2026-09-18T14:44:58.011Z,435.37,SHIPPED
ORD-7762,C1963,2026-07-14T22:22:09.242Z,489.80,PENDING
ORD-7763,C478,2026-08-22T05:56:34.612Z,587.98,CANCELLED
ORD-7764,C387,2026-08-03T15:11:41.201Z,865.57,PAID
ORD-7765,C1054,2026-08-03T08:00:05.343Z,313.69,SHIPPED
ORD-7766,C20,2026-08-11T04:42:18.329Z,790.01,PENDING
ORD-7767,C1076,2026-07-27T19:09:49.835Z,638.47,CANCELLED
ORD-7768,C1375,2026-07-24T14:43:11.633Z,105.90,PAID
ORD-7769,C1514,2026-08-11T03:39:36.277Z,67.09,SHIPPED
ORD-7770,C41,2026-08-18T00:46:54.215Z,789.48,PENDING
ORD-7771,C1206,2026-09-26T13:52:16.419Z,291.31,CANCELLED
ORD-7772,C1675,2026-09-23T10:12:33.114Z,478.10,PAID
ORD-7773,C1991,2026-07-09T20:11:13.768Z,720.85,SHIPPED
ORD-7774,C653,2026-09-27T04:13:54.069Z,366.52,PENDING
ORD-7775,C423,2026-09-25T02:44:01.792Z,520.88,CANCELLED
ORD-7776,C623,2026-07-28T21:13:48.528Z,871.93,PAID
ORD-7777,C173,2026-09-07T22:59:06.738Z,521.50,SHIPPED
ORD-7778,C275,2026-07-29T16:27:36.072Z,910.07,PENDING
ORD-7779,C1271,2026-07-21T08:48:01.074Z,446.35,CANCELLED
ORD-7780,C634,2026-09-09T13:55:58.975Z,937.51,PAID
ORD-7781,C409,2026-07-18T02:57:13.928Z,617.28,SHIPPED
ORD-7782,C140,2026-08-03T01:59:40.798Z,610.25,PENDING
ORD-7783,C534,2026-09-13T10:08:07.241Z,169.91,CANCELLED
ORD-7784,C38,2026-08-24T16:05:19.523Z,600.76,PAID
ORD-7785,C382,2026-09-14T03:46:51.961Z,300.86,SHIPPED
ORD-7786,C147,2026-08-23T11:02:00.138Z,611.68,PENDING
ORD-7787,C465,2026-09-13T23:10:25.670Z,657.64,CANCELLED
ORD-7788,C70,2026-09-17T04:12:17.574Z,498.49,PAID
ORD-7789,C977,2026-09-26T13:14:03.379Z,682.09,SHIPPED
ORD-7790,C270,2026-07-14T01:14:59.846Z,219.81,PENDING
ORD-7791,C1681,2026-08-04T07:54:41.770Z,509.26,CANCELLED
ORD-7792,C434,2026-09-13T01:20:00.940Z,973.32,PAID
ORD-7793,C580,2026-09-28T07:57:13.803Z,642.84,SHIPPED
ORD-7794,C607,2026-07-30T13:18:21.560Z,772.39,PENDING
ORD-7795,C1054,2026-07-12T07:46:35.137Z,755.09,CANCELLED
ORD-7796,C1857,2026-07-13T17:00:54.948Z,396.96,PAID
ORD-7797,C113,2026-08-01T15:20:25.622Z,66.18,SHIPPED
ORD-7798,C1170,2026-07-26T06:03:23.744Z,798.82,PENDING
ORD-7799,C24,2026-09-14T06:40:48.366Z,894.05,CANCELLED
ORD-7800,C105,2026-07-12T01:39:10.445Z,372.53,PAID
ORD-7801,C1520,2026-07-26T23:42:34.216Z,503.09,SHIPPED
ORD-7802,C524,2026-08-27T16:51:54.686Z,967.65,PENDING
ORD-7803,C860,2026-07-03T12:56:25.595Z,861.80,CANCELLED
ORD-7804,C863,2026-08-03T10:42:15.671Z,120.60,PAID
ORD-7805,C984,2026-07-27T08:27:54.292Z,249.69,SHIPPED
ORD-7806,C521,2026-08-25T08:12:00.298Z,560.52,PENDING
ORD-7807,C596,2026-09-26T21:13:30.312Z,246.98,CANCELLED
ORD-7808,C76,2026-07-09T09:15:24.356Z,634.07,PAID
ORD-7809,C1358,2026-07-13T15:13:02.595Z,426.74,SHIPPED
ORD-7810,C319,2026-08-23T07:52:42.906Z,603.19,PENDING
ORD-7811,C1948,2026-08-02T23:14:19.756Z,366.47,CANCELLED
ORD-7812,C1485,2026-08-12T02:19:37.452Z,967.67,PAID
ORD-7813,C887,2026-09-25T17:28:45.685Z,592.82,SHIPPED
ORD-7814,C585,2026-07-22T18:55:49.692Z,960.46,PENDING
ORD-7815,C1062,2026-09-13T19:10:44.010Z,705.69,CANCELLED
ORD-7816,C1041,2026-09-19T11:09:20.197Z,197.65,PAID
ORD-7817,C702,2026-09-14T01:14:40.590Z,75.78,SHIPPED
ORD-7818,C1781,2026-07-31T22:46:43.199Z,788.00,PENDING
ORD-7819,C1919,2026-07-27T18:05:47.956Z,814.03,CANCELLED
ORD-7820,C1029,2026-07-28T17:47:35.868Z,925.46,PAID
ORD-7821,C1346,2026-07-31T10:55:56.428Z,465.22,SHIPPED
ORD-7822,C1565,2026-09-22T02:48:13.089Z,501.87,PENDING
ORD-7823,C1357,2026-09-03T05:01:48.261Z,781.87,CANCELLED
ORD-7824,C1150,2026-07-21T21:34:46.623Z,788.36,PAID
ORD-7825,C1184,2026-08-21T16:56:15.154Z,605.87,SHIPPED
ORD-7826,C439,2026-08-31T18:11:06.018Z,133.83,PENDING
ORD-7827,C1244,2026-08-28T23:07:39.546Z,129.28,CANCELLED
ORD-7828,C436,2026-07-15T04:34:34.351Z,75.99,PAID
ORD-7829,C1344,2026-08-22T01:45:02.964Z,9.61,SHIPPED
ORD-7830,C679,2026-07-09T02:41:50.572Z,235.29,PENDING
ORD-7831,C1684,2026-08-04T18:28:02.049Z,963.84,CANCELLED
ORD-7832,C1539,2026-07-22T19:23:37.412Z,689.24,PAID
ORD-7833,C1762,2026-09-28T16:53:09.881Z,31.76,SHIPPED
ORD-7834,C1232,2026-09-16T22:08:18.860Z,29.43,PENDING
ORD-7835,C773,2026-08-27T08:19:40.585Z,681.16,CANCELLED
ORD-7836,C1941,2026-09-24T18:06:08.979Z,344.04,PAID
ORD-7837,C857,2026-09-25T21:16:00.792Z,24.27,SHIPPED
ORD-7838,C1253,2026-09-01T12:14:27.119Z,2.83,PENDING
ORD-7839,C1278,2026-08-30T11:56:33.211Z,607.48,CANCELLED
ORD-7840,C1222,2026-07-10T15:57:30.795Z,43.17,PAID
ORD-7841,C1266,2026-09-22T01:22:03.332Z,125.00,SHIPPED
ORD-7842,C1646,2026-09-10T12:38:25.192Z,402.21,PENDING
ORD-7843,C1816,2026-09-24T18:57:47.524Z,15.03,CANCELLED
ORD-7844,C1914,2026-09-11T17:51:15.691Z,389.51,PAID
ORD-7845,C528,2026-09-30T14:48:42.842Z,646.28,SHIPPED
ORD-7846,C356,2026-08-25T20:05:58.567Z,416.17,PENDING
ORD-7847,C806,2026-09-13T02:38:17.239Z,810.84,CANCELLED
ORD-7848,C47,2026-08-02T09:53:15.749Z,875.39,PAID
ORD-7849,C281,2026-09-19T23:12:43.944Z,751.32,SHIPPED
ORD-7850,C140,2026-08-12T07:28:20.256Z,863.01,PENDING
ORD-7851,C369,2026-08-28T15:52:52.916Z,973.42,CANCELLED
ORD-7852,C1412,2026-09-23T11:55:02.825Z,741.21,PAID
ORD-7853,C1533,2026-08-16T19:37:45.699Z,918.38,SHIPPED
ORD-7854,C873,2026-09-16T03:53:17.032Z,377.39,PENDING
ORD-7855,C1081,2026-09-24T10:54:01.859Z,182.31,CANCELLED
ORD-7856,C1393,2026-08-13T21:41:37.371Z,706.09,PAID
ORD-7857,C1174,2026-09-12T05:45:34.827Z,949.63,SHIPPED
ORD-7858,C1981,2026-08-25T05:33:36.691Z,420.05,PENDING
ORD-7859,C1984,2026-07-14T00:59:44.891Z,753.50,CANCELLED
ORD-7860,C1822,2026-07-19T14:51:28.136Z,626.28,PAID
ORD-7861,C566,2026-08-30T03:29:58.998Z,884.72,SHIPPED
ORD-7862,C1226,2026-08-09T15:35:24.615Z,624.21,PENDING
ORD-7863,C526,2026-07-27T01:24:22.730Z,923.19,CANCELLED
ORD-7864,C1662,2026-09-24T03:20:20.230Z,802.60,PAID
ORD-7865,C1525,2026-08-28T07:52:45.651Z,831.64,SHIPPED
ORD-7866,C993,2026-09-10T15:43:50.902Z,830.38,PENDING
ORD-7867,C886,2026-08-22T06:49:24.266Z,995.44,CANCELLED
ORD-7868,C1682,2026-08-04T08:45:40.539Z,16.79,PAID
ORD-7869,C905,2026-07-04T13:17:34.707Z,789.56,SHIPPED
ORD-7870,C1439,2026-07-14T06:15:42.285Z,972.31,PENDING
ORD-7871,C1199,2026-09-08T00:50:38.004Z,571.09,CANCELLED
ORD-7872,C855,2026-09-16T04:28:38.728Z,241.52,PAID
ORD-7873,C1631,2026-09-04T16:27:15.959Z,440.53,SHIPPED
ORD-7874,C294,2026-09-21T18:41:02.287Z,974.19,PENDING
ORD-7875,C1121,2026-09-12T00:18:39.036Z,362.29,CANCELLED
ORD-7876,C698,2026-07-27T15:23:18.791Z,864.91,PAID
ORD-7877,C1650,2026-07-13T18:21:02.115Z,432.94,SHIPPED
ORD-7878,C1077,2026-08-30T18:15:24.616Z,750.42,PENDING
ORD-7879,C1724,2026-08-20T15:54:22.186Z,912.59,CANCELLED
ORD-7880,C958,2026-07-25T05:40:24.099Z,977.37,PAID
ORD-7881,C684,2026-09-21T07:41:42.500Z,167.89,SHIPPED
ORD-7882,C1533,2026-08-11T09:13:36.290Z,515.70,PENDING
ORD-7883,C75,2026-07-28T00:06:56.207Z,563.57,CANCELLED
ORD-7884,C1565,2026-08-20T07:39:21.309Z,813.74,PAID
ORD-7885,C1796,2026-09-29T12:47:10.074Z,259.63,SHIPPED
ORD-7886,C1517,2026-07-19T06:38:30.934Z,392.17,PENDING
ORD-7887,C620,2026-08-30T21:58:30.360Z,708.54,CANCELLED
ORD-7888,C299,2026-08-10T20:56:23.520Z,154.32,PAID
ORD-7889,C547,2026-09-21T11:19:00.554Z,685.34,SHIPPED
ORD-7890,C1047,2026-08-23T21:58:00.196Z,677.24,PENDING
ORD-7891,C1772,2026-09-12T12:28:12.271Z,968.70,CANCELLED
ORD-7892,C1809,2026-08-16T20:56:17.872Z,206.25,PAID
ORD-7893,C210,2026-09-20T19:46:40.863Z,914.66,SHIPPED
ORD-7894,C1113,2026-08-07T22:14:08.163Z,47.45,PENDING
ORD-7895,C569,2026-08-16T11:57:04.518Z,486.55,CANCELLED
ORD-7896,C82,2026-09-30T23:07:40.932Z,497.33,PAID
ORD-7897,C1418,2026-08-27T18:04:11.036Z,952.93,SHIPPED
ORD-7898,C738,2026-08-01T02:29:46.228Z,890.53,PENDING
ORD-7899,C214,2026-08-14T11:37:35.413Z,158.25,CANCELLED
ORD-7900,C1666,2026-08-11T10:48:30.736Z,239.76,PAID
ORD-7901,C291,2026-07-22T13:50:30.204Z,955.86,SHIPPED
ORD-7902,C619,2026-08-30T22:12:42.767Z,998.23,PENDING
ORD-7903,C1972,2026-09-18T05:47:48.687Z,232.04,CANCELLED
ORD-7904,C1774,2026-07-25T12:58:30.436Z,17.22,PAID
ORD-7905,C193,2026-09-14T18:32:34.681Z,671.49,SHIPPED
ORD-7906,C56,2026-08-20T05:43:40.450Z,182.45,PENDING
ORD-7907,C307,2026-07-16T09:18:42.480Z,348.54,CANCELLED
ORD-7908,C1148,2026-09-03T07:08:17.251Z,918.82,PAID
ORD-7909,C504,2026-09-19T00:23:43.476Z,750.15,SHIPPED
ORD-7910,C207,2026-09-30T12:38:58.390Z,535.17,PENDING
ORD-7911,C339,2026-08-11T21:36:51.325Z,595.36,CANCELLED
ORD-7912,C1257,2026-08-01T07:20:01.626Z,47.50,PAID
ORD-7913,C1196,2026-08-20T15:31:53.005Z,737.48,SHIPPED
ORD-7914,C886,2026-07-15T19:10:01.860Z,598.00,PENDING
ORD-7915,C784,2026-09-04T14:03:47.267Z,754.03,CANCELLED
ORD-7916,C792,2026-09-25T10:50:28.206Z,368.65,PAID
ORD-7917,C1978,2026-09-08T01:06:28.374Z,83.57,SHIPPED
ORD-7918,C441,2026-08-09T22:03:45.148Z,955.55,PENDING
ORD-7919,C1469,2026-09-29T20:56:11.402Z,152.29,CANCELLED
ORD-7920,C885,2026-08-10T16:28:42.103Z,967.00,PAID
ORD-7921,C1585,2026-07-27T04:17:04.279Z,579.69,SHIPPED
ORD-7922,C281,2026-07-22T16:09:09.141Z,137.26,PENDING
ORD-7923,C493,2026-08-13T07:30:57.855Z,981.39,CANCELLED
ORD-7924,C1729,2026-09-26T14:49:48.643Z,563.92,PAID
ORD-7925,C1976,2026-07-24T21:27:26.887Z,374.34,SHIPPED
ORD-7926,C878,2026-07-29T01:19:13.370Z,327.13,PENDING
ORD-7927,C527,2026-08-04T06:36:49.457Z,524.16,CANCELLED
ORD-7928,C631,2026-09-24T07:01:21.858Z,638.33,PAID
ORD-7929,C1661,2026-08-12T16:00:56.594Z,252.50,SHIPPED
ORD-7930,C26,2026-08-28T09:17:18.309Z,795.30,PENDING
ORD-7931,C528,2026-08-17T14:12:10.936Z,563.16,CANCELLED
ORD-7932,C139,2026-07-10T00:10:02.881Z,351.71,PAID
ORD-7933,C1273,2026-07-16T15:12:09.451Z,353.79,SHIPPED
ORD-7934,C1378,2026-09-04T22:22:53.161Z,692.09,PENDING
ORD-7935,C757,2026-07-21T09:38:39.137Z,219.76,CANCELLED
ORD-7936,C296,2026-08-12T16:14:10.464Z,207.90,PAID
ORD-7937,C1053,2026-09-15T10:09:24.635Z,886.36,SHIPPED
ORD-7938,C17,2026-09-19T13:15:57.941Z,493.70,PENDING
ORD-7939,C900,2026-07-23T12:24:20.731Z,879.90,CANCELLED
ORD-7940,C937,2026-07-20T13:21:14.503Z,720.93,PAID
ORD-7941,C1082,2026-08-30T09:33:43.884Z,620.61,SHIPPED
ORD-7942,C1023,2026-07-07T04:33:01.588Z,24.96,PENDING
ORD-7943,C397,2026-09-24T10:02:37.658Z,317.67,CANCELLED
ORD-7944,C397,2026-08-16T10:29:51.667Z,24.63,PAID
ORD-7945,C1247,2026-09-17T11:48:32.694Z,358.19,SHIPPED
ORD-7946,C259,2026-09-11T08:58:48.075Z,562.96,PENDING
ORD-7947,C243,2026-08-17T22:18:47.770Z,674.24,CANCELLED
ORD-7948,C1086,2026-08-22T00:52:04.808Z,597.70,PAID
ORD-7949,C1971,2026-07-22T08:59:16.923Z,971.57,SHIPPED
ORD-7950,C1096,2026-07-05T01:44:20.789Z,127.02,PENDING
ORD-7951,C223,2026-08-01T05:38:33.293Z,984.42,CANCELLED
ORD-7952,C308,2026-09-30T09:30:03.392Z,546.30,PAID
ORD-7953,C1888,2026-08-17T07:21:32.909Z,392.07,SHIPPED
ORD-7954,C1407,2026-09-24T01:05:09.609Z,333.73,PENDING
ORD-7955,C1441,2026-07-16T22:55:15.345Z,539.38,CANCELLED
ORD-7956,C1083,2026-07-20T04:47:05.390Z,791.40,PAID
ORD-7957,C1746,2026-08-06T07:37:12.664Z,959.21,SHIPPED
ORD-7958,C212,2026-07-04T18:56:56.487Z,942.37,PENDING
ORD-7959,C52,2026-08-01T00:20:54.963Z,866.74,CANCELLED
ORD-7960,C1604,2026-08-28T14:55:59.219Z,596.19,PAID
ORD-7961,C1353,2026-07-16T18:55:12.327Z,674.96,SHIPPED
ORD-7962,C1080,2026-07-21T15:38:10.864Z,763.29,PENDING
ORD-7963,C157,2026-09-03T08:06:00.319Z,795.58,CANCELLED
ORD-7964,C745,2026-09-21T00:24:31.205Z,187.48,PAID
ORD-7965,C854,2026-07-05T03:56:29.948Z,853.17,SHIPPED
ORD-7966,C378,2026-08-28T19:56:12.687Z,92.59,PENDING
ORD-7967,C42,2026-08-18T05:33:15.608Z,160.85,CANCELLED
ORD-7968,C44,2026-09-25T13:16:00.710Z,713.03,PAID
ORD-7969,C258,2026-08-13T13:37:26.990Z,173.47,SHIPPED
ORD-7970,C1518,2026-09-14T18:05:34.746Z,355.54,PENDING
ORD-7971,C302,2026-10-01T03:11:06.266Z,959.63,CANCELLED
ORD-7972,C12,2026-08-26T10:47:39.315Z,943.08,PAID
ORD-7973,C354,2026-07-22T04:27:55.215Z,44.43,SHIPPED
ORD-7974,C1628,2026-08-31T06:42:32.243Z,221.75,PENDING
ORD-7975,C906,2026-09-21T02:00:56.615Z,499.96,CANCELLED
ORD-7976,C252,2026-08-25T10:14:15.301Z,137.38,PAID
ORD-7977,C474,2026-08-29T09:12:56.089Z,316.38,SHIPPED
ORD-7978,C25,2026-08-11T13:55:24.924Z,433.69,PENDING
ORD-7979,C711,2026-09-08T13:09:54.206Z,582.30,CANCELLED
ORD-7980,C1089,2026-08-26T14:21:44.438Z,533.57,PAID
ORD-7981,C10,2026-07-14T05:08:39.379Z,492.85,SHIPPED
ORD-7982,C1029,2026-09-07T00:25:16.990Z,428.42,PENDING
ORD-7983,C1305,2026-08-13T10:42:33.543Z,656.77,CANCELLED
ORD-7984,C166,2026-08-18T02:47:28.913Z,252.47,PAID
ORD-7985,C1918,2026-09-24T12:33:12.390Z,862.24,SHIPPED
ORD-7986,C1310,2026-07-14T09:05:19.472Z,484.14,PENDING
ORD-7987,C103,2026-07-21T19:49:45.839Z,427.32,CANCELLED
ORD-7988,C1837,2026-08-28T15:53:14.076Z,552.54,PAID
ORD-7989,C1592,2026-08-21T06:14:15.766Z,120.92,SHIPPED
ORD-7990,C1195,2026-08-25T01:51:30.984Z,378.93,PENDING
ORD-7991,C424,2026-07-22T08:36:03.735Z,167.04,CANCELLED
ORD-7992,C165,2026-09-09T06:10:10.892Z,414.19,PAID
ORD-7993,C696,2026-08-29T03:31:49.335Z,550.41,SHIPPED
ORD-7994,C864,2026-07-28T08:46:20.852Z,261.33,PENDING
ORD-7995,C1312,2026-07-13T06:32:18.133Z,851.27,CANCELLED
ORD-7996,C1584,2026-07-25T08:33:22.935Z,267.21,PAID
ORD-7997,C336,2026-07-13T23:37:48.145Z,924.05,SHIPPED
ORD-7998,C1381,2026-07-06T02:57:57.927Z,188.14,PENDING
ORD-7999,C1950,2026-09-12T01:39:17.137Z,652.82,CANCELLED
ORD-8000,C1021,not-a-date,647.91,PAID
ORD-8001,C10,2026-09-16T19:19:25.613Z,858.39,SHIPPED
ORD-8002,C1572,2026-09-07T19:46:03.516Z,722.60,PENDING
ORD-8003,C961,2026-08-10T20:24:06.791Z,252.49,CANCELLED
ORD-8004,C1485,2026-09-30T19:36:33.370Z,197.36,PAID
ORD-8005,C1307,2026-08-10T00:29:13.250Z,652.45,SHIPPED
ORD-8006,C1868,2026-08-08T13:40:44.502Z,129.89,PENDING
ORD-8007,C746,2026-08-16T15:29:06.995Z,682.34,CANCELLED
ORD-8008,C833,2026-08-14T09:11:45.915Z,110.60,PAID
ORD-8009,C991,2026-08-17T02:01:36.383Z,566.36,SHIPPED
ORD-8010,C509,2026-09-14T16:55:38.120Z,276.54,PENDING
ORD-8011,C1752,2026-09-05T15:51:02.328Z,52.75,CANCELLED
ORD-8012,C1211,2026-09-26T06:32:49.427Z,974.44,PAID
ORD-8013,C907,2026-07-21T04:38:13.121Z,773.87,SHIPPED
ORD-8014,C1892,2026-07-16T18:21:32.454Z,86.66,PENDING
ORD-8015,C183,2026-08-08T01:32:13.358Z,194.19,CANCELLED
ORD-8016,C1573,2026-08-21T08:55:23.750Z,61.41,PAID
ORD-8017,C1437,2026-09-24T03:08:10.241Z,793.16,SHIPPED
ORD-8018,C1413,2026-08-09T23:39:03.455Z,873.32,PENDING
ORD-8019,C133,2026-09-27T12:52:27.965Z,451.26,CANCELLED
ORD-8020,C1591,2026-09-12T02:43:27.257Z,778.91,PAID
ORD-8021,C534,2026-08-06T08:09:28.575Z,503.06,SHIPPED
ORD-8022,C672,2026-08-20T02:40:09.306Z,905.52,PENDING
ORD-8023,C283,2026-08-31T09:49:03.507Z,307.81,CANCELLED
ORD-8024,C1946,2026-07-08T09:59:25.599Z,548.98,PAID
ORD-8025,C35,2026-08-30T18:26:59.776Z,620.17,SHIPPED
ORD-8026,C43,2026-09-12T16:51:36.014Z,612.08,PENDING
ORD-8027,C1830,2026-08-21T06:03:20.572Z,26.25,CANCELLED
ORD-8028,C160,2026-08-13T11:30:03.661Z,836.35,PAID
ORD-8029,C1512,2026-07-29T03:41:16.842Z,378.84,SHIPPED
ORD-8030,C1407,2026-08-15T17:20:20.670Z,73.24,PENDING
ORD-8031,C1773,2026-08-08T11:28:42.054Z,954.68,CANCELLED
ORD-8032,C1383,2026-07-23T12:24:55.291Z,468.42,PAID
ORD-8033,C232,2026-09-26T01:24:42.098Z,994.30,SHIPPED
ORD-8034,C545,2026-08-02T21:05:20.210Z,534.78,PENDING
ORD-8035,C1547,2026-09-04T12:35:26.560Z,103.32,CANCELLED
ORD-8036,C1993,2026-08-20T03:14:28.950Z,15.76,PAID
ORD-8037,C351,2026-08-08T04:23:29.683Z,663.17,SHIPPED
ORD-8038,C1723,2026-10-01T04:37:42.899Z,333.21,PENDING
ORD-8039,C1200,2026-08-20T14:38:00.804Z,576.98,CANCELLED
ORD-8040,C1821,2026-07-18T21:19:05.914Z,495.57,PAID
ORD-8041,C1710,2026-09-12T08:04:15.807Z,503.22,SHIPPED
ORD-8042,C165,2026-09-02T12:08:40.827Z,690.83,PENDING
ORD-8043,C52,2026-08-26T13:08:33.056Z,861.92,CANCELLED
ORD-8044,C386,2026-07-30T10:46:34.051Z,900.31,PAID
ORD-8045,C937,2026-08-12T05:34:11.084Z,217.55,SHIPPED
ORD-8046,C129,2026-07-14T12:16:36.897Z,974.54,PENDING
ORD-8047,C1711,2026-07-20T14:27:21.402Z,990.36,CANCELLED
ORD-8048,C1285,2026-07-07T23:31:52.582Z,695.55,PAID
ORD-8049,C1127,2026-09-21T09:36:25.695Z,69.52,SHIPPED
ORD-8050,C721,2026-08-11T03:28:20.918Z,127.55,PENDING
ORD-8051,C1944,2026-07-04T07:24:29.148Z,925.55,CANCELLED
ORD-8052,C1,2026-08-11T10:12:13.226Z,500.88,PAID
ORD-8053,C1033,2026-09-29T12:54:47.247Z,82.15,SHIPPED
ORD-8054,C729,2026-08-07T15:46:44.644Z,486.58,PENDING
ORD-8055,C1616,2026-09-18T18:57:45.279Z,318.39,CANCELLED
ORD-8056,C787,2026-08-20T03:55:25.715Z,254.52,PAID
ORD-8057,C795,2026-09-20T17:54:48.642Z,315.20,SHIPPED
ORD-8058,C430,2026-07-20T18:59:09.854Z,603.73,PENDING
ORD-8059,C140,2026-08-01T09:58:34.606Z,224.80,CANCELLED
ORD-8060,C746,2026-09-08T20:44:15.611Z,483.17,PAID
ORD-8061,C791,2026-09-21T06:38:16.987Z,944.58,SHIPPED
ORD-8062,C1462,2026-08-26T06:52:25.611Z,123.88,PENDING
ORD-8063,C1392,2026-08-12T08:55:52.694Z,648.08,CANCELLED
ORD-8064,C1497,2026-09-04T07:56:22.382Z,252.91,PAID
ORD-8065,C1799,2026-09-26T01:01:21.505Z,974.92,SHIPPED
ORD-8066,C1494,2026-08-05T10:01:10.550Z,654.32,PENDING
ORD-8067,C1953,2026-07-08T05:34:48.980Z,401.25,CANCELLED
ORD-8068,C855,2026-07-24T23:19:34.747Z,980.81,PAID
ORD-8069,C1034,2026-09-24T06:05:41.373Z,225.90,SHIPPED
ORD-8070,C665,2026-07-16T17:17:50.754Z,356.41,PENDING
ORD-8071,C658,2026-08-25T13:04:05.325Z,58.63,CANCELLED
ORD-8072,C334,2026-09-01T05:54:17.604Z,847.99,PAID
ORD-8073,C1701,2026-08-19T20:59:38.863Z,935.96,SHIPPED
ORD-8074,C1319,2026-09-28T05:15:33.436Z,920.28,PENDING
ORD-8075,C1118,2026-09-21T14:30:08.096Z,353.15,CANCELLED
ORD-8076,C1742,2026-08-22T08:25:52.154Z,65.64,PAID
ORD-8077,C1379,2026-08-14T05:17:43.355Z,816.64,SHIPPED
ORD-8078,C1083,2026-08-25T06:28:04.457Z,235.70,PENDING
ORD-8079,C1059,2026-07-15T21:46:01.206Z,184.83,CANCELLED
ORD-8080,C1864,2026-09-03T06:30:03.890Z,540.57,PAID
ORD-8081,C1206,2026-07-16T22:27:32.753Z,572.27,SHIPPED
ORD-8082,C1417,2026-08-29T20:08:33.770Z,516.44,PENDING
ORD-8083,C1576,2026-07-03T18:25:45.561Z,231.34,CANCELLED
ORD-8084,C1949,2026-09-07T05:35:02.025Z,491.84,PAID
ORD-8085,C1292,2026-08-08T16:19:11.115Z,402.64,SHIPPED
ORD-8086,C473,2026-09-02T09:07:52.840Z,194.56,PENDING
ORD-8087,C900,2026-09-04T03:51:47.758Z,66.15,CANCELLED
ORD-8088,C181,2026-09-20T17:23:01.048Z,795.28,PAID
ORD-8089,C1298,2026-08-23T14:55:21.292Z,418.59,SHIPPED
ORD-8090,C376,2026-09-18T19:17:34.673Z,842.43,PENDING
ORD-8091,C1874,2026-07-17T08:09:56.654Z,414.91,CANCELLED
ORD-8092,C765,2026-07-28T10:37:55.116Z,426.58,PAID
ORD-8093,C390,2026-08-22T10:44:37.081Z,377.81,SHIPPED
ORD-8094,C946,2026-07-27T03:23:15.538Z,608.30,PENDING
ORD-8095,C1801,2026-08-22T21:14:51.128Z,832.04,CANCELLED
ORD-8096,C398,2026-10-01T03:37:42.128Z,695.85,PAID
ORD-8097,C1966,2026-07-30T10:26:30.278Z,882.79,SHIPPED
ORD-8098,C1609,2026-08-02T18:20:13.257Z,537.09,PENDING
ORD-8099,C1102,2026-08-26T16:44:01.011Z,195.17,CANCELLED
ORD-8100,C1397,2026-09-02T23:19:46.558Z,298.08,PAID
ORD-8101,C1135,2026-09-28T01:54:16.367Z,547.66,SHIPPED
ORD-8102,C537,2026-09-08T21:02:14.961Z,328.79,PENDING
ORD-8103,C1099,2026-07-04T19:02:23.234Z,299.76,CANCELLED
ORD-8104,C1921,2026-07-19T13:27:14.808Z,218.20,PAID
ORD-8105,C529,2026-09-04T17:58:58.059Z,109.68,SHIPPED
ORD-8106,C934,2026-09-21T00:55:25.214Z,412.89,PENDING
ORD-8107,C1432,2026-07-26T20:54:44.292Z,699.55,CANCELLED
ORD-8108,C46,2026-07-04T14:25:42.886Z,742.16,PAID
ORD-8109,C1768,2026-09-10T03:19:01.772Z,101.73,SHIPPED
ORD-8110,C396,2026-09-04T02:26:47.244Z,407.53,PENDING
ORD-8111,C1407,2026-09-29T03:52:44.596Z,511.94,CANCELLED
ORD-8112,C969,2026-09-12T10:29:19.852Z,253.95,PAID
ORD-8113,C1529,2026-07-11T02:53:16.568Z,506.90,SHIPPED
ORD-8114,C139,2026-07-18T18:42:09.175Z,488.33,PENDING
ORD-8115,C1257,2026-07-26T19:55:09.894Z,371.57,CANCELLED
ORD-8116,C164,2026-08-16T20:52:02.743Z,76.31,PAID
ORD-8117,C1297,2026-08-27T18:41:50.832Z,855.47,SHIPPED
ORD-8118,C1939,2026-07-24T16:12:43.367Z,208.09,PENDING
ORD-8119,C904,2026-08-29T03:33:35.314Z,997.93,CANCELLED
ORD-8120,C650,2026-07-26T04:00:15.927Z,801.00,PAID
ORD-8121,C960,2026-08-15T09:18:24.831Z,885.59,SHIPPED
ORD-8122,C731,2026-09-16T20:08:56.289Z,7.25,PENDING
ORD-8123,C585,2026-08-23T06:03:59.829Z,29.43,CANCELLED
ORD-8124,C1800,2026-07-31T05:56:00.776Z,733.81,PAID
ORD-8125,C226,2026-08-26T09:01:29.915Z,678.70,SHIPPED
ORD-8126,C1429,2026-07-15T23:58:27.782Z,436.45,PENDING
ORD-8127,C1084,2026-09-27T21:32:51.928Z,917.05,CANCELLED
ORD-8128,C67,2026-07-28T02:24:57.630Z,546.19,PAID
ORD-8129,C779,2026-08-04T20:39:34.708Z,500.55,SHIPPED
ORD-8130,C1760,2026-09-16T04:23:52.792Z,584.85,PENDING
ORD-8131,C297,2026-09-25T10:10:25.568Z,248.76,CANCELLED
ORD-8132,C251,2026-07-13T12:17:34.125Z,781.58,PAID
ORD-8133,C1911,2026-08-16T08:16:16.271Z,449.66,SHIPPED
ORD-8134,C6,2026-07-22T14:56:38.645Z,727.74,PENDING
ORD-8135,C1230,2026-07-31T06:37:12.757Z,468.70,CANCELLED
ORD-8136,C917,2026-07-24T09:50:46.898Z,808.38,PAID
ORD-8137,C1323,2026-08-30T11:13:20.224Z,451.95,SHIPPED
ORD-8138,C1931,2026-09-24T23:03:30.105Z,675.91,PENDING
ORD-8139,C1665,2026-07-12T02:03:36.394Z,54.43,CANCELLED
ORD-8140,C1798,2026-08-14T04:56:10.942Z,997.49,PAID
ORD-8141,C837,2026-07-14T06:22:33.041Z,979.48,SHIPPED
ORD-8142,C1353,2026-08-11T03:39:38.613Z,140.73,PENDING
ORD-8143,C1169,2026-07-24T00:51:04.352Z,669.65,CANCELLED
ORD-8144,C1967,2026-08-19T07:15:05.753Z,772.43,PAID
ORD-8145,C1,2026-07-06T03:13:20.705Z,469.28,SHIPPED
ORD-8146,C511,2026-07-23T03:53:41.360Z,143.14,PENDING
ORD-8147,C1766,2026-07-31T04:09:36.589Z,990.61,CANCELLED
ORD-8148,C472,2026-08-13T03:38:44.825Z,182.16,PAID
ORD-8149,C661,2026-07-29T15:34:08.067Z,318.28,SHIPPED
ORD-8150,C1948,2026-09-01T13:22:21.375Z,130.13,PENDING
ORD-8151,C954,2026-07-03T15:37:50.360Z,469.87,CANCELLED
ORD-8152,C1482,2026-09-08T16:58:50.009Z,25.23,PAID
ORD-8153,C1450,2026-08-31T09:00:48.270Z,322.69,SHIPPED
ORD-8154,C1772,2026-07-17T00:09:27.405Z,756.51,PENDING
ORD-8155,C304,2026-09-12T02:50:07.468Z,63.63,CANCELLED
ORD-8156,C710,2026-09-30T15:52:45.916Z,116.77,PAID
ORD-8157,C1172,2026-09-06T14:30:15.538Z,41.35,SHIPPED
ORD-8158,C1571,2026-08-05T18:27:18.612Z,767.97,PENDING
ORD-8159,C1270,2026-07-13T01:19:29.292Z,119.48,CANCELLED
ORD-8160,C476,2026-07-27T09:35:42.998Z,950.97,PAID
ORD-8161,C1408,2026-07-17T21:19:07.625Z,68.83,SHIPPED
ORD-8162,C589,2026-09-18T00:33:57.870Z,797.33,PENDING
ORD-8163,C1899,2026-08-07T15:00:35.952Z,383.74,CANCELLED
ORD-8164,C269,2026-09-21T03:27:40.615Z,112.28,PAID
ORD-8165,C212,2026-08-01T13:19:05.292Z,452.92,SHIPPED
ORD-8166,C1349,2026-08-30T21:07:45.186Z,223.73,PENDING
ORD-8167,C1003,2026-08-24T16:00:46.478Z,353.77,CANCELLED
ORD-8168,C1221,2026-09-14T07:07:28.348Z,825.93,PAID
ORD-8169,C674,2026-08-11T01:46:23.632Z,163.79,SHIPPED
ORD-8170,C908,2026-09-18T12:59:59.487Z,407.66,PENDING
ORD-8171,C511,2026-09-24T06:10:54.870Z,825.24,CANCELLED
ORD-8172,C1004,2026-08-26T15:25:21.030Z,123.31,PAID
ORD-8173,C904,2026-09-24T23:09:17.804Z,492.65,SHIPPED
ORD-8174,C217,2026-09-30T03:10:27.191Z,77.27,PENDING
ORD-8175,C1393,2026-09-25T14:49:57.211Z,681.49,CANCELLED
ORD-8176,C1498,2026-09-28T14:16:47.306Z,886.13,PAID
ORD-8177,C1209,2026-08-30T23:33:25.041Z,559.51,SHIPPED
ORD-8178,C1444,2026-07-05T18:47:34.799Z,513.80,PENDING
ORD-8179,C1203,2026-07-16T14:13:55.107Z,456.23,CANCELLED
ORD-8180,C371,2026-08-27T20:20:34.737Z,270.42,PAID
ORD-8181,C358,2026-07-08T00:21:29.149Z,896.27,SHIPPED
ORD-8182,C1100,2026-09-01T22:15:37.172Z,817.70,PENDING
ORD-8183,C439,2026-08-17T02:43:37.260Z,989.00,CANCELLED
ORD-8184,C1679,2026-09-28T09:59:57.255Z,540.08,PAID
ORD-8185,C1296,2026-07-26T13:47:13.892Z,260.16,SHIPPED
ORD-8186,C1042,2026-08-16T07:16:08.939Z,750.64,PENDING
ORD-8187,C1969,2026-07-25T01:16:22.464Z,142.24,CANCELLED
ORD-8188,C182,2026-08-09T02:00:33.616Z,835.61,PAID
ORD-8189,C995,2026-09-12T06:24:33.085Z,486.36,SHIPPED
ORD-8190,C823,2026-08-04T22:35:13.191Z,989.49,PENDING
ORD-8191,C1673,2026-09-12T11:50:36.357Z,156.02,CANCELLED
ORD-8192,C618,2026-09-28T17:16:23.952Z,892.06,PAID
ORD-8193,C243,2026-08-20T20:41:34.342Z,637.25,SHIPPED
ORD-8194,C436,2026-09-30T21:56:55.294Z,4.57,PENDING
ORD-8195,C1081,2026-07-23T05:21:47.594Z,385.81,CANCELLED
ORD-8196,C1223,2026-07-18T09:35:07.062Z,624.74,PAID
ORD-8197,C1500,2026-07-18T12:08:55.258Z,836.22,SHIPPED
ORD-8198,C1202,2026-09-24T06:15:38.402Z,448.38,PENDING
ORD-8199,C134,2026-09-30T19:03:33.927Z,701.37,CANCELLED
ORD-8200,C1441,2026-07-04T04:35:37.516Z,449.08,PAID
ORD-8201,C518,2026-07-22T22:56:56.116Z,455.61,SHIPPED
ORD-8202,C1207,2026-09-17T22:06:12.041Z,350.90,PENDING
ORD-8203,C1720,2026-07-29T13:47:07.508Z,538.43,CANCELLED
ORD-8204,C971,2026-09-05T23:14:12.721Z,323.01,PAID
ORD-8205,C1297,2026-07-23T14:16:29.246Z,97.27,SHIPPED
ORD-8206,C480,2026-07-31T06:14:36.603Z,844.32,PENDING
ORD-8207,C1618,2026-09-10T16:25:33.160Z,964.22,CANCELLED
ORD-8208,C1760,2026-08-11T15:17:45.841Z,596.09,PAID
ORD-8209,C1249,2026-07-21T07:18:22.533Z,386.09,SHIPPED
ORD-8210,C1972,2026-07-25T07:04:52.731Z,702.84,PENDING
ORD-8211,C50,2026-09-20T07:59:48.706Z,523.31,CANCELLED
ORD-8212,C221,2026-09-27T05:32:05.752Z,414.95,PAID
ORD-8213,C912,2026-09-27T10:34:13.137Z,607.35,SHIPPED
ORD-8214,C255,2026-07-28T18:43:03.685Z,665.16,PENDING
ORD-8215,C1376,2026-09-11T00:44:18.615Z,394.98,CANCELLED
ORD-8216,C1815,2026-07-30T21:49:08.276Z,996.03,PAID
ORD-8217,C256,2026-09-11T03:59:16.285Z,270.26,SHIPPED
ORD-8218,C1575,2026-09-12T05:05:16.695Z,12.04,PENDING
ORD-8219,C1420,2026-07-23T01:19:59.431Z,906.39,CANCELLED
ORD-8220,C1351,2026-08-30T19:45:22.953Z,358.25,PAID
ORD-8221,C1481,2026-07-26T22:13:09.626Z,151.89,SHIPPED
ORD-8222,C864,2026-08-31T19:37:53.597Z,131.88,PENDING
ORD-8223,C1182,2026-08-05T07:39:50.442Z,944.96,CANCELLED
ORD-8224,C1960,2026-08-11T09:49:36.954Z,767.17,PAID
ORD-8225,C1672,2026-07-14T02:49:20.387Z,283.70,SHIPPED
ORD-8226,C186,2026-08-07T12:45:36.884Z,65.85,PENDING
ORD-8227,C1789,2026-07-04T08:16:16.457Z,555.79,CANCELLED
ORD-8228,C726,2026-07-28T08:25:20.113Z,667.86,PAID
ORD-8229,C662,2026-09-09T20:27:18.568Z,777.08,SHIPPED
ORD-8230,C1219,2026-07-18T02:05:26.266Z,829.52,PENDING
ORD-8231,C347,2026-08-31T10:26:17.409Z,532.01,CANCELLED
ORD-8232,C246,2026-07-28T03:41:35.572Z,143.92,PAID
ORD-8233,C70,2026-09-13T07:24:59.161Z,325.38,SHIPPED
ORD-8234,C464,2026-09-17T12:13:24.596Z,431.23,PENDING
ORD-8235,C73,2026-07-23T04:24:02.272Z,530.44,CANCELLED
ORD-8236,C1766,2026-09-01T01:41:14.032Z,293.85,PAID
ORD-8237,C6,2026-07-30T14:14:29.601Z,979.78,SHIPPED
ORD-8238,C1514,2026-09-15T23:26:36.224Z,373.44,PENDING
ORD-8239,C469,2026-08-27T14:39:10.727Z,778.42,CANCELLED
ORD-8240,C1640,2026-08-17T07:21:24.205Z,485.57,PAID
ORD-8241,C1701,2026-08-27T13:54:34.772Z,86.59,SHIPPED
ORD-8242,C1711,2026-08-01T20:05:09.129Z,974.40,PENDING
ORD-8243,C780,2026-08-06T14:22:03.510Z,507.46,CANCELLED
ORD-8244,C1889,2026-07-16T03:55:28.530Z,91.10,PAID
ORD-8245,C348,2026-09-18T07:12:09.977Z,697.90,SHIPPED
ORD-8246,C828,2026-08-01T18:02:21.501Z,654.90,PENDING
ORD-8247,C171,2026-09-04T00:37:02.410Z,413.38,CANCELLED
ORD-8248,C787,2026-08-24T12:09:40.309Z,60.34,PAID
ORD-8249,C895,2026-07-20T15:57:45.320Z,442.17,SHIPPED
ORD-8250,C666,2026-09-09T10:46:21.345Z,594.71,PENDING
ORD-8251,C670,2026-09-24T19:32:27.406Z,400.70,CANCELLED
ORD-8252,C1850,2026-09-22T21:12:21.916Z,173.46,PAID
ORD-8253,C1535,2026-07-21T08:39:51.987Z,607.17,SHIPPED
ORD-8254,C926,2026-07-26T12:54:54.477Z,971.66,PENDING
ORD-8255,C606,2026-09-21T17:02:13.960Z,531.03,CANCELLED
ORD-8256,C598,2026-09-14T05:58:47.017Z,376.48,PAID
ORD-8257,C1222,2026-09-19T09:41:40.111Z,249.52,SHIPPED
ORD-8258,C744,2026-07-05T21:13:06.141Z,816.39,PENDING
ORD-8259,C1312,2026-07-31T09:39:27.073Z,639.18,CANCELLED
ORD-8260,C1679,2026-07-29T12:44:25.338Z,501.03,PAID
ORD-8261,C1810,2026-09-04T08:44:27.271Z,739.20,SHIPPED
ORD-8262,C385,2026-09-14T01:39:10.414Z,171.25,PENDING
ORD-8263,C1435,2026-07-18T04:05:58.751Z,476.77,CANCELLED
ORD-8264,C6,2026-07-14T03:27:16.414Z,416.71,PAID
ORD-8265,C1385,2026-07-16T16:49:40.607Z,269.89,SHIPPED
ORD-8266,C1957,2026-07-18T07:00:35.262Z,77.31,PENDING
ORD-8267,C684,2026-09-13T06:26:16.348Z,666.05,CANCELLED
ORD-8268,C1956,2026-09-24T10:51:11.028Z,841.47,PAID
ORD-8269,C625,2026-07-23T23:20:10.142Z,724.23,SHIPPED
ORD-8270,C768,2026-07-25T15:34:39.328Z,333.06,PENDING
ORD-8271,C1148,2026-08-23T19:30:05.008Z,843.87,CANCELLED
ORD-8272,C1970,2026-07-23T15:16:00.229Z,391.13,PAID
ORD-8273,C978,2026-09-21T21:16:13.063Z,597.13,SHIPPED
ORD-8274,C1274,2026-08-13T12:44:26.938Z,58.83,PENDING
ORD-8275,C868,2026-08-09T02:14:15.541Z,99.14,CANCELLED
ORD-8276,C1428,2026-09-23T19:15:19.301Z,761.79,PAID
ORD-8277,C1121,2026-08-12T09:44:08.895Z,210.38,SHIPPED
ORD-8278,C237,2026-08-04T02:38:41.301Z,550.06,PENDING
ORD-8279,C1076,2026-07-19T23:22:47.311Z,697.80,CANCELLED
ORD-8280,C314,2026-09-06T08:08:56.904Z,792.15,PAID
ORD-8281,C1722,2026-09-03T20:11:07.970Z,554.90,SHIPPED
ORD-8282,C18,2026-07-08T04:55:42.997Z,110.35,PENDING
ORD-8283,C392,2026-09-10T12:31:13.873Z,920.29,CANCELLED
ORD-8284,C319,2026-09-03T18:04:47.019Z,32.78,PAID
ORD-8285,C813,2026-09-19T16:45:00.332Z,884.27,SHIPPED
ORD-8286,C1482,2026-07-22T15:17:48.728Z,435.41,PENDING
ORD-8287,C1596,2026-09-18T19:25:25.547Z,559.63,CANCELLED
ORD-8288,C1222,2026-07-04T18:18:26.212Z,338.99,PAID
ORD-8289,C101,2026-08-11T16:49:26.266Z,206.51,SHIPPED
ORD-8290,C825,2026-08-30T05:42:19.129Z,37.51,PENDING
ORD-8291,C752,2026-09-19T15:08:44.342Z,368.42,CANCELLED
ORD-8292,C1466,2026-07-16T20:18:59.003Z,827.65,PAID
ORD-8293,C1429,2026-08-13T19:42:57.452Z,666.84,SHIPPED
ORD-8294,C1398,2026-09-06T21:21:56.953Z,852.18,PENDING
ORD-8295,C567,2026-09-05T20:52:21.123Z,63.11,CANCELLED
ORD-8296,C1058,2026-07-05T05:27:12.472Z,501.41,PAID
ORD-8297,C266,2026-08-02T19:21:23.587Z,885.11,SHIPPED
ORD-8298,C422,2026-09-30T17:32:22.524Z,941.65,PENDING
ORD-8299,C511,2026-09-14T00:32:45.583Z,275.74,CANCELLED
ORD-8300,C720,2026-09-26T05:56:47.283Z,771.41,PAID
ORD-8301,C566,2026-07-29T13:16:49.691Z,468.21,SHIPPED
ORD-8302,C1430,2026-08-09T02:16:28.680Z,222.88,PENDING
ORD-8303,C1248,2026-09-10T09:34:44.583Z,504.47,CANCELLED
ORD-8304,C97,2026-09-18T14:23:03.621Z,210.85,PAID
ORD-8305,C815,2026-09-18T03:27:07.391Z,739.72,SHIPPED
ORD-8306,C374,2026-08-30T07:05:08.852Z,228.76,PENDING
ORD-8307,C295,2026-08-06T04:21:27.974Z,277.84,CANCELLED
ORD-8308,C704,2026-09-30T08:56:04.727Z,519.10,PAID
ORD-8309,C513,2026-09-25T04:59:55.107Z,500.39,SHIPPED
ORD-8310,C733,2026-08-28T22:38:59.438Z,31.40,PENDING
ORD-8311,C151,2026-07-23T22:05:16.641Z,655.06,CANCELLED
ORD-8312,C824,2026-09-03T02:40:46.754Z,52.82,PAID
ORD-8313,C385,2026-08-05T22:13:29.266Z,100.66,SHIPPED
ORD-8314,C672,2026-07-17T11:37:06.720Z,387.44,PENDING
ORD-8315,C297,2026-08-22T00:14:18.476Z,828.83,CANCELLED
ORD-8316,C1910,2026-09-20T21:38:24.686Z,516.15,PAID
ORD-8317,C667,2026-08-31T23:46:35.613Z,540.54,SHIPPED
ORD-8318,C901,2026-07-06T21:01:45.550Z,211.51,PENDING
ORD-8319,C1692,2026-07-21T01:26:46.201Z,757.11,CANCELLED
ORD-8320,C1731,2026-09-12T02:10:42.441Z,73.36,PAID
ORD-8321,C331,2026-08-02T09:14:23.012Z,879.89,SHIPPED
ORD-8322,C275,2026-09-10T04:47:45.755Z,33.68,PENDING
ORD-8323,C1730,2026-08-10T23:02:56.100Z,537.14,CANCELLED
ORD-8324,C1989,2026-08-08T15:05:48.296Z,61.38,PAID
ORD-8325,C1966,2026-09-25T13:03:21.841Z,216.83,SHIPPED
ORD-8326,C1285,2026-08-22T12:06:19.178Z,529.27,PENDING
ORD-8327,C1822,2026-08-25T16:02:50.723Z,877.32,CANCELLED
ORD-8328,C1718,2026-07-16T05:46:07.301Z,482.94,PAID
ORD-8329,C997,2026-09-22T09:31:55.350Z,326.58,SHIPPED
ORD-8330,C888,2026-07-06T23:07:25.728Z,524.38,PENDING
ORD-8331,C1737,2026-07-05T05:42:00.318Z,58.68,CANCELLED
ORD-8332,C1970,2026-09-15T09:58:27.450Z,983.11,PAID
ORD-8333,C1423,2026-07-20T20:07:44.830Z,714.92,SHIPPED
ORD-8334,C542,2026-08-19T14:25:09.507Z,301.33,PENDING
ORD-8335,C457,2026-08-11T07:23:43.288Z,498.94,CANCELLED
ORD-8336,C1607,2026-08-01T04:00:20.021Z,91.79,PAID
ORD-8337,C269,2026-07-25T16:49:45.474Z,249.97,SHIPPED
ORD-8338,C141,2026-09-12T10:17:10.981Z,552.57,PENDING
ORD-8339,C410,2026-08-15T13:32:18.641Z,447.28,CANCELLED
ORD-8340,C1491,2026-08-21T12:40:15.636Z,600.13,PAID
ORD-8341,C183,2026-08-12T06:18:38.092Z,616.99,SHIPPED
ORD-8342,C646,2026-09-23T01:47:11.357Z,351.57,PENDING
ORD-8343,C1070,2026-09-08T08:18:07.314Z,334.93,CANCELLED
ORD-8344,C1437,2026-07-16T18:07:21.210Z,176.29,PAID
ORD-8345,C410,2026-07-27T10:42:25.627Z,67.18,SHIPPED
ORD-8346,C1603,2026-09-18T15:56:51.898Z,121.92,PENDING
ORD-8347,C559,2026-08-04T12:05:49.051Z,882.84,CANCELLED
ORD-8348,C479,2026-09-11T17:56:14.959Z,170.22,PAID
ORD-8349,C791,2026-09-05T00:06:55.024Z,967.83,SHIPPED
ORD-8350,C867,2026-09-15T20:54:22.187Z,849.04,PENDING
ORD-8351,C1215,2026-08-11T12:15:44.977Z,359.18,CANCELLED
ORD-8352,C477,2026-07-30T12:58:53.134Z,183.10,PAID
ORD-8353,C1070,2026-07-18T08:41:54.310Z,992.36,SHIPPED
ORD-8354,C353,2026-09-29T20:59:52.470Z,927.50,PENDING
ORD-8355,C1095,2026-09-25T12:27:29.829Z,759.03,CANCELLED
ORD-8356,C974,2026-08-03T18:27:51.800Z,183.46,PAID
ORD-8357,C1088,2026-08-16T19:58:05.434Z,36.05,SHIPPED
ORD-8358,C680,2026-09-14T04:08:16.895Z,962.02,PENDING
ORD-8359,C1809,2026-07-11T15:30:25.068Z,890.90,CANCELLED
ORD-8360,C537,2026-08-27T22:59:08.682Z,222.27,PAID
ORD-8361,C894,2026-08-23T14:28:07.828Z,55.55,SHIPPED
ORD-8362,C989,2026-07-08T00:12:46.424Z,799.42,PENDING
ORD-8363,C1586,2026-08-26T21:54:59.089Z,257.77,CANCELLED
ORD-8364,C1848,2026-08-21T03:47:38.202Z,822.46,PAID
ORD-8365,C344,2026-08-07T19:40:11.587Z,776.24,SHIPPED
ORD-8366,C442,2026-08-22T15:28:31.687Z,205.40,PENDING
ORD-8367,C686,2026-09-02T06:17:28.518Z,793.44,CANCELLED
ORD-8368,C1308,2026-07-29T20:46:53.642Z,376.44,PAID
ORD-8369,C30,2026-08-31T08:15:31.043Z,770.50,SHIPPED
ORD-8370,C1084,2026-07-12T05:16:40.716Z,340.23,PENDING
ORD-8371,C1694,2026-08-19T05:48:21.927Z,229.68,CANCELLED
ORD-8372,C821,2026-08-15T08:10:19.075Z,448.80,PAID
ORD-8373,C791,2026-08-03T06:18:32.637Z,660.46,SHIPPED
ORD-8374,C40,2026-08-12T13:08:11.988Z,692.64,PENDING
ORD-8375,C574,2026-09-02T18:52:18.055Z,522.63,CANCELLED
ORD-8376,C572,2026-08-18T13:05:36.170Z,322.11,PAID
ORD-8377,C752,2026-09-10T11:08:30.910Z,60.10,SHIPPED
ORD-8378,C1672,2026-08-01T06:58:38.806Z,889.87,PENDING
ORD-8379,C332,2026-08-17T15:55:00.162Z,696.05,CANCELLED
ORD-8380,C1310,2026-07-19T22:46:24.349Z,695.57,PAID
ORD-8381,C752,2026-07-28T14:33:05.756Z,78.54,SHIPPED
ORD-8382,C1651,2026-07-19T05:04:46.290Z,177.81,PENDING
ORD-8383,C773,2026-08-03T08:02:14.264Z,62.14,CANCELLED
ORD-8384,C1948,2026-08-04T11:59:56.490Z,663.86,PAID
ORD-8385,C1795,2026-07-04T15:27:29.150Z,792.14,SHIPPED
ORD-8386,C1910,2026-08-02T15:11:07.986Z,52.58,PENDING
ORD-8387,C364,2026-08-15T12:50:39.143Z,639.69,CANCELLED
ORD-8388,C625,2026-09-27T17:42:34.515Z,650.34,PAID
ORD-8389,C351,2026-07-07T12:24:50.772Z,587.30,SHIPPED
ORD-8390,C1376,2026-09-01T07:39:25.636Z,522.28,PENDING
ORD-8391,C1848,2026-08-11T19:01:48.497Z,596.58,CANCELLED
ORD-8392,C1434,2026-07-03T11:42:12.035Z,812.19,PAID
ORD-8393,C224,2026-08-16T18:18:41.135Z,273.77,SHIPPED
ORD-8394,C669,2026-08-09T01:19:55.796Z,835.24,PENDING
ORD-8395,C1723,2026-07-07T14:58:07.714Z,753.46,CANCELLED
ORD-8396,C36,2026-07-14T15:42:26.811Z,976.21,PAID
ORD-8397,C956,2026-08-12T22:28:53.699Z,148.96,SHIPPED
ORD-8398,C1723,2026-07-31T12:32:53.732Z,35.01,PENDING
ORD-8399,C62,2026-07-24T22:55:51.835Z,115.05,CANCELLED
ORD-8400,C697,2026-09-20T18:21:41.455Z,860.02,PAID
ORD-8401,C1850,2026-08-12T20:18:30.360Z,868.58,SHIPPED
ORD-8402,C950,2026-08-24T18:43:48.831Z,831.60,PENDING
ORD-8403,C1744,2026-09-15T03:36:43.584Z,509.68,CANCELLED
ORD-8404,C779,2026-09-10T02:15:07.378Z,364.91,PAID
ORD-8405,C7,2026-09-28T12:20:26.040Z,150.12,SHIPPED
ORD-8406,C849,2026-07-24T06:03:26.805Z,239.05,PENDING
ORD-8407,C1560,2026-08-05T17:38:08.095Z,909.00,CANCELLED
ORD-8408,C1019,2026-07-17T18:25:15.332Z,650.72,PAID
ORD-8409,C1823,2026-07-31T08:55:29.813Z,229.78,SHIPPED
ORD-8410,C1949,2026-09-06T23:32:48.250Z,173.63,PENDING
ORD-8411,C25,2026-08-05T10:09:34.215Z,245.65,CANCELLED
ORD-8412,C812,2026-09-17T13:23:46.774Z,992.62,PAID
ORD-8413,C1839,2026-07-07T22:38:46.364Z,874.88,SHIPPED
ORD-8414,C830,2026-09-12T07:43:50.416Z,488.92,PENDING
ORD-8415,C652,2026-08-26T06:40:31.744Z,182.85,CANCELLED
ORD-8416,C1155,2026-08-14T10:17:27.461Z,21.63,PAID
ORD-8417,C1154,2026-08-03T16:34:22.183Z,786.95,SHIPPED
ORD-8418,C562,2026-07-31T08:00:09.061Z,471.28,PENDING
ORD-8419,C414,2026-08-22T02:50:30.124Z,724.50,CANCELLED
ORD-8420,C337,2026-09-21T14:20:20.364Z,969.81,PAID
ORD-8421,C1566,2026-08-26T07:13:38.194Z,29.51,SHIPPED
ORD-8422,C1117,2026-09-15T08:25:33.787Z,180.17,PENDING
ORD-8423,C956,2026-09-29T09:38:13.099Z,888.58,CANCELLED
ORD-8424,C1048,2026-09-03T16:21:02.761Z,890.14,PAID
ORD-8425,C72,2026-09-21T17:09:16.417Z,379.81,SHIPPED
ORD-8426,C1105,2026-08-27T07:06:03.071Z,221.90,PENDING
ORD-8427,C125,2026-09-23T22:12:37.773Z,954.35,CANCELLED
ORD-8428,C1880,2026-09-03T13:29:39.753Z,893.08,PAID
ORD-8429,C555,2026-09-03T17:06:48.677Z,531.22,SHIPPED
ORD-8430,C1973,2026-08-16T11:12:21.680Z,423.58,PENDING
ORD-8431,C1985,2026-07-26T07:50:48.104Z,102.90,CANCELLED
ORD-8432,C1061,2026-07-17T20:21:39.544Z,980.11,PAID
ORD-8433,C1429,2026-07-31T19:07:03.970Z,918.94,SHIPPED
ORD-8434,C803,2026-08-18T23:53:50.709Z,189.73,PENDING
ORD-8435,C1471,2026-07-13T06:39:49.188Z,364.36,CANCELLED
ORD-8436,C202,2026-09-29T05:42:26.646Z,349.41,PAID
ORD-8437,C820,2026-08-09T19:15:37.922Z,476.84,SHIPPED
ORD-8438,C180,2026-09-09T05:50:09.241Z,781.27,PENDING
ORD-8439,C1747,2026-08-12T11:00:40.329Z,884.59,CANCELLED
ORD-8440,C1755,2026-09-02T02:15:30.180Z,95.58,PAID
ORD-8441,C1490,2026-08-28T06:18:03.925Z,853.07,SHIPPED
ORD-8442,C1266,2026-09-09T14:32:41.322Z,179.82,PENDING
ORD-8443,C536,2026-08-23T07:44:06.726Z,166.53,CANCELLED
ORD-8444,C1292,2026-07-26T07:21:49.086Z,12.13,PAID
ORD-8445,C215,2026-07-19T00:22:18.741Z,844.99,SHIPPED
ORD-8446,C1995,2026-07-18T17:05:40.524Z,400.05,PENDING
ORD-8447,C168,2026-08-18T23:13:50.720Z,33.96,CANCELLED
ORD-8448,C360,2026-09-05T03:01:10.875Z,994.18,PAID
ORD-8449,C1561,2026-08-15T07:31:42.053Z,65.75,SHIPPED
ORD-8450,C174,2026-07-17T06:58:38.793Z,648.72,PENDING
ORD-8451,C1408,2026-08-09T14:35:53.355Z,206.08,CANCELLED
ORD-8452,C725,2026-09-22T16:37:47.945Z,191.60,PAID
ORD-8453,C1710,2026-08-11T15:02:38.524Z,939.20,SHIPPED
ORD-8454,C141,2026-08-09T15:02:36.146Z,415.93,PENDING
ORD-8455,C1242,2026-09-11T05:04:05.028Z,730.37,CANCELLED
ORD-8456,C1914,2026-07-09T17:15:30.188Z,344.65,PAID
ORD-8457,C1666,2026-08-25T17:40:48.761Z,960.02,SHIPPED
ORD-8458,C1324,2026-09-19T18:19:32.256Z,188.12,PENDING
ORD-8459,C256,2026-09-28T22:20:15.026Z,537.36,CANCELLED
ORD-8460,C548,2026-09-08T04:11:20.821Z,495.03,PAID
ORD-8461,C954,2026-07-15T21:53:46.086Z,905.98,SHIPPED
ORD-8462,C667,2026-09-02T20:13:08.691Z,517.87,PENDING
ORD-8463,C1809,2026-08-23T05:33:35.636Z,990.05,CANCELLED
ORD-8464,C1617,2026-07-21T18:04:04.215Z,446.87,PAID
ORD-8465,C1344,2026-08-05T11:09:42.995Z,214.76,SHIPPED
ORD-8466,C626,2026-09-11T18:32:10.713Z,500.24,PENDING
ORD-8467,C1948,2026-08-02T04:06:54.487Z,661.38,CANCELLED
ORD-8468,C1077,2026-09-29T04:26:52.004Z,613.20,PAID
ORD-8469,C1974,2026-08-16T03:02:40.474Z,536.22,SHIPPED
ORD-8470,C380,2026-09-12T06:00:32.416Z,254.90,PENDING
ORD-8471,C1710,2026-07-10T21:17:34.383Z,656.45,CANCELLED
ORD-8472,C1140,2026-07-21T00:29:45.846Z,557.15,PAID
ORD-8473,C1943,2026-07-18T18:17:10.835Z,520.58,SHIPPED
ORD-8474,C520,2026-07-05T17:23:45.574Z,630.76,PENDING
ORD-8475,C1293,2026-09-24T08:03:50.234Z,282.43,CANCELLED
ORD-8476,C1552,2026-08-12T21:51:06.375Z,334.08,PAID
ORD-8477,C163,2026-07-12T03:42:39.177Z,332.04,SHIPPED
ORD-8478,C746,2026-09-21T23:41:03.376Z,35.18,PENDING
ORD-8479,C1559,2026-09-10T10:45:40.918Z,634.01,CANCELLED
ORD-8480,C1861,2026-08-11T20:50:58.605Z,934.41,PAID
ORD-8481,C441,2026-08-18T11:38:22.510Z,983.59,SHIPPED
ORD-8482,C1495,2026-08-14T23:52:31.201Z,157.88,PENDING
ORD-8483,C1284,2026-09-22T02:24:51.570Z,812.88,CANCELLED
ORD-8484,C742,2026-08-16T04:37:46.763Z,114.45,PAID
ORD-8485,C284,2026-08-12T04:26:31.328Z,152.49,SHIPPED
ORD-8486,C415,2026-07-14T01:39:15.636Z,463.13,PENDING
ORD-8487,C1229,2026-08-27T21:28:01.607Z,129.45,CANCELLED
ORD-8488,C1907,2026-07-08T13:32:07.336Z,454.53,PAID
ORD-8489,C737,2026-07-16T19:46:17.800Z,434.72,SHIPPED
ORD-8490,C847,2026-09-16T23:37:01.131Z,293.27,PENDING
ORD-8491,C1773,2026-09-18T06:29:01.479Z,970.16,CANCELLED
ORD-8492,C511,2026-07-10T16:42:01.956Z,660.46,PAID
ORD-8493,C1451,2026-08-14T09:42:35.874Z,705.64,SHIPPED
ORD-8494,C683,2026-09-25T04:43:45.386Z,363.79,PENDING
ORD-8495,C1985,2026-09-22T09:33:20.991Z,980.88,CANCELLED
ORD-8496,C676,2026-07-31T16:41:21.587Z,782.22,PAID
ORD-8497,C300,2026-08-06T02:57:26.229Z,586.37,SHIPPED
ORD-8498,C1730,2026-07-11T07:41:56.826Z,977.48,PENDING
ORD-8499,C768,2026-09-11T22:10:13.652Z,493.42,CANCELLED
ORD-8500,C1491,2026-09-14T15:14:37.638Z,859.95,PAID
ORD-8501,C1021,2026-08-23T06:08:50.860Z,423.67,SHIPPED
ORD-8502,C256,2026-09-30T16:36:11.625Z,99.67,PENDING
ORD-8503,C22,2026-07-22T06:06:13.779Z,256.35,CANCELLED
ORD-8504,C1509,2026-09-19T09:42:07.849Z,918.61,PAID
ORD-8505,C1702,2026-07-10T05:54:51.547Z,243.99,SHIPPED
ORD-8506,C536,2026-08-17T05:23:16.019Z,991.77,PENDING
ORD-8507,C1788,2026-08-15T20:47:16.257Z,530.12,CANCELLED
ORD-8508,C270,2026-07-16T17:28:43.548Z,47.01,PAID
ORD-8509,C86,2026-09-20T09:51:54.417Z,400.03,SHIPPED
ORD-8510,C1845,2026-08-20T18:05:13.096Z,503.39,PENDING
ORD-8511,C1129,2026-08-25T18:04:34.863Z,422.47,CANCELLED
ORD-8512,C118,2026-08-11T15:40:42.086Z,439.04,PAID
ORD-8513,C1196,2026-08-29T20:47:38.509Z,118.98,SHIPPED
ORD-8514,C553,2026-08-17T09:40:59.631Z,97.62,PENDING
ORD-8515,C1821,2026-08-30T06:23:21.501Z,750.77,CANCELLED
ORD-8516,C369,2026-07-20T18:43:05.373Z,359.70,PAID
ORD-8517,C252,2026-08-06T08:51:51.472Z,803.02,SHIPPED
ORD-8518,C1259,2026-07-05T06:58:03.842Z,664.60,PENDING
ORD-8519,C1882,2026-09-26T12:41:59.648Z,481.94,CANCELLED
ORD-8520,C1930,2026-09-01T21:19:55.773Z,128.38,PAID
ORD-8521,C1450,2026-09-11T07:30:06.916Z,690.12,SHIPPED
ORD-8522,C1854,2026-09-11T20:19:16.388Z,906.29,PENDING
ORD-8523,C764,2026-07-21T00:48:13.286Z,152.54,CANCELLED
ORD-8524,C1822,2026-08-14T23:21:53.460Z,368.85,PAID
ORD-8525,C779,2026-07-22T16:43:35.860Z,405.24,SHIPPED
ORD-8526,C1189,2026-09-02T21:59:58.883Z,338.05,PENDING
ORD-8527,C758,2026-07-22T23:23:06.428Z,69.81,CANCELLED
ORD-8528,C1875,2026-08-26T02:33:16.203Z,9.82,PAID
ORD-8529,C603,2026-07-07T23:47:00.022Z,480.51,SHIPPED
ORD-8530,C880,2026-07-20T08:04:30.269Z,499.83,PENDING
ORD-8531,C1059,2026-08-12T14:55:16.523Z,335.96,CANCELLED
ORD-8532,C1860,2026-09-19T13:02:45.523Z,783.89,PAID
ORD-8533,C21,2026-09-04T02:00:20.148Z,150.64,SHIPPED
ORD-8534,C1258,2026-09-25T20:32:21.043Z,529.94,PENDING
ORD-8535,C1884,2026-08-10T16:14:53.280Z,940.44,CANCELLED
ORD-8536,C355,2026-08-19T19:40:07.582Z,64.42,PAID
ORD-8537,C870,2026-09-26T06:17:50.411Z,69.91,SHIPPED
ORD-8538,C792,2026-09-01T22:43:23.008Z,499.34,PENDING
ORD-8539,C1177,2026-07-23T08:05:39.159Z,704.10,CANCELLED
ORD-8540,C941,2026-09-25T05:11:57.188Z,705.30,PAID
ORD-8541,C375,2026-08-16T04:11:13.250Z,291.43,SHIPPED
ORD-8542,C1508,2026-07-07T01:51:45.316Z,347.42,PENDING
ORD-8543,C1950,2026-09-25T16:44:00.114Z,957.46,CANCELLED
ORD-8544,C543,2026-07-20T12:31:38.787Z,518.34,PAID
ORD-8545,C559,2026-08-28T03:21:58.432Z,595.36,SHIPPED
ORD-8546,C1937,2026-08-21T16:45:37.459Z,841.12,PENDING
ORD-8547,C1088,2026-08-09T07:28:04.346Z,264.44,CANCELLED
ORD-8548,C466,2026-07-22T15:07:35.908Z,697.15,PAID
ORD-8549,C947,2026-09-11T15:06:41.374Z,786.88,SHIPPED
ORD-8550,C1668,2026-09-06T06:33:35.179Z,495.62,PENDING
ORD-8551,C1118,2026-07-13T05:59:57.939Z,479.61,CANCELLED
ORD-8552,C604,2026-09-13T21:49:33.498Z,44.76,PAID
ORD-8553,C1065,2026-07-27T04:12:56.133Z,808.37,SHIPPED
ORD-8554,C1555,2026-09-07T03:27:25.448Z,954.81,PENDING
ORD-8555,C1883,2026-07-25T08:48:54.588Z,184.71,CANCELLED
ORD-8556,C1767,2026-08-14T21:14:28.714Z,420.58,PAID
ORD-8557,C1504,2026-07-08T11:01:31.954Z,784.67,SHIPPED
ORD-8558,C562,2026-09-19T12:51:14.859Z,51.53,PENDING
ORD-8559,C1562,2026-08-01T01:50:52.669Z,839.66,CANCELLED
ORD-8560,C1836,2026-07-20T08:24:49.995Z,510.05,PAID
ORD-8561,C42,2026-07-05T07:08:12.025Z,424.23,SHIPPED
ORD-8562,C1234,2026-08-14T03:53:39.408Z,406.64,PENDING
ORD-8563,C720,2026-09-25T00:30:50.680Z,711.74,CANCELLED
ORD-8564,C1424,2026-07-04T23:53:41.428Z,393.64,PAID
ORD-8565,C1370,2026-08-09T07:40:26.319Z,803.61,SHIPPED
ORD-8566,C498,2026-07-13T22:28:58.012Z,588.64,PENDING
ORD-8567,C77,2026-08-31T13:55:07.194Z,981.93,CANCELLED
ORD-8568,C465,2026-07-22T00:28:10.514Z,805.53,PAID
ORD-8569,C1377,2026-07-24T02:42:21.078Z,65.54,SHIPPED
ORD-8570,C1974,2026-09-02T16:54:11.285Z,89.81,PENDING
ORD-8571,C610,2026-07-26T23:21:44.881Z,339.65,CANCELLED
ORD-8572,C1060,2026-07-30T12:01:34.485Z,174.95,PAID
ORD-8573,C1084,2026-09-27T13:49:51.754Z,173.55,SHIPPED
ORD-8574,C714,2026-07-23T01:54:57.866Z,480.52,PENDING
ORD-8575,C361,2026-07-21T20:44:58.018Z,265.70,CANCELLED
ORD-8576,C343,2026-07-30T07:23:48.951Z,889.94,PAID
ORD-8577,C552,2026-07-23T13:24:47.881Z,653.04,SHIPPED
ORD-8578,C833,2026-09-22T04:35:31.669Z,624.28,PENDING
ORD-8579,C1507,2026-09-03T10:59:52.970Z,271.08,CANCELLED
ORD-8580,C241,2026-08-11T06:44:38.154Z,791.27,PAID
ORD-8581,C1059,2026-07-25T14:31:25.748Z,560.60,SHIPPED
ORD-8582,C721,2026-09-29T02:57:14.001Z,591.54,PENDING
ORD-8583,C117,2026-09-11T17:21:02.599Z,680.22,CANCELLED
ORD-8584,C852,2026-07-11T05:05:08.505Z,297.46,PAID
ORD-8585,C446,2026-07-23T18:59:59.641Z,595.35,SHIPPED
ORD-8586,C1426,2026-07-10T01:02:35.203Z,580.81,PENDING
ORD-8587,C583,2026-08-31T19:58:02.911Z,350.39,CANCELLED
ORD-8588,C1639,2026-09-12T13:27:14.915Z,878.42,PAID
ORD-8589,C1515,2026-09-27T02:01:03.700Z,927.82,SHIPPED
ORD-8590,C1109,2026-08-26T15:38:59.722Z,614.31,PENDING
ORD-8591,C723,2026-07-19T04:47:54.046Z,736.37,CANCELLED
ORD-8592,C461,2026-07-04T13:17:30.136Z,109.81,PAID
ORD-8593,C352,2026-08-15T17:58:39.196Z,310.47,SHIPPED
ORD-8594,C217,2026-08-06T02:26:33.817Z,453.39,PENDING
ORD-8595,C1372,2026-07-30T09:34:45.451Z,663.06,CANCELLED
ORD-8596,C122,2026-09-17T13:56:05.995Z,846.38,PAID
ORD-8597,C1176,2026-09-28T08:28:26.707Z,200.61,SHIPPED
ORD-8598,C1875,2026-07-31T04:20:23.139Z,98.97,PENDING
ORD-8599,C695,2026-07-03T20:15:15.893Z,406.32,CANCELLED
ORD-8600,C1065,2026-09-11T00:51:03.971Z,668.30,PAID
ORD-8601,C1745,2026-08-25T00:39:37.620Z,738.25,SHIPPED
ORD-8602,C1698,2026-07-12T08:45:31.668Z,648.22,PENDING
ORD-8603,C415,2026-09-02T05:05:33.868Z,925.57,CANCELLED
ORD-8604,C1075,2026-09-18T01:41:01.156Z,445.80,PAID
ORD-8605,C260,2026-07-16T23:30:26.675Z,988.40,SHIPPED
ORD-8606,C1020,2026-07-12T14:26:30.758Z,639.18,PENDING
ORD-8607,C840,2026-09-20T04:22:15.861Z,285.74,CANCELLED
ORD-8608,C1043,2026-09-17T14:31:25.596Z,387.71,PAID
ORD-8609,C1299,2026-08-16T03:40:40.465Z,559.07,SHIPPED
ORD-8610,C870,2026-08-31T14:21:00.860Z,200.74,PENDING
ORD-8611,C705,2026-07-21T23:21:17.100Z,413.59,CANCELLED
ORD-8612,C69,2026-08-27T02:34:39.473Z,295.89,PAID
ORD-8613,C849,2026-09-14T17:42:38.856Z,187.95,SHIPPED
ORD-8614,C677,2026-08-03T03:02:23.699Z,933.96,PENDING
ORD-8615,C200,2026-09-06T10:04:13.199Z,552.71,CANCELLED
ORD-8616,C589,2026-08-06T15:10:49.657Z,183.61,PAID
ORD-8617,C243,2026-07-22T20:04:03.304Z,289.16,SHIPPED
ORD-8618,C1538,2026-07-21T20:33:15.705Z,418.89,PENDING
ORD-8619,C165,2026-08-27T06:53:41.906Z,606.99,CANCELLED
ORD-8620,C1948,2026-08-17T21:36:38.843Z,812.16,PAID
ORD-8621,C386,2026-08-16T02:20:56.166Z,617.73,SHIPPED
ORD-8622,C283,2026-09-11T03:05:10.394Z,711.04,PENDING
ORD-8623,C108,2026-08-06T18:43:07.353Z,987.22,CANCELLED
ORD-8624,C153,2026-08-30T08:59:11.824Z,261.52,PAID
ORD-8625,C1438,2026-09-05T01:14:42.825Z,183.82,SHIPPED
ORD-8626,C589,2026-09-14T05:55:08.857Z,625.26,PENDING
ORD-8627,C166,2026-08-31T05:48:37.657Z,661.72,CANCELLED
ORD-8628,C738,2026-07-30T19:29:44.175Z,538.29,PAID
ORD-8629,C476,2026-07-06T14:25:35.024Z,741.28,SHIPPED
ORD-8630,C708,2026-09-14T14:01:27.644Z,634.70,PENDING
ORD-8631,C375,2026-09-05T17:41:27.540Z,334.34,CANCELLED
ORD-8632,C100,2026-07-18T02:38:17.018Z,982.09,PAID
ORD-8633,C1426,2026-07-23T20:48:40.103Z,12.36,SHIPPED
ORD-8634,C1485,2026-08-27T17:21:20.354Z,989.56,PENDING
ORD-8635,C1691,2026-07-21T18:29:50.443Z,751.24,CANCELLED
ORD-8636,C1817,2026-08-10T12:14:39.022Z,680.96,PAID
ORD-8637,C1600,2026-07-05T01:40:11.399Z,113.85,SHIPPED
ORD-8638,C1998,2026-08-18T01:57:58.091Z,888.15,PENDING
ORD-8639,C930,2026-07-08T11:54:49.967Z,16.45,CANCELLED
ORD-8640,C1608,2026-07-26T17:58:58.071Z,968.01,PAID
ORD-8641,C1887,2026-09-18T19:30:32.135Z,320.16,SHIPPED
ORD-8642,C1373,2026-09-18T14:31:49.971Z,197.89,PENDING
ORD-8643,C996,2026-09-01T18:06:56.744Z,428.66,CANCELLED
ORD-8644,C369,2026-07-22T07:09:28.132Z,48.67,PAID
ORD-8645,C1757,2026-07-21T21:32:50.215Z,765.31,SHIPPED
ORD-8646,C1495,2026-07-31T07:55:04.500Z,871.59,PENDING
ORD-8647,C1499,2026-07-25T21:13:22.467Z,20.77,CANCELLED
ORD-8648,C624,2026-07-06T16:08:42.119Z,237.40,PAID
ORD-8649,C1367,2026-09-27T03:53:01.988Z,213.48,SHIPPED
ORD-8650,C416,2026-09-17T13:51:02.281Z,132.61,PENDING
ORD-8651,C917,2026-07-27T04:13:20.501Z,303.36,CANCELLED
ORD-8652,C1910,2026-08-10T15:55:02.790Z,535.98,PAID
ORD-8653,C958,2026-09-30T06:53:16.400Z,116.57,SHIPPED
ORD-8654,C1818,2026-07-11T13:50:57.098Z,674.67,PENDING
ORD-8655,C1370,2026-07-15T15:08:11.232Z,147.66,CANCELLED
ORD-8656,C552,2026-08-06T12:17:11.754Z,891.71,PAID
ORD-8657,C1938,2026-09-03T13:40:10.026Z,55.10,SHIPPED
ORD-8658,C1253,2026-07-24T22:29:34.480Z,190.98,PENDING
ORD-8659,C1814,2026-08-24T15:59:12.050Z,274.55,CANCELLED
ORD-8660,C921,2026-09-16T03:53:22.208Z,72.08,PAID
ORD-8661,C1788,2026-08-17T15:04:34.697Z,257.19,SHIPPED
ORD-8662,C117,2026-09-26T11:59:01.973Z,796.75,PENDING
ORD-8663,C1494,2026-08-25T17:44:06.061Z,139.91,CANCELLED
ORD-8664,C450,2026-07-06T15:11:43.274Z,255.62,PAID
ORD-8665,C93,2026-07-24T02:16:52.662Z,935.36,SHIPPED
ORD-8666,C720,2026-09-17T00:28:39.593Z,928.61,PENDING
ORD-8667,C897,2026-08-20T20:28:54.005Z,281.85,CANCELLED
ORD-8668,C514,2026-09-15T08:06:25.732Z,637.05,PAID
ORD-8669,C1617,2026-07-07T00:52:31.216Z,724.29,SHIPPED
ORD-8670,C682,2026-09-01T23:10:57.112Z,549.58,PENDING
ORD-8671,C1856,2026-08-25T10:52:52.896Z,663.61,CANCELLED
ORD-8672,C49,2026-09-17T21:56:36.628Z,128.91,PAID
ORD-8673,C1509,2026-08-22T04:23:44.094Z,332.01,SHIPPED
ORD-8674,C1545,2026-08-11T23:46:42.571Z,933.75,PENDING
ORD-8675,C494,2026-09-25T09:27:55.353Z,39.76,CANCELLED
ORD-8676,C1590,2026-08-09T10:31:44.600Z,162.31,PAID
ORD-8677,C1367,2026-08-18T15:51:02.833Z,972.91,SHIPPED
ORD-8678,C788,2026-09-12T21:43:38.578Z,938.44,PENDING
ORD-8679,C207,2026-07-21T08:30:30.236Z,267.19,CANCELLED
ORD-8680,C857,2026-07-05T08:25:25.656Z,879.74,PAID
ORD-8681,C215,2026-08-25T12:05:29.166Z,295.12,SHIPPED
ORD-8682,C146,2026-07-31T23:12:10.297Z,685.75,PENDING
ORD-8683,C321,2026-09-25T08:57:55.323Z,812.70,CANCELLED
ORD-8684,C1444,2026-08-26T20:21:49.764Z,846.22,PAID
ORD-8685,C1669,2026-07-26T16:26:43.836Z,980.25,SHIPPED
ORD-8686,C1911,2026-07-07T07:10:10.680Z,385.19,PENDING
ORD-8687,C410,2026-09-12T08:02:46.987Z,82.89,CANCELLED
ORD-8688,C396,2026-07-04T21:11:40.386Z,849.04,PAID
ORD-8689,C1512,2026-07-17T05:00:47.916Z,566.02,SHIPPED
ORD-8690,C1510,2026-09-27T01:47:21.306Z,811.42,PENDING
ORD-8691,C190,2026-07-20T00:16:07.961Z,721.63,CANCELLED
ORD-8692,C1111,2026-09-07T09:02:56.342Z,407.90,PAID
ORD-8693,C626,2026-08-11T21:11:46.352Z,13.69,SHIPPED
ORD-8694,C1346,2026-07-25T22:54:54.345Z,834.37,PENDING
ORD-8695,C150,2026-07-21T22:59:51.014Z,938.71,CANCELLED
ORD-8696,C916,2026-07-25T18:39:41.552Z,615.17,PAID
ORD-8697,C1730,2026-09-18T17:49:31.940Z,350.82,SHIPPED
ORD-8698,C766,2026-09-22T22:33:54.883Z,173.37,PENDING
ORD-8699,C1551,2026-08-26T02:40:22.654Z,68.16,CANCELLED
ORD-8700,C1397,2026-07-07T06:55:24.156Z,473.38,PAID
ORD-8701,C1273,2026-09-26T20:07:45.092Z,977.71,SHIPPED
ORD-8702,C499,2026-09-10T09:01:43.294Z,329.36,PENDING
ORD-8703,C840,2026-09-10T18:45:08.494Z,899.59,CANCELLED
ORD-8704,C851,2026-07-03T20:24:50.887Z,891.45,PAID
ORD-8705,C1818,2026-08-08T14:59:08.445Z,645.50,SHIPPED
ORD-8706,C1418,2026-09-28T01:33:57.158Z,27.93,PENDING
ORD-8707,C676,2026-08-28T19:18:55.582Z,501.42,CANCELLED
ORD-8708,C509,2026-07-04T20:06:31.010Z,732.49,PAID
ORD-8709,C143,2026-09-08T04:15:47.462Z,97.61,SHIPPED
ORD-8710,C1629,2026-09-30T00:31:38.486Z,706.35,PENDING
ORD-8711,C518,2026-08-28T14:34:05.375Z,978.43,CANCELLED
ORD-8712,C198,2026-08-18T15:19:42.369Z,262.52,PAID
ORD-8713,C434,2026-09-11T06:29:25.155Z,988.99,SHIPPED
ORD-8714,C1041,2026-09-26T19:13:32.708Z,335.94,PENDING
ORD-8715,C432,2026-08-28T10:27:55.616Z,448.31,CANCELLED
ORD-8716,C1199,2026-09-10T08:03:31.559Z,458.27,PAID
ORD-8717,C173,2026-08-04T20:55:16.581Z,752.80,SHIPPED
ORD-8718,C478,2026-09-14T11:59:38.438Z,400.47,PENDING
ORD-8719,C197,2026-08-22T15:53:21.791Z,364.08,CANCELLED
ORD-8720,C691,2026-09-29T02:16:01.605Z,765.13,PAID
ORD-8721,C1087,2026-09-17T19:51:10.646Z,819.13,SHIPPED
ORD-8722,C1069,2026-07-20T06:37:51.983Z,704.19,PENDING
ORD-8723,C1175,2026-08-03T21:47:23.234Z,66.21,CANCELLED
ORD-8724,C1261,2026-07-12T08:49:52.306Z,749.52,PAID
ORD-8725,C1138,2026-08-24T15:18:00.213Z,240.95,SHIPPED
ORD-8726,C1497,2026-08-21T16:34:42.633Z,264.26,PENDING
ORD-8727,C1069,2026-07-06T14:07:00.827Z,638.02,CANCELLED
ORD-8728,C1574,2026-08-21T12:05:49.090Z,398.52,PAID
ORD-8729,C401,2026-09-28T17:19:01.646Z,846.09,SHIPPED
ORD-8730,C879,2026-09-21T01:37:46.749Z,737.37,PENDING
ORD-8731,C216,2026-09-13T01:57:19.525Z,193.97,CANCELLED
ORD-8732,C1431,2026-08-16T20:57:18.626Z,674.00,PAID
ORD-8733,C1726,2026-07-25T01:05:48.692Z,989.36,SHIPPED
ORD-8734,C1486,2026-09-18T11:59:40.658Z,133.71,PENDING
ORD-8735,C457,2026-07-23T17:36:56.077Z,916.66,CANCELLED
ORD-8736,C559,2026-07-20T10:48:56.380Z,942.00,PAID
ORD-8737,C302,2026-08-05T04:42:18.272Z,11.09,SHIPPED
ORD-8738,C783,2026-08-09T02:42:08.744Z,288.99,PENDING
ORD-8739,C510,2026-07-24T18:52:26.484Z,934.87,CANCELLED
ORD-8740,C1528,2026-09-28T08:23:38.542Z,13.13,PAID
ORD-8741,C529,2026-09-12T13:28:49.725Z,498.15,SHIPPED
ORD-8742,C1087,2026-09-15T19:07:20.895Z,627.96,PENDING
ORD-8743,C68,2026-10-01T00:15:17.177Z,393.70,CANCELLED
ORD-8744,C630,2026-08-05T00:39:02.060Z,874.12,PAID
ORD-8745,C1242,2026-08-22T06:21:27.970Z,561.23,SHIPPED
ORD-8746,C1885,2026-08-25T18:25:48.863Z,247.99,PENDING
ORD-8747,C1645,2026-09-11T02:08:57.780Z,86.85,CANCELLED
ORD-8748,C1939,2026-08-30T08:40:02.384Z,986.66,PAID
ORD-8749,C1577,2026-09-13T02:04:52.402Z,109.76,SHIPPED
ORD-8750,C305,2026-07-28T06:16:01.277Z,906.87,PENDING
ORD-8751,C1301,2026-07-31T02:28:42.974Z,798.19,CANCELLED
ORD-8752,C1679,2026-07-24T18:08:44.032Z,71.67,PAID
ORD-8753,C1426,2026-09-25T03:03:32.346Z,191.05,SHIPPED
ORD-8754,C740,2026-08-20T13:45:40.815Z,350.16,PENDING
ORD-8755,C1348,2026-07-20T18:00:14.785Z,687.01,CANCELLED
ORD-8756,C759,2026-09-13T12:05:19.184Z,744.88,PAID
ORD-8757,C49,2026-08-18T15:46:59.248Z,935.96,SHIPPED
ORD-8758,C1736,2026-09-01T23:02:49.854Z,132.72,PENDING
ORD-8759,C1647,2026-07-29T16:50:13.893Z,38.84,CANCELLED
ORD-8760,C618,2026-09-19T17:21:41.755Z,930.01,PAID
ORD-8761,C635,2026-07-03T09:29:47.487Z,975.15,SHIPPED
ORD-8762,C1274,2026-07-16T14:46:44.232Z,800.93,PENDING
ORD-8763,C1549,2026-07-22T16:53:03.347Z,19.61,CANCELLED
ORD-8764,C784,2026-08-23T13:58:49.461Z,23.22,PAID
ORD-8765,C1629,2026-08-20T09:00:28.421Z,962.93,SHIPPED
ORD-8766,C207,2026-08-14T13:04:45.460Z,590.79,PENDING
ORD-8767,C1336,2026-08-18T06:14:38.210Z,913.07,CANCELLED
ORD-8768,C500,2026-09-10T01:50:51.062Z,787.51,PAID
ORD-8769,C1441,2026-09-07T09:10:40.057Z,172.08,SHIPPED
ORD-8770,C1017,2026-09-03T12:10:20.138Z,549.09,PENDING
ORD-8771,C735,2026-09-25T21:58:24.741Z,652.46,CANCELLED
ORD-8772,C1663,2026-07-10T03:33:10.521Z,616.95,PAID
ORD-8773,C430,2026-07-29T09:52:25.953Z,337.83,SHIPPED
ORD-8774,C1393,2026-07-30T18:46:23.040Z,42.16,PENDING
ORD-8775,C520,2026-09-15T04:14:56.687Z,297.25,CANCELLED
ORD-8776,C1737,2026-07-16T00:46:17.192Z,422.06,PAID
ORD-8777,C268,2026-07-22T16:50:51.011Z,740.04,SHIPPED
ORD-8778,C134,2026-07-09T10:33:35.380Z,347.79,PENDING
ORD-8779,C124,2026-09-06T09:16:56.319Z,558.33,CANCELLED
ORD-8780,C830,2026-09-15T07:10:14.668Z,529.89,PAID
ORD-8781,C49,2026-09-26T08:35:40.753Z,950.93,SHIPPED
ORD-8782,C105,2026-08-26T17:02:36.878Z,411.90,PENDING
ORD-8783,C1427,2026-09-01T18:42:10.768Z,161.98,CANCELLED
ORD-8784,C1134,2026-08-29T07:24:36.505Z,990.72,PAID
ORD-8785,C1905,2026-07-31T11:27:21.244Z,516.81,SHIPPED
ORD-8786,C1151,2026-08-03T07:25:23.643Z,996.78,PENDING
ORD-8787,C1672,2026-09-25T11:32:57.820Z,747.40,CANCELLED
ORD-8788,C250,2026-09-30T06:31:24.096Z,975.12,PAID
ORD-8789,C1640,2026-07-05T15:36:26.302Z,348.52,SHIPPED
ORD-8790,C244,2026-07-28T16:12:08.926Z,662.81,PENDING
ORD-8791,C1375,2026-08-12T23:27:21.844Z,88.85,CANCELLED
ORD-8792,C11,2026-09-11T07:44:00.679Z,698.29,PAID
ORD-8793,C1227,2026-07-06T05:51:40.634Z,139.13,SHIPPED
ORD-8794,C12,2026-09-26T12:24:29.536Z,84.33,PENDING
ORD-8795,C1979,2026-08-21T18:48:14.373Z,127.22,CANCELLED
ORD-8796,C1788,2026-07-22T06:08:58.568Z,65.94,PAID
ORD-8797,C1314,2026-09-19T15:24:37.913Z,357.00,SHIPPED
ORD-8798,C1834,2026-08-25T20:53:24.462Z,815.71,PENDING
ORD-8799,C1476,2026-09-25T23:43:58.254Z,493.41,CANCELLED
ORD-8800,C1432,2026-07-15T21:34:46.654Z,533.38,PAID
ORD-8801,C114,2026-07-09T06:54:21.515Z,27.69,SHIPPED
ORD-8802,C279,2026-08-23T17:00:53.601Z,44.22,PENDING
ORD-8803,C1002,2026-09-10T12:32:30.246Z,584.61,CANCELLED
ORD-8804,C1099,2026-09-24T18:31:29.420Z,10.02,PAID
ORD-8805,C920,2026-09-14T13:16:37.052Z,132.60,SHIPPED
ORD-8806,C458,2026-08-09T03:07:17.295Z,428.11,PENDING
ORD-8807,C91,2026-08-08T11:24:34.937Z,787.64,CANCELLED
ORD-8808,C957,2026-07-31T02:27:20.458Z,411.60,PAID
ORD-8809,C1111,2026-08-31T00:14:08.891Z,887.31,SHIPPED
ORD-8810,C128,2026-07-27T01:43:37.801Z,557.92,PENDING
ORD-8811,C422,2026-07-20T19:53:43.182Z,126.08,CANCELLED
ORD-8812,C807,2026-07-26T01:07:53.806Z,324.80,PAID
ORD-8813,C112,2026-08-26T15:53:42.016Z,450.58,SHIPPED
ORD-8814,C1138,2026-07-20T23:44:00.871Z,216.73,PENDING
ORD-8815,C826,2026-07-27T01:14:17.875Z,596.31,CANCELLED
ORD-8816,C1390,2026-08-17T16:40:06.338Z,332.37,PAID
ORD-8817,C1711,2026-07-07T02:58:33.557Z,28.84,SHIPPED
ORD-8818,C540,2026-08-01T04:32:51.471Z,853.68,PENDING
ORD-8819,C540,2026-07-14T14:54:15.455Z,396.85,CANCELLED
ORD-8820,C473,2026-09-11T03:55:49.135Z,772.43,PAID
ORD-8821,C1095,2026-09-08T11:49:55.670Z,885.97,SHIPPED
ORD-8822,C210,2026-08-13T15:12:39.605Z,32.58,PENDING
ORD-8823,C208,2026-07-29T12:29:41.098Z,539.04,CANCELLED
ORD-8824,C70,2026-08-12T16:25:17.434Z,546.31,PAID
ORD-8825,C1182,2026-08-29T09:23:57.952Z,611.47,SHIPPED
ORD-8826,C901,2026-08-17T12:37:45.658Z,584.56,PENDING
ORD-8827,C1580,2026-08-30T05:31:40.456Z,692.60,CANCELLED
ORD-8828,C1955,2026-08-16T22:59:06.156Z,628.03,PAID
ORD-8829,C294,2026-08-13T19:10:45.529Z,54.09,SHIPPED
ORD-8830,C457,2026-07-19T08:52:29.098Z,676.47,PENDING
ORD-8831,C1489,2026-08-29T02:14:45.717Z,492.20,CANCELLED
ORD-8832,C90,2026-07-08T20:37:48.685Z,361.10,PAID
ORD-8833,C1021,2026-09-12T17:24:37.917Z,415.63,SHIPPED
ORD-8834,C225,2026-09-25T12:15:31.465Z,968.01,PENDING
ORD-8835,C1281,2026-07-21T18:50:15.259Z,310.05,CANCELLED
ORD-8836,C1184,2026-08-18T06:04:33.459Z,95.86,PAID
ORD-8837,C1389,2026-09-19T22:12:47.625Z,507.74,SHIPPED
ORD-8838,C253,2026-07-15T06:15:04.588Z,950.12,PENDING
ORD-8839,C1096,2026-08-04T03:21:20.352Z,106.99,CANCELLED
ORD-8840,C788,2026-08-08T12:07:27.368Z,264.53,PAID
ORD-8841,C588,2026-09-01T15:05:05.137Z,838.17,SHIPPED
ORD-8842,C68,2026-07-28T07:56:28.545Z,826.92,PENDING
ORD-8843,C552,2026-08-31T01:08:53.100Z,357.70,CANCELLED
ORD-8844,C1959,2026-07-05T10:10:57.306Z,317.40,PAID
ORD-8845,C39,2026-07-05T07:33:02.416Z,505.09,SHIPPED
ORD-8846,C1137,2026-08-10T15:02:43.749Z,93.58,PENDING
ORD-8847,C24,2026-07-25T15:49:34.111Z,781.90,CANCELLED
ORD-8848,C890,2026-09-26T12:01:28.794Z,547.11,PAID
ORD-8849,C1505,2026-08-17T20:20:48.260Z,699.65,SHIPPED
ORD-8850,C199,2026-07-30T22:58:14.739Z,858.30,PENDING
ORD-8851,C1659,2026-07-18T00:55:24.962Z,956.33,CANCELLED
ORD-8852,C248,2026-09-03T22:35:11.708Z,193.91,PAID
ORD-8853,C963,2026-08-03T18:37:49.857Z,71.98,SHIPPED
ORD-8854,C1115,2026-08-20T19:59:30.628Z,93.12,PENDING
ORD-8855,C779,2026-09-24T02:39:47.672Z,706.05,CANCELLED
ORD-8856,C97,2026-08-07T00:05:49.007Z,153.11,PAID
ORD-8857,C337,2026-09-13T13:14:31.778Z,697.49,SHIPPED
ORD-8858,C828,2026-08-06T02:55:20.325Z,995.12,PENDING
ORD-8859,C86,2026-08-06T12:41:04.453Z,925.37,CANCELLED
ORD-8860,C170,2026-07-11T20:30:07.257Z,612.41,PAID
ORD-8861,C955,2026-08-30T20:20:45.133Z,604.52,SHIPPED
ORD-8862,C1550,2026-07-16T15:56:05.397Z,893.75,PENDING
ORD-8863,C1841,2026-09-26T06:25:38.938Z,438.71,CANCELLED
ORD-8864,C1829,2026-08-07T12:03:56.623Z,394.23,PAID
ORD-8865,C1157,2026-08-15T05:44:54.774Z,994.56,SHIPPED
ORD-8866,C552,2026-07-13T18:22:39.052Z,918.94,PENDING
ORD-8867,C1419,2026-09-05T22:08:05.839Z,253.33,CANCELLED
ORD-8868,C1282,2026-09-08T05:52:37.034Z,776.70,PAID
ORD-8869,C280,2026-07-26T17:34:43.758Z,761.69,SHIPPED
ORD-8870,C1807,2026-09-21T16:12:51.767Z,610.41,PENDING
ORD-8871,C1239,2026-07-28T23:30:52.423Z,262.64,CANCELLED
ORD-8872,C1494,2026-07-15T02:51:35.774Z,450.72,PAID
ORD-8873,C1822,2026-08-24T12:32:42.848Z,996.06,SHIPPED
ORD-8874,C1717,2026-07-09T13:32:24.586Z,960.22,PENDING
ORD-8875,C1075,2026-09-24T05:26:59.302Z,605.61,CANCELLED
ORD-8876,C694,2026-08-23T19:18:10.300Z,258.55,PAID
ORD-8877,C315,2026-09-07T20:44:25.760Z,178.74,SHIPPED
ORD-8878,C75,2026-08-23T20:53:30.081Z,160.37,PENDING
ORD-8879,C1389,2026-08-21T16:39:26.850Z,455.10,CANCELLED
ORD-8880,C1572,2026-08-10T05:25:47.234Z,455.52,PAID
ORD-8881,C174,2026-08-21T09:02:48.200Z,102.35,SHIPPED
ORD-8882,C493,2026-07-27T21:31:19.376Z,357.17,PENDING
ORD-8883,C1802,2026-09-17T03:46:43.386Z,824.92,CANCELLED
ORD-8884,C1618,2026-08-16T15:07:20.323Z,465.57,PAID
ORD-8885,C36,2026-09-04T00:50:18.450Z,963.72,SHIPPED
ORD-8886,C130,2026-09-06T01:29:12.659Z,683.52,PENDING
ORD-8887,C225,2026-08-07T22:58:27.629Z,973.00,CANCELLED
ORD-8888,C1688,2026-09-27T06:18:07.581Z,626.52,PAID
ORD-8889,C1151,2026-08-03T03:37:32.746Z,356.14,SHIPPED
ORD-8890,C1743,2026-07-06T05:34:30.208Z,171.20,PENDING
ORD-8891,C1861,2026-08-23T02:46:14.114Z,374.03,CANCELLED
ORD-8892,C873,2026-08-05T11:25:59.937Z,875.78,PAID
ORD-8893,C1106,2026-08-04T07:27:55.801Z,810.75,SHIPPED
ORD-8894,C1931,2026-08-30T15:17:29.026Z,880.33,PENDING
ORD-8895,C1218,2026-08-21T00:38:55.979Z,793.71,CANCELLED
ORD-8896,C174,2026-07-19T17:52:21.976Z,576.15,PAID
ORD-8897,C951,2026-08-02T22:58:09.960Z,33.00,SHIPPED
ORD-8898,C152,2026-09-05T09:23:54.844Z,944.74,PENDING
ORD-8899,C1829,2026-07-18T15:23:20.401Z,233.96,CANCELLED
ORD-8900,C445,2026-08-09T04:47:49.064Z,565.72,PAID
ORD-8901,C439,2026-09-20T11:22:25.898Z,481.99,SHIPPED
ORD-8902,C1372,2026-07-19T00:10:30.317Z,60.80,PENDING
ORD-8903,C563,2026-07-13T21:42:43.043Z,431.76,CANCELLED
ORD-8904,C344,2026-07-26T06:37:40.000Z,181.10,PAID
ORD-8905,C1378,2026-09-25T20:46:51.286Z,192.04,SHIPPED
ORD-8906,C1611,2026-07-30T05:17:40.755Z,876.70,PENDING
ORD-8907,C1322,2026-08-21T04:32:50.158Z,961.69,CANCELLED
ORD-8908,C630,2026-08-20T02:07:03.422Z,215.33,PAID
ORD-8909,C1569,2026-07-21T21:25:38.194Z,788.00,SHIPPED
ORD-8910,C1794,2026-08-24T03:28:48.533Z,267.21,PENDING
ORD-8911,C1611,2026-08-08T17:12:43.241Z,465.73,CANCELLED
ORD-8912,C1986,2026-07-28T07:25:14.401Z,883.99,PAID
ORD-8913,C1083,2026-09-15T16:50:10.875Z,924.26,SHIPPED
ORD-8914,C915,2026-09-17T19:52:53.248Z,511.10,PENDING
ORD-8915,C341,2026-07-05T00:10:07.404Z,135.14,CANCELLED
ORD-8916,C780,2026-09-06T13:00:10.163Z,418.93,PAID
ORD-8917,C161,2026-09-22T15:13:54.524Z,244.97,SHIPPED
ORD-8918,C1567,2026-08-28T21:28:12.159Z,276.86,PENDING
ORD-8919,C225,2026-07-28T14:31:43.694Z,113.84,CANCELLED
ORD-8920,C1980,2026-07-15T17:41:11.622Z,400.25,PAID
ORD-8921,C1646,2026-07-26T09:05:40.329Z,95.14,SHIPPED
ORD-8922,C1305,2026-08-04T09:41:35.664Z,653.30,PENDING
ORD-8923,C970,2026-09-04T23:34:27.874Z,531.09,CANCELLED
ORD-8924,C1502,2026-08-26T11:14:24.305Z,320.65,PAID
ORD-8925,C497,2026-07-11T20:03:19.498Z,221.59,SHIPPED
ORD-8926,C1221,2026-07-10T07:26:24.372Z,822.23,PENDING
ORD-8927,C1938,2026-07-17T13:11:04.245Z,96.67,CANCELLED
ORD-8928,C1179,2026-07-18T19:02:34.539Z,540.14,PAID
ORD-8929,C891,2026-09-29T09:21:04.461Z,155.84,SHIPPED
ORD-8930,C1136,2026-08-25T08:42:17.365Z,425.44,PENDING
ORD-8931,C729,2026-08-19T17:31:24.389Z,420.08,CANCELLED
ORD-8932,C868,2026-09-08T17:14:06.096Z,505.61,PAID
ORD-8933,C91,2026-07-27T14:54:29.581Z,235.31,SHIPPED
ORD-8934,C1230,2026-07-21T09:39:40.032Z,447.70,PENDING
ORD-8935,C1976,2026-08-23T23:47:21.663Z,622.19,CANCELLED
ORD-8936,C1240,2026-07-24T19:00:25.754Z,27.95,PAID
ORD-8937,C1935,2026-07-19T20:42:29.713Z,670.35,SHIPPED
ORD-8938,C384,2026-07-15T09:25:42.679Z,875.48,PENDING
ORD-8939,C1903,2026-09-14T09:38:06.069Z,368.71,CANCELLED
ORD-8940,C804,2026-08-24T18:02:13.871Z,634.74,PAID
ORD-8941,C1698,2026-07-30T18:02:02.209Z,25.01,SHIPPED
ORD-8942,C657,2026-07-23T07:00:51.075Z,787.54,PENDING
ORD-8943,C1017,2026-09-30T16:04:36.908Z,332.93,CANCELLED
ORD-8944,C558,2026-09-29T12:49:11.606Z,816.03,PAID
ORD-8945,C649,2026-08-18T21:02:05.564Z,425.72,SHIPPED
ORD-8946,C774,2026-08-10T04:21:44.541Z,938.90,PENDING
ORD-8947,C1002,2026-08-09T21:10:05.623Z,987.90,CANCELLED
ORD-8948,C1605,2026-09-26T21:52:45.348Z,121.94,PAID
ORD-8949,C1454,2026-08-16T05:45:58.315Z,204.02,SHIPPED
ORD-8950,C497,2026-08-27T11:41:05.155Z,789.56,PENDING
ORD-8951,C367,2026-09-12T01:39:24.715Z,640.65,CANCELLED
ORD-8952,C206,2026-08-17T00:42:25.324Z,514.64,PAID
ORD-8953,C1367,2026-09-07T06:41:41.087Z,976.86,SHIPPED
ORD-8954,C1131,2026-08-15T19:47:14.691Z,112.87,PENDING
ORD-8955,C363,2026-07-29T20:55:46.949Z,15.56,CANCELLED
ORD-8956,C1248,2026-08-19T07:42:07.276Z,670.80,PAID
ORD-8957,C1681,2026-09-16T14:39:55.746Z,857.81,SHIPPED
ORD-8958,C879,2026-09-03T00:22:16.015Z,50.08,PENDING
ORD-8959,C477,2026-09-02T19:01:18.742Z,290.92,CANCELLED
ORD-8960,C1054,2026-09-12T22:57:19.923Z,46.03,PAID
ORD-8961,C1388,2026-09-13T16:15:04.407Z,695.77,SHIPPED
ORD-8962,C674,2026-08-17T20:14:51.929Z,410.21,PENDING
ORD-8963,C1172,2026-07-12T09:44:33.067Z,39.15,CANCELLED
ORD-8964,C169,2026-09-19T06:00:52.125Z,797.48,PAID
ORD-8965,C114,2026-08-03T13:59:17.983Z,915.17,SHIPPED
ORD-8966,C1302,2026-07-03T15:29:15.847Z,128.66,PENDING
ORD-8967,C168,2026-08-28T01:25:53.454Z,719.04,CANCELLED
ORD-8968,C575,2026-09-19T12:07:28.625Z,36.77,PAID
ORD-8969,C1831,2026-07-23T13:52:15.801Z,754.20,SHIPPED
ORD-8970,C1294,2026-07-13T23:13:40.254Z,182.58,PENDING
ORD-8971,C934,2026-09-01T13:23:14.828Z,648.15,CANCELLED
ORD-8972,C690,2026-08-12T13:38:55.449Z,287.35,PAID
ORD-8973,C1077,2026-08-31T17:48:17.228Z,590.17,SHIPPED
ORD-8974,C1194,2026-08-02T23:24:54.866Z,653.51,PENDING
ORD-8975,C1995,2026-08-21T00:57:54.193Z,446.90,CANCELLED
ORD-8976,C1383,2026-09-20T22:19:15.011Z,517.76,PAID
ORD-8977,C124,2026-08-31T08:27:15.861Z,751.63,SHIPPED
ORD-8978,C1768,2026-09-18T12:31:28.719Z,249.63,PENDING
ORD-8979,C742,2026-09-19T02:12:55.567Z,740.37,CANCELLED
ORD-8980,C109,2026-07-08T17:52:15.587Z,20.96,PAID
ORD-8981,C1077,2026-09-17T08:44:33.462Z,411.64,SHIPPED
ORD-8982,C436,2026-07-11T09:23:08.162Z,742.04,PENDING
ORD-8983,C1602,2026-07-31T20:59:29.553Z,103.43,CANCELLED
ORD-8984,C844,2026-07-13T01:10:42.706Z,2.32,PAID
ORD-8985,C406,2026-08-10T04:59:43.020Z,576.96,SHIPPED
ORD-8986,C133,2026-09-20T13:55:23.007Z,976.14,PENDING
ORD-8987,C1139,2026-09-08T03:15:11.645Z,5.00,CANCELLED
ORD-8988,C1207,2026-09-13T08:41:02.140Z,952.64,PAID
ORD-8989,C1547,2026-09-19T09:53:58.408Z,495.87,SHIPPED
ORD-8990,C1831,2026-09-22T19:02:49.358Z,882.14,PENDING
ORD-8991,C1499,2026-09-26T10:33:31.897Z,75.57,CANCELLED
ORD-8992,C369,2026-08-24T20:19:45.756Z,923.43,PAID
ORD-8993,C1092,2026-07-13T02:35:54.090Z,107.98,SHIPPED
ORD-8994,C1250,2026-09-16T09:48:22.545Z,491.47,PENDING
ORD-8995,C1948,2026-09-05T06:24:35.969Z,597.43,CANCELLED
ORD-8996,C1048,2026-09-11T03:53:40.489Z,870.09,PAID
ORD-8997,C1389,2026-09-14T19:32:15.517Z,356.81,SHIPPED
ORD-8998,C118,2026-08-27T17:28:52.394Z,404.04,PENDING
ORD-8999,C32,2026-07-06T00:45:22.720Z,840.00,CANCELLED
ORD-9000,C533,2026-08-14T00:38:27.472Z,abc,PAID
ORD-9001,C913,2026-09-05T08:33:06.278Z,948.93,SHIPPED
ORD-9002,C804,2026-08-06T22:12:22.359Z,695.29,PENDING
ORD-9003,C598,2026-07-30T02:54:49.967Z,416.21,CANCELLED
ORD-9004,C1944,2026-09-28T06:32:14.654Z,31.10,PAID
ORD-9005,C11,2026-07-08T00:58:08.527Z,788.68,SHIPPED
ORD-9006,C742,2026-09-17T17:22:23.671Z,162.01,PENDING
ORD-9007,C1802,2026-09-04T18:14:22.927Z,131.27,CANCELLED
ORD-9008,C874,2026-07-21T05:31:24.450Z,10.06,PAID
ORD-9009,C188,2026-07-30T20:37:26.725Z,446.27,SHIPPED
ORD-9010,C1449,2026-08-05T14:06:39.653Z,267.28,PENDING
ORD-9011,C851,2026-07-24T19:54:43.918Z,333.88,CANCELLED
ORD-9012,C253,2026-09-13T18:31:54.530Z,590.77,PAID
ORD-9013,C1285,2026-09-26T04:45:18.969Z,201.80,SHIPPED
ORD-9014,C1480,2026-07-29T11:47:51.251Z,285.77,PENDING
ORD-9015,C759,2026-07-16T01:37:37.831Z,104.89,CANCELLED
ORD-9016,C47,2026-07-11T16:53:51.646Z,974.27,PAID
ORD-9017,C840,2026-08-26T19:01:27.737Z,482.74,SHIPPED
ORD-9018,C1635,2026-09-10T01:54:39.401Z,370.15,PENDING
ORD-9019,C1902,2026-09-06T01:27:34.138Z,861.88,CANCELLED
ORD-9020,C526,2026-09-17T01:00:49.444Z,198.27,PAID
ORD-9021,C1642,2026-07-10T15:42:26.894Z,834.82,SHIPPED
ORD-9022,C874,2026-07-17T19:59:42.201Z,29.19,PENDING
ORD-9023,C1152,2026-08-26T00:58:42.812Z,944.11,CANCELLED
ORD-9024,C1437,2026-07-30T17:02:49.891Z,653.18,PAID
ORD-9025,C621,2026-08-25T00:13:05.282Z,907.79,SHIPPED
ORD-9026,C282,2026-07-03T17:35:35.226Z,50.16,PENDING
ORD-9027,C1997,2026-07-04T11:11:01.410Z,176.25,CANCELLED
ORD-9028,C322,2026-08-05T22:41:02.957Z,629.95,PAID
ORD-9029,C912,2026-09-15T10:14:59.220Z,575.55,SHIPPED
ORD-9030,C1223,2026-08-02T08:09:02.151Z,260.76,PENDING
ORD-9031,C1639,2026-07-20T10:04:03.555Z,374.49,CANCELLED
ORD-9032,C1483,2026-07-06T07:37:11.630Z,186.61,PAID
ORD-9033,C262,2026-08-21T14:03:05.372Z,273.69,SHIPPED
ORD-9034,C918,2026-08-28T09:37:33.398Z,520.48,PENDING
ORD-9035,C931,2026-08-25T16:51:06.077Z,642.29,CANCELLED
ORD-9036,C448,2026-07-15T12:10:30.711Z,268.32,PAID
ORD-9037,C785,2026-08-18T13:05:09.593Z,635.02,SHIPPED
ORD-9038,C668,2026-07-28T14:58:48.375Z,614.57,PENDING
ORD-9039,C1023,2026-09-26T13:41:55.621Z,125.32,CANCELLED
ORD-9040,C1516,2026-08-28T07:26:47.341Z,479.97,PAID
ORD-9041,C1388,2026-08-08T02:06:50.038Z,654.07,SHIPPED
ORD-9042,C1610,2026-08-30T00:35:58.064Z,453.55,PENDING
ORD-9043,C962,2026-09-07T02:40:00.581Z,706.92,CANCELLED
ORD-9044,C1501,2026-08-22T18:14:30.641Z,257.98,PAID
ORD-9045,C1063,2026-07-30T06:46:24.197Z,600.37,SHIPPED
ORD-9046,C1038,2026-08-08T04:00:06.846Z,278.52,PENDING
ORD-9047,C167,2026-07-06T23:01:35.509Z,548.60,CANCELLED
ORD-9048,C773,2026-09-27T19:27:19.379Z,872.90,PAID
ORD-9049,C503,2026-08-28T22:33:28.285Z,801.72,SHIPPED
ORD-9050,C1564,2026-07-25T14:11:17.704Z,323.27,PENDING
ORD-9051,C1366,2026-07-31T13:09:11.196Z,747.05,CANCELLED
ORD-9052,C1448,2026-09-26T11:35:38.583Z,462.57,PAID
ORD-9053,C721,2026-07-08T14:01:01.045Z,620.13,SHIPPED
ORD-9054,C613,2026-09-20T22:42:08.849Z,308.49,PENDING
ORD-9055,C947,2026-07-05T07:48:33.912Z,953.01,CANCELLED
ORD-9056,C1373,2026-07-09T06:04:34.546Z,136.07,PAID
ORD-9057,C374,2026-08-18T20:09:42.676Z,663.61,SHIPPED
ORD-9058,C1585,2026-07-07T08:03:30.017Z,27.06,PENDING
ORD-9059,C475,2026-07-16T10:34:14.399Z,477.31,CANCELLED
ORD-9060,C1602,2026-08-22T17:00:32.524Z,444.61,PAID
ORD-9061,C1202,2026-08-17T17:56:52.233Z,618.75,SHIPPED
ORD-9062,C1219,2026-08-23T08:37:44.799Z,50.35,PENDING
ORD-9063,C545,2026-07-07T22:52:10.209Z,539.16,CANCELLED
ORD-9064,C1220,2026-08-19T16:56:15.393Z,343.00,PAID
ORD-9065,C901,2026-08-03T11:00:43.006Z,733.46,SHIPPED
ORD-9066,C1432,2026-07-29T06:10:55.405Z,790.95,PENDING
ORD-9067,C449,2026-07-25T14:04:53.539Z,85.75,CANCELLED
ORD-9068,C209,2026-09-01T16:29:07.867Z,476.42,PAID
ORD-9069,C83,2026-09-15T14:38:10.736Z,390.44,SHIPPED
ORD-9070,C596,2026-08-23T21:42:22.115Z,137.51,PENDING
ORD-9071,C1352,2026-08-04T13:30:37.034Z,192.59,CANCELLED
ORD-9072,C1849,2026-08-18T06:45:28.096Z,183.23,PAID
ORD-9073,C128,2026-09-27T05:56:49.245Z,196.34,SHIPPED
ORD-9074,C1653,2026-07-23T06:26:50.278Z,440.10,PENDING
ORD-9075,C1222,2026-07-31T20:35:50.929Z,914.13,CANCELLED
ORD-9076,C695,2026-09-05T22:21:12.969Z,589.87,PAID
ORD-9077,C1975,2026-08-15T01:55:37.154Z,793.66,SHIPPED
ORD-9078,C1212,2026-08-06T19:35:56.989Z,354.53,PENDING
ORD-9079,C960,2026-08-03T05:29:01.842Z,921.17,CANCELLED
ORD-9080,C1093,2026-08-27T06:08:06.508Z,503.86,PAID
ORD-9081,C207,2026-07-04T00:20:55.987Z,841.85,SHIPPED
ORD-9082,C1984,2026-09-03T15:52:09.119Z,468.35,PENDING
ORD-9083,C906,2026-07-21T18:12:07.319Z,958.84,CANCELLED
ORD-9084,C414,2026-08-31T08:19:57.658Z,636.58,PAID
ORD-9085,C689,2026-09-30T23:20:10.376Z,497.13,SHIPPED
ORD-9086,C544,2026-09-12T09:50:57.946Z,651.22,PENDING
ORD-9087,C586,2026-08-30T15:00:17.933Z,258.62,CANCELLED
ORD-9088,C290,2026-09-04T21:21:32.573Z,874.51,PAID
ORD-9089,C825,2026-09-14T11:18:00.154Z,868.96,SHIPPED
ORD-9090,C1299,2026-08-02T21:59:22.074Z,954.51,PENDING
ORD-9091,C73,2026-07-03T14:57:23.210Z,421.53,CANCELLED
ORD-9092,C1625,2026-08-19T22:28:06.343Z,384.97,PAID
ORD-9093,C811,2026-07-21T03:44:49.943Z,961.87,SHIPPED
ORD-9094,C1425,2026-07-05T11:53:53.364Z,581.68,PENDING
ORD-9095,C1927,2026-07-15T17:07:09.961Z,875.42,CANCELLED
ORD-9096,C1079,2026-09-16T03:32:04.699Z,601.68,PAID
ORD-9097,C1864,2026-08-24T14:55:53.856Z,403.75,SHIPPED
ORD-9098,C1321,2026-07-21T16:29:28.325Z,817.44,PENDING
ORD-9099,C815,2026-07-12T05:36:55.322Z,517.28,CANCELLED
ORD-9100,C1161,2026-09-24T13:28:19.494Z,750.07,PAID
ORD-9101,C749,2026-07-12T07:30:46.077Z,74.61,SHIPPED
ORD-9102,C1534,2026-08-09T11:46:15.460Z,151.92,PENDING
ORD-9103,C1397,2026-09-13T20:34:14.866Z,444.48,CANCELLED
ORD-9104,C170,2026-09-10T08:33:14.538Z,369.09,PAID
ORD-9105,C1398,2026-08-11T16:23:58.106Z,762.46,SHIPPED
ORD-9106,C1432,2026-08-13T09:16:35.186Z,665.10,PENDING
ORD-9107,C472,2026-09-12T09:23:44.086Z,211.39,CANCELLED
ORD-9108,C1928,2026-07-24T12:03:35.832Z,973.69,PAID
ORD-9109,C178,2026-08-01T06:49:40.430Z,587.49,SHIPPED
ORD-9110,C1588,2026-07-24T23:45:10.295Z,37.62,PENDING
ORD-9111,C871,2026-09-07T14:56:42.423Z,91.85,CANCELLED
ORD-9112,C1263,2026-08-12T00:32:31.878Z,450.82,PAID
ORD-9113,C935,2026-09-04T16:40:51.233Z,337.14,SHIPPED
ORD-9114,C1470,2026-07-30T21:16:13.716Z,15.20,PENDING
ORD-9115,C1756,2026-09-15T10:10:29.621Z,634.85,CANCELLED
ORD-9116,C1823,2026-09-19T05:52:23.985Z,631.18,PAID
ORD-9117,C1753,2026-08-18T21:17:10.049Z,206.64,SHIPPED
ORD-9118,C298,2026-09-03T04:55:46.762Z,937.72,PENDING
ORD-9119,C1957,2026-09-07T15:03:18.111Z,395.64,CANCELLED
ORD-9120,C49,2026-07-24T20:20:03.490Z,289.99,PAID
ORD-9121,C2000,2026-08-30T01:34:37.088Z,4.09,SHIPPED
ORD-9122,C399,2026-08-07T20:24:26.186Z,671.79,PENDING
ORD-9123,C1826,2026-07-20T01:01:35.537Z,754.99,CANCELLED
ORD-9124,C711,2026-08-21T05:51:57.464Z,465.36,PAID
ORD-9125,C549,2026-09-01T02:26:00.221Z,477.07,SHIPPED
ORD-9126,C1040,2026-08-19T14:44:57.906Z,31.91,PENDING
ORD-9127,C373,2026-07-24T19:22:59.011Z,567.73,CANCELLED
ORD-9128,C305,2026-08-25T16:28:08.385Z,808.86,PAID
ORD-9129,C1779,2026-09-03T23:38:01.023Z,333.58,SHIPPED
ORD-9130,C419,2026-08-22T23:37:43.772Z,675.98,PENDING
ORD-9131,C1432,2026-08-02T03:38:05.813Z,36.46,CANCELLED
ORD-9132,C638,2026-07-16T01:45:17.086Z,144.78,PAID
ORD-9133,C155,2026-08-19T04:02:01.270Z,870.40,SHIPPED
ORD-9134,C1770,2026-09-18T07:59:28.391Z,500.89,PENDING
ORD-9135,C1910,2026-09-07T08:09:08.852Z,352.47,CANCELLED
ORD-9136,C294,2026-08-19T02:39:22.233Z,586.11,PAID
ORD-9137,C657,2026-08-27T02:44:08.985Z,384.17,SHIPPED
ORD-9138,C541,2026-09-06T19:11:28.665Z,29.32,PENDING
ORD-9139,C1628,2026-09-23T13:18:53.119Z,466.64,CANCELLED
ORD-9140,C1737,2026-07-30T09:54:15.572Z,339.59,PAID
ORD-9141,C1356,2026-07-31T19:33:37.018Z,868.32,SHIPPED
ORD-9142,C1656,2026-09-15T12:18:07.038Z,866.51,PENDING
ORD-9143,C305,2026-09-04T12:59:48.700Z,80.03,CANCELLED
ORD-9144,C1960,2026-07-15T09:25:57.583Z,993.38,PAID
ORD-9145,C1490,2026-09-06T14:40:12.303Z,148.99,SHIPPED
ORD-9146,C218,2026-10-01T00:02:06.861Z,59.25,PENDING
ORD-9147,C1843,2026-09-09T06:26:47.530Z,631.58,CANCELLED
ORD-9148,C1103,2026-08-25T03:36:23.883Z,609.69,PAID
ORD-9149,C447,2026-08-24T10:28:46.811Z,927.69,SHIPPED
ORD-9150,C725,2026-09-11T14:01:28.131Z,719.84,PENDING
ORD-9151,C534,2026-07-29T04:49:17.689Z,41.01,CANCELLED
ORD-9152,C1000,2026-08-29T11:15:44.682Z,852.42,PAID
ORD-9153,C936,2026-09-24T03:36:22.400Z,239.73,SHIPPED
ORD-9154,C1786,2026-08-20T16:56:04.261Z,537.96,PENDING
ORD-9155,C287,2026-09-17T23:32:48.885Z,111.11,CANCELLED
ORD-9156,C570,2026-09-24T14:07:04.091Z,499.16,PAID
ORD-9157,C1179,2026-09-06T14:56:37.073Z,58.44,SHIPPED
ORD-9158,C1307,2026-09-25T01:16:51.598Z,871.41,PENDING
ORD-9159,C1629,2026-08-08T05:27:11.684Z,90.53,CANCELLED
ORD-9160,C1747,2026-09-06T18:20:13.744Z,565.11,PAID
ORD-9161,C670,2026-07-16T05:09:17.185Z,84.03,SHIPPED
ORD-9162,C1416,2026-07-06T19:22:36.912Z,633.02,PENDING
ORD-9163,C1863,2026-09-20T21:43:11.977Z,475.88,CANCELLED
ORD-9164,C1267,2026-07-12T18:39:53.423Z,972.20,PAID
ORD-9165,C1849,2026-08-12T18:38:05.178Z,723.38,SHIPPED
ORD-9166,C1158,2026-08-25T13:26:33.267Z,499.84,PENDING
ORD-9167,C571,2026-07-20T20:37:51.055Z,610.58,CANCELLED
ORD-9168,C1686,2026-09-25T14:37:58.268Z,256.26,PAID
ORD-9169,C319,2026-07-15T12:09:06.863Z,132.93,SHIPPED
ORD-9170,C340,2026-08-16T13:29:51.209Z,340.04,PENDING
ORD-9171,C361,2026-07-24T00:31:21.275Z,919.33,CANCELLED
ORD-9172,C1503,2026-07-27T02:04:51.200Z,730.92,PAID
ORD-9173,C440,2026-07-24T01:40:27.120Z,575.96,SHIPPED
ORD-9174,C1702,2026-08-07T03:00:44.889Z,696.63,PENDING
ORD-9175,C1144,2026-08-20T18:50:15.833Z,437.42,CANCELLED
ORD-9176,C833,2026-09-20T05:41:28.204Z,137.56,PAID
ORD-9177,C626,2026-09-03T19:30:00.478Z,99.13,SHIPPED
ORD-9178,C1828,2026-08-04T16:07:34.916Z,888.15,PENDING
ORD-9179,C435,2026-08-07T03:56:29.492Z,359.71,CANCELLED
ORD-9180,C789,2026-07-25T23:11:12.797Z,515.48,PAID
ORD-9181,C1242,2026-07-05T06:45:38.266Z,235.35,SHIPPED
ORD-9182,C462,2026-09-28T12:18:10.100Z,540.37,PENDING
ORD-9183,C307,2026-09-16T14:53:22.040Z,130.34,CANCELLED
ORD-9184,C987,2026-08-29T08:50:09.970Z,329.85,PAID
ORD-9185,C400,2026-07-07T15:27:20.064Z,876.33,SHIPPED
ORD-9186,C4,2026-08-15T19:40:29.161Z,15.01,PENDING
ORD-9187,C1952,2026-08-23T15:52:29.614Z,561.40,CANCELLED
ORD-9188,C60,2026-09-10T13:03:39.943Z,109.79,PAID
ORD-9189,C1108,2026-08-04T12:40:47.510Z,23.72,SHIPPED
ORD-9190,C237,2026-08-22T11:49:52.396Z,456.03,PENDING
ORD-9191,C1505,2026-07-20T12:33:45.796Z,823.52,CANCELLED
ORD-9192,C405,2026-07-22T00:11:20.924Z,865.93,PAID
ORD-9193,C1221,2026-09-09T11:34:08.114Z,811.80,SHIPPED
ORD-9194,C1229,2026-08-06T22:12:54.084Z,899.26,PENDING
ORD-9195,C1103,2026-08-31T08:20:12.813Z,801.76,CANCELLED
ORD-9196,C481,2026-07-08T18:00:19.696Z,6.11,PAID
ORD-9197,C1124,2026-09-19T05:32:43.709Z,696.59,SHIPPED
ORD-9198,C551,2026-07-27T22:27:34.767Z,930.44,PENDING
ORD-9199,C1761,2026-08-16T15:12:10.519Z,46.32,CANCELLED
ORD-9200,C1479,2026-07-06T10:45:26.620Z,846.86,PAID
ORD-9201,C656,2026-09-28T08:13:37.524Z,967.00,SHIPPED
ORD-9202,C1595,2026-07-16T07:10:13.737Z,590.04,PENDING
ORD-9203,C1143,2026-08-26T10:43:54.239Z,519.68,CANCELLED
ORD-9204,C191,2026-07-10T09:04:07.323Z,683.98,PAID
ORD-9205,C1160,2026-09-26T05:34:33.255Z,591.05,SHIPPED
ORD-9206,C1804,2026-07-10T17:39:45.790Z,122.79,PENDING
ORD-9207,C1008,2026-07-25T15:27:59.558Z,886.79,CANCELLED
ORD-9208,C1917,2026-08-28T08:14:15.969Z,744.58,PAID
ORD-9209,C405,2026-09-01T18:46:02.211Z,787.18,SHIPPED
ORD-9210,C1920,2026-08-21T11:27:49.474Z,952.27,PENDING
ORD-9211,C1682,2026-07-15T04:17:31.736Z,750.25,CANCELLED
ORD-9212,C1261,2026-07-26T01:29:15.901Z,169.46,PAID
ORD-9213,C123,2026-09-13T00:50:28.048Z,400.36,SHIPPED
ORD-9214,C13,2026-07-05T13:29:40.685Z,848.69,PENDING
ORD-9215,C1150,2026-08-06T00:00:21.850Z,380.58,CANCELLED
ORD-9216,C734,2026-07-20T01:54:49.554Z,177.95,PAID
ORD-9217,C447,2026-08-13T10:07:15.853Z,422.05,SHIPPED
ORD-9218,C1394,2026-09-07T11:03:44.187Z,456.71,PENDING
ORD-9219,C135,2026-09-30T03:44:28.384Z,428.61,CANCELLED
ORD-9220,C1497,2026-08-22T03:50:42.165Z,375.34,PAID
ORD-9221,C842,2026-09-13T07:39:50.814Z,765.76,SHIPPED
ORD-9222,C299,2026-08-23T01:32:15.882Z,174.18,PENDING
ORD-9223,C38,2026-09-26T20:24:43.557Z,488.63,CANCELLED
ORD-9224,C1399,2026-07-07T16:08:08.512Z,796.31,PAID
ORD-9225,C1809,2026-09-11T13:13:06.169Z,937.54,SHIPPED
ORD-9226,C1952,2026-08-19T12:37:55.498Z,876.70,PENDING
ORD-9227,C646,2026-07-11T16:10:37.645Z,679.38,CANCELLED
ORD-9228,C906,2026-09-18T18:51:31.320Z,287.95,PAID
ORD-9229,C368,2026-07-19T13:18:43.765Z,617.09,SHIPPED
ORD-9230,C323,2026-07-06T11:09:43.812Z,936.67,PENDING
ORD-9231,C1483,2026-07-18T01:39:55.865Z,776.60,CANCELLED
ORD-9232,C863,2026-07-10T09:40:37.017Z,724.99,PAID
ORD-9233,C83,2026-09-16T13:39:03.227Z,578.06,SHIPPED
ORD-9234,C1710,2026-08-19T22:10:14.456Z,902.03,PENDING
ORD-9235,C1209,2026-08-16T16:56:35.519Z,571.28,CANCELLED
ORD-9236,C1506,2026-09-04T08:22:44.925Z,375.94,PAID
ORD-9237,C58,2026-08-08T15:21:53.218Z,716.60,SHIPPED
ORD-9238,C1038,2026-07-13T17:56:48.131Z,353.21,PENDING
ORD-9239,C1128,2026-08-21T03:13:27.839Z,712.49,CANCELLED
ORD-9240,C1847,2026-09-04T04:31:30.972Z,583.24,PAID
ORD-9241,C1404,2026-09-13T01:04:29.745Z,917.55,SHIPPED
ORD-9242,C853,2026-09-22T17:52:06.506Z,623.96,PENDING
ORD-9243,C1248,2026-07-17T23:58:20.745Z,963.29,CANCELLED
ORD-9244,C1919,2026-08-29T13:50:36.444Z,988.72,PAID
ORD-9245,C694,2026-07-14T10:26:40.289Z,904.54,SHIPPED
ORD-9246,C945,2026-07-17T06:26:31.192Z,249.21,PENDING
ORD-9247,C867,2026-07-09T14:56:18.084Z,862.22,CANCELLED
ORD-9248,C570,2026-08-13T20:43:07.830Z,136.12,PAID
ORD-9249,C85,2026-07-28T12:07:38.169Z,743.56,SHIPPED
ORD-9250,C3,2026-09-21T08:29:39.876Z,859.73,PENDING
ORD-9251,C467,2026-09-14T08:09:11.713Z,324.27,CANCELLED
ORD-9252,C21,2026-09-28T15:20:50.298Z,571.57,PAID
ORD-9253,C1514,2026-08-31T05:21:27.004Z,136.91,SHIPPED
ORD-9254,C989,2026-08-04T00:14:09.057Z,9.90,PENDING
ORD-9255,C119,2026-08-03T03:28:59.166Z,953.40,CANCELLED
ORD-9256,C1365,2026-08-04T00:34:59.517Z,296.49,PAID
ORD-9257,C1235,2026-09-05T16:36:06.598Z,505.65,SHIPPED
ORD-9258,C1990,2026-09-21T15:08:00.204Z,776.97,PENDING
ORD-9259,C1031,2026-08-21T04:20:06.378Z,423.68,CANCELLED
ORD-9260,C45,2026-08-10T02:56:49.551Z,534.53,PAID
ORD-9261,C484,2026-09-22T19:19:42.423Z,34.20,SHIPPED
ORD-9262,C1315,2026-08-28T20:58:44.804Z,519.09,PENDING
ORD-9263,C1007,2026-09-23T06:47:27.079Z,962.07,CANCELLED
ORD-9264,C564,2026-07-12T20:14:21.752Z,999.21,PAID
ORD-9265,C742,2026-09-23T02:06:06.338Z,932.44,SHIPPED
ORD-9266,C1390,2026-09-25T08:32:55.745Z,259.16,PENDING
ORD-9267,C151,2026-09-26T17:28:20.116Z,192.92,CANCELLED
ORD-9268,C1434,2026-08-23T06:45:56.779Z,415.51,PAID
ORD-9269,C716,2026-09-30T21:18:10.811Z,823.25,SHIPPED
ORD-9270,C1249,2026-07-29T03:34:41.629Z,345.34,PENDING
ORD-9271,C159,2026-09-13T05:31:13.524Z,780.68,CANCELLED
ORD-9272,C683,2026-08-15T13:58:13.323Z,207.71,PAID
ORD-9273,C41,2026-07-09T19:21:20.162Z,766.62,SHIPPED
ORD-9274,C1188,2026-08-29T12:48:47.976Z,568.36,PENDING
ORD-9275,C1008,2026-08-15T00:51:55.568Z,738.81,CANCELLED
ORD-9276,C1221,2026-07-11T10:34:30.034Z,543.44,PAID
ORD-9277,C233,2026-07-30T11:27:50.206Z,888.11,SHIPPED
ORD-9278,C322,2026-09-03T07:01:30.311Z,411.34,PENDING
ORD-9279,C604,2026-09-12T04:56:40.983Z,295.85,CANCELLED
ORD-9280,C806,2026-09-30T20:24:15.694Z,586.16,PAID
ORD-9281,C187,2026-08-18T13:33:40.928Z,520.29,SHIPPED
ORD-9282,C790,2026-09-24T23:19:00.451Z,422.69,PENDING
ORD-9283,C1329,2026-08-13T10:29:53.382Z,230.53,CANCELLED
ORD-9284,C218,2026-09-15T03:50:37.951Z,375.91,PAID
ORD-9285,C766,2026-08-15T03:51:58.545Z,807.65,SHIPPED
ORD-9286,C711,2026-07-16T09:48:53.339Z,887.65,PENDING
ORD-9287,C1613,2026-09-15T13:59:46.625Z,782.72,CANCELLED
ORD-9288,C1318,2026-08-13T20:15:05.567Z,844.24,PAID
ORD-9289,C879,2026-07-09T13:48:05.937Z,156.35,SHIPPED
ORD-9290,C639,2026-07-26T06:10:50.964Z,741.94,PENDING
ORD-9291,C288,2026-08-25T07:56:50.145Z,337.53,CANCELLED
ORD-9292,C1750,2026-08-30T16:22:51.567Z,146.97,PAID
ORD-9293,C1569,2026-07-28T02:06:33.635Z,544.01,SHIPPED
ORD-9294,C529,2026-08-17T06:48:51.723Z,571.21,PENDING
ORD-9295,C1318,2026-08-05T18:54:59.548Z,941.20,CANCELLED
ORD-9296,C315,2026-09-28T17:53:20.865Z,4.28,PAID
ORD-9297,C931,2026-08-10T10:57:41.627Z,72.56,SHIPPED
ORD-9298,C1773,2026-09-21T10:31:51.954Z,296.81,PENDING
ORD-9299,C1076,2026-09-01T13:59:42.914Z,967.49,CANCELLED
ORD-9300,C554,2026-09-28T16:36:15.428Z,30.36,PAID
ORD-9301,C627,2026-07-05T19:03:06.522Z,256.87,SHIPPED
ORD-9302,C1764,2026-07-09T16:04:16.384Z,555.04,PENDING
ORD-9303,C26,2026-07-19T15:19:42.280Z,482.99,CANCELLED
ORD-9304,C769,2026-07-11T16:48:55.923Z,106.19,PAID
ORD-9305,C1493,2026-08-31T06:06:17.132Z,3.97,SHIPPED
ORD-9306,C395,2026-07-27T17:01:28.965Z,885.68,PENDING
ORD-9307,C823,2026-08-27T07:29:59.554Z,739.95,CANCELLED
ORD-9308,C28,2026-09-15T13:31:45.500Z,534.22,PAID
ORD-9309,C1252,2026-08-24T02:45:41.341Z,37.26,SHIPPED
ORD-9310,C715,2026-07-30T03:12:59.554Z,950.80,PENDING
ORD-9311,C1222,2026-08-29T12:29:41.134Z,714.09,CANCELLED
ORD-9312,C1385,2026-07-10T23:47:35.754Z,832.58,PAID
ORD-9313,C1457,2026-08-11T10:32:42.846Z,75.48,SHIPPED
ORD-9314,C1437,2026-09-10T00:08:41.295Z,651.88,PENDING
ORD-9315,C1504,2026-09-14T03:51:28.445Z,988.60,CANCELLED
ORD-9316,C1584,2026-08-22T14:31:43.473Z,23.84,PAID
ORD-9317,C607,2026-07-12T20:14:33.498Z,414.83,SHIPPED
ORD-9318,C75,2026-09-17T15:05:39.439Z,390.84,PENDING
ORD-9319,C1504,2026-09-20T01:14:02.671Z,715.02,CANCELLED
ORD-9320,C959,2026-08-24T02:30:48.329Z,481.57,PAID
ORD-9321,C44,2026-09-25T01:09:15.792Z,698.04,SHIPPED
ORD-9322,C1469,2026-09-18T03:20:41.121Z,769.58,PENDING
ORD-9323,C1788,2026-08-28T15:47:33.279Z,482.29,CANCELLED
ORD-9324,C354,2026-09-09T12:48:34.321Z,122.63,PAID
ORD-9325,C726,2026-07-04T20:44:55.003Z,552.92,SHIPPED
ORD-9326,C1334,2026-07-08T00:54:56.758Z,676.17,PENDING
ORD-9327,C535,2026-08-06T01:12:53.398Z,115.06,CANCELLED
ORD-9328,C1714,2026-07-15T04:38:45.271Z,587.62,PAID
ORD-9329,C1367,2026-09-22T06:39:07.159Z,272.27,SHIPPED
ORD-9330,C1832,2026-08-21T21:39:08.293Z,832.85,PENDING
ORD-9331,C1728,2026-08-26T09:52:43.134Z,116.33,CANCELLED
ORD-9332,C1535,2026-09-11T05:20:25.689Z,853.52,PAID
ORD-9333,C781,2026-07-08T11:01:51.488Z,437.93,SHIPPED
ORD-9334,C623,2026-08-04T20:44:14.854Z,390.81,PENDING
ORD-9335,C1366,2026-08-06T21:08:50.369Z,913.43,CANCELLED
ORD-9336,C74,2026-08-05T23:17:05.942Z,43.07,PAID
ORD-9337,C128,2026-08-22T22:20:07.228Z,388.50,SHIPPED
ORD-9338,C1494,2026-08-13T14:10:05.472Z,789.08,PENDING
ORD-9339,C1211,2026-07-09T05:29:23.790Z,1.74,CANCELLED
ORD-9340,C1654,2026-08-02T06:25:39.018Z,770.24,PAID
ORD-9341,C1661,2026-08-20T15:52:33.743Z,908.68,SHIPPED
ORD-9342,C300,2026-09-03T14:29:46.405Z,803.96,PENDING
ORD-9343,C427,2026-07-23T09:10:34.242Z,253.60,CANCELLED
ORD-9344,C1556,2026-07-06T04:20:24.464Z,243.97,PAID
ORD-9345,C1316,2026-09-25T12:02:42.550Z,46.49,SHIPPED
ORD-9346,C70,2026-09-09T00:14:20.676Z,962.80,PENDING
ORD-9347,C1048,2026-07-28T22:06:53.341Z,647.18,CANCELLED
ORD-9348,C1870,2026-10-01T03:49:38.320Z,969.70,PAID
ORD-9349,C997,2026-09-12T17:00:16.036Z,80.32,SHIPPED
ORD-9350,C1915,2026-08-12T09:04:17.620Z,827.53,PENDING
ORD-9351,C1450,2026-08-08T20:58:26.368Z,465.72,CANCELLED
ORD-9352,C825,2026-07-07T11:21:16.794Z,200.34,PAID
ORD-9353,C162,2026-09-03T11:36:07.330Z,509.71,SHIPPED
ORD-9354,C184,2026-08-02T07:06:16.236Z,641.98,PENDING
ORD-9355,C1628,2026-07-19T13:11:22.591Z,687.03,CANCELLED
ORD-9356,C1774,2026-09-23T22:49:37.676Z,681.99,PAID
ORD-9357,C516,2026-09-05T22:50:51.177Z,97.07,SHIPPED
ORD-9358,C53,2026-09-14T14:00:12.180Z,593.82,PENDING
ORD-9359,C938,2026-08-30T18:55:55.166Z,545.33,CANCELLED
ORD-9360,C153,2026-07-29T05:19:23.531Z,524.22,PAID
ORD-9361,C1202,2026-08-11T16:35:24.829Z,773.09,SHIPPED
ORD-9362,C969,2026-07-09T22:32:05.979Z,125.85,PENDING
ORD-9363,C1042,2026-07-26T22:01:33.707Z,450.26,CANCELLED
ORD-9364,C1028,2026-09-06T01:09:33.472Z,467.93,PAID
ORD-9365,C503,2026-08-16T10:37:31.606Z,151.55,SHIPPED
ORD-9366,C1108,2026-08-23T03:52:56.226Z,184.61,PENDING
ORD-9367,C1963,2026-08-09T04:06:45.475Z,474.36,CANCELLED
ORD-9368,C144,2026-07-31T18:59:49.327Z,729.48,PAID
ORD-9369,C102,2026-07-03T18:01:57.490Z,323.26,SHIPPED
ORD-9370,C1353,2026-09-04T20:34:56.337Z,287.48,PENDING
ORD-9371,C246,2026-09-07T21:33:53.067Z,470.44,CANCELLED
ORD-9372,C1400,2026-09-11T00:45:58.908Z,28.74,PAID
ORD-9373,C334,2026-09-30T21:29:34.931Z,670.60,SHIPPED
ORD-9374,C960,2026-07-12T01:09:49.056Z,598.99,PENDING
ORD-9375,C37,2026-08-08T15:20:30.694Z,77.40,CANCELLED
ORD-9376,C1920,2026-07-24T20:57:42.971Z,761.48,PAID
ORD-9377,C1923,2026-09-06T23:35:19.432Z,44.08,SHIPPED
ORD-9378,C321,2026-07-10T01:03:51.170Z,253.17,PENDING
ORD-9379,C1776,2026-08-20T04:03:43.901Z,979.83,CANCELLED
ORD-9380,C861,2026-07-21T17:12:49.080Z,638.44,PAID
ORD-9381,C1925,2026-09-10T12:34:23.574Z,957.16,SHIPPED
ORD-9382,C1874,2026-07-03T09:42:44.618Z,907.44,PENDING
ORD-9383,C1228,2026-09-06T19:19:50.337Z,649.45,CANCELLED
ORD-9384,C1575,2026-09-22T17:11:23.154Z,662.03,PAID
ORD-9385,C1488,2026-07-17T02:36:13.262Z,94.10,SHIPPED
ORD-9386,C1546,2026-09-24T11:28:18.038Z,834.62,PENDING
ORD-9387,C1185,2026-08-29T14:17:30.537Z,462.20,CANCELLED
ORD-9388,C1879,2026-07-17T11:53:25.872Z,721.06,PAID
ORD-9389,C1992,2026-08-13T14:42:59.495Z,996.39,SHIPPED
ORD-9390,C1821,2026-08-10T19:36:16.701Z,621.94,PENDING
ORD-9391,C1045,2026-09-16T04:36:47.842Z,780.13,CANCELLED
ORD-9392,C290,2026-07-19T21:44:37.000Z,661.24,PAID
ORD-9393,C1394,2026-09-15T18:10:29.345Z,582.38,SHIPPED
ORD-9394,C1552,2026-07-08T05:10:13.292Z,937.23,PENDING
ORD-9395,C599,2026-09-01T18:36:48.746Z,661.77,CANCELLED
ORD-9396,C430,2026-09-19T08:49:19.356Z,537.27,PAID
ORD-9397,C1851,2026-07-07T17:04:47.392Z,183.52,SHIPPED
ORD-9398,C450,2026-09-02T15:59:04.282Z,655.60,PENDING
ORD-9399,C1779,2026-07-26T20:07:12.385Z,421.23,CANCELLED
ORD-9400,C1391,2026-07-24T12:52:13.859Z,628.00,PAID
ORD-9401,C489,2026-07-29T13:35:12.834Z,453.49,SHIPPED
ORD-9402,C865,2026-08-26T09:35:44.329Z,229.68,PENDING
ORD-9403,C1127,2026-09-02T10:01:16.824Z,501.29,CANCELLED
ORD-9404,C796,2026-09-29T01:26:03.895Z,241.85,PAID
ORD-9405,C559,2026-08-17T10:34:49.322Z,475.52,SHIPPED
ORD-9406,C764,2026-09-18T09:50:22.992Z,924.65,PENDING
ORD-9407,C623,2026-09-24T06:49:33.728Z,865.23,CANCELLED
ORD-9408,C594,2026-07-10T03:43:22.446Z,756.45,PAID
ORD-9409,C1154,2026-08-31T20:17:03.067Z,769.60,SHIPPED
ORD-9410,C29,2026-09-10T03:07:16.721Z,520.06,PENDING
ORD-9411,C1596,2026-07-27T17:03:08.694Z,237.13,CANCELLED
ORD-9412,C1582,2026-07-13T00:55:06.012Z,802.35,PAID
ORD-9413,C1623,2026-08-23T08:26:25.325Z,526.61,SHIPPED
ORD-9414,C272,2026-08-14T10:47:44.410Z,740.09,PENDING
ORD-9415,C1492,2026-07-25T15:30:54.393Z,803.12,CANCELLED
ORD-9416,C7,2026-08-17T07:46:12.657Z,26.82,PAID
ORD-9417,C900,2026-07-26T04:21:24.284Z,142.63,SHIPPED
ORD-9418,C1075,2026-08-04T12:48:03.348Z,950.28,PENDING
ORD-9419,C1590,2026-07-29T14:35:45.283Z,159.51,CANCELLED
ORD-9420,C401,2026-08-08T12:10:54.445Z,492.48,PAID
ORD-9421,C1437,2026-07-03T22:29:38.269Z,849.86,SHIPPED
ORD-9422,C1230,2026-08-20T14:38:28.180Z,228.80,PENDING
ORD-9423,C609,2026-07-15T00:30:16.278Z,218.19,CANCELLED
ORD-9424,C1203,2026-09-11T10:19:51.594Z,746.12,PAID
ORD-9425,C991,2026-08-30T08:51:29.362Z,628.44,SHIPPED
ORD-9426,C1824,2026-08-20T14:54:32.182Z,389.87,PENDING
ORD-9427,C1037,2026-09-02T12:48:01.874Z,519.42,CANCELLED
ORD-9428,C43,2026-08-04T05:25:34.783Z,647.38,PAID
ORD-9429,C1122,2026-08-12T23:16:02.271Z,137.33,SHIPPED
ORD-9430,C778,2026-07-13T05:59:01.496Z,154.31,PENDING
ORD-9431,C84,2026-08-12T22:24:41.039Z,295.64,CANCELLED
ORD-9432,C1420,2026-09-17T18:07:42.338Z,569.11,PAID
ORD-9433,C1190,2026-09-25T19:55:08.288Z,466.02,SHIPPED
ORD-9434,C952,2026-08-22T03:32:36.814Z,819.29,PENDING
ORD-9435,C994,2026-08-17T21:08:01.440Z,99.22,CANCELLED
ORD-9436,C610,2026-08-13T10:14:37.936Z,512.08,PAID
ORD-9437,C1907,2026-07-15T03:50:56.711Z,73.32,SHIPPED
ORD-9438,C1913,2026-08-27T15:31:08.590Z,444.22,PENDING
ORD-9439,C418,2026-07-28T18:32:37.011Z,965.74,CANCELLED
ORD-9440,C111,2026-08-16T07:17:46.077Z,984.76,PAID
ORD-9441,C882,2026-08-16T14:01:12.482Z,994.23,SHIPPED
ORD-9442,C1199,2026-07-13T16:05:43.147Z,945.25,PENDING
ORD-9443,C344,2026-08-13T17:19:19.028Z,260.08,CANCELLED
ORD-9444,C191,2026-07-21T06:33:18.754Z,310.27,PAID
ORD-9445,C1328,2026-08-22T12:31:10.955Z,610.00,SHIPPED
ORD-9446,C452,2026-08-03T13:44:59.034Z,813.43,PENDING
ORD-9447,C682,2026-07-31T14:15:29.915Z,374.47,CANCELLED
ORD-9448,C1488,2026-08-05T08:49:46.696Z,826.51,PAID
ORD-9449,C346,2026-07-06T08:14:22.896Z,647.01,SHIPPED
ORD-9450,C1535,2026-08-16T13:29:57.382Z,334.14,PENDING
ORD-9451,C1335,2026-09-05T21:21:09.128Z,225.91,CANCELLED
ORD-9452,C1227,2026-08-24T14:19:51.517Z,33.94,PAID
ORD-9453,C1095,2026-07-13T19:53:13.846Z,848.32,SHIPPED
ORD-9454,C147,2026-09-23T13:07:51.160Z,412.35,PENDING
ORD-9455,C605,2026-07-23T15:06:29.219Z,601.04,CANCELLED
ORD-9456,C285,2026-07-18T10:51:45.543Z,392.92,PAID
ORD-9457,C882,2026-07-07T03:04:27.293Z,598.37,SHIPPED
ORD-9458,C1283,2026-09-06T03:24:33.571Z,966.82,PENDING
ORD-9459,C961,2026-07-11T00:24:46.545Z,94.37,CANCELLED
ORD-9460,C1337,2026-07-26T05:13:09.400Z,105.28,PAID
ORD-9461,C388,2026-09-26T14:29:00.033Z,365.15,SHIPPED
ORD-9462,C833,2026-10-01T03:28:41.417Z,912.56,PENDING
ORD-9463,C1613,2026-08-19T06:02:28.806Z,993.48,CANCELLED
ORD-9464,C509,2026-09-07T16:30:49.680Z,41.17,PAID
ORD-9465,C1465,2026-09-13T20:17:16.259Z,756.49,SHIPPED
ORD-9466,C1983,2026-08-25T23:06:26.134Z,148.86,PENDING
ORD-9467,C1322,2026-08-20T14:50:21.230Z,321.19,CANCELLED
ORD-9468,C1443,2026-09-14T19:25:33.667Z,259.85,PAID
ORD-9469,C179,2026-09-16T19:04:22.572Z,796.48,SHIPPED
ORD-9470,C1324,2026-09-30T09:11:24.976Z,611.22,PENDING
ORD-9471,C1826,2026-08-07T04:07:27.987Z,30.38,CANCELLED
ORD-9472,C768,2026-07-11T22:02:58.919Z,948.77,PAID
ORD-9473,C94,2026-07-15T14:37:40.674Z,729.56,SHIPPED
ORD-9474,C1474,2026-07-17T11:41:00.124Z,252.64,PENDING
ORD-9475,C903,2026-07-27T05:51:06.750Z,320.06,CANCELLED
ORD-9476,C668,2026-08-30T17:55:23.617Z,467.01,PAID
ORD-9477,C1181,2026-07-06T11:04:50.122Z,201.95,SHIPPED
ORD-9478,C1659,2026-09-16T01:45:53.118Z,753.30,PENDING
ORD-9479,C34,2026-07-08T01:04:45.961Z,482.72,CANCELLED
ORD-9480,C867,2026-08-09T09:12:01.271Z,476.77,PAID
ORD-9481,C1375,2026-07-03T06:32:40.769Z,957.88,SHIPPED
ORD-9482,C1531,2026-09-12T09:26:42.646Z,718.54,PENDING
ORD-9483,C640,2026-08-17T13:22:17.161Z,348.03,CANCELLED
ORD-9484,C409,2026-08-01T04:48:21.395Z,218.14,PAID
ORD-9485,C1287,2026-09-13T18:32:36.830Z,662.97,SHIPPED
ORD-9486,C142,2026-07-06T08:24:07.569Z,26.17,PENDING
ORD-9487,C1660,2026-07-05T17:24:58.883Z,724.58,CANCELLED
ORD-9488,C1912,2026-08-01T20:55:35.232Z,586.72,PAID
ORD-9489,C1389,2026-07-04T21:14:18.901Z,75.91,SHIPPED
ORD-9490,C1561,2026-09-07T11:24:29.134Z,403.94,PENDING
ORD-9491,C425,2026-07-03T18:41:51.485Z,25.43,CANCELLED
ORD-9492,C1322,2026-09-29T23:20:10.433Z,444.37,PAID
ORD-9493,C741,2026-09-09T16:19:07.414Z,179.98,SHIPPED
ORD-9494,C1567,2026-09-25T01:56:50.379Z,995.18,PENDING
ORD-9495,C709,2026-08-15T03:35:51.159Z,10.13,CANCELLED
ORD-9496,C1080,2026-08-02T13:28:27.766Z,12.40,PAID
ORD-9497,C1128,2026-09-23T04:59:11.374Z,529.74,SHIPPED
ORD-9498,C6,2026-07-04T00:41:08.397Z,132.64,PENDING
ORD-9499,C335,2026-09-25T07:12:57.930Z,482.67,CANCELLED
ORD-9500,C398,2026-07-05T02:57:46.551Z,200.44,PAID
ORD-9501,C521,2026-08-14T06:45:27.797Z,322.22,SHIPPED
ORD-9502,C671,2026-09-27T22:52:13.658Z,323.30,PENDING
ORD-9503,C1113,2026-07-22T15:01:16.418Z,811.89,CANCELLED
ORD-9504,C107,2026-08-23T10:11:23.865Z,810.83,PAID
ORD-9505,C375,2026-08-12T10:57:58.271Z,444.85,SHIPPED
ORD-9506,C113,2026-07-09T01:54:59.445Z,170.35,PENDING
ORD-9507,C1411,2026-07-23T10:58:28.111Z,942.33,CANCELLED
ORD-9508,C723,2026-07-10T08:44:32.098Z,369.85,PAID
ORD-9509,C982,2026-09-09T18:39:35.389Z,915.36,SHIPPED
ORD-9510,C1210,2026-09-09T16:26:18.240Z,778.82,PENDING
ORD-9511,C1458,2026-09-29T12:47:20.014Z,994.96,CANCELLED
ORD-9512,C858,2026-09-03T16:34:24.875Z,314.72,PAID
ORD-9513,C1993,2026-09-15T19:24:32.940Z,896.91,SHIPPED
ORD-9514,C932,2026-08-12T08:56:01.970Z,228.02,PENDING
ORD-9515,C53,2026-08-20T22:26:10.303Z,82.83,CANCELLED
ORD-9516,C1700,2026-09-07T12:29:28.003Z,396.41,PAID
ORD-9517,C1320,2026-08-23T17:17:04.753Z,710.88,SHIPPED
ORD-9518,C598,2026-07-11T03:03:42.603Z,165.71,PENDING
ORD-9519,C1425,2026-07-29T21:11:37.438Z,485.83,CANCELLED
ORD-9520,C962,2026-09-28T03:14:07.675Z,507.45,PAID
ORD-9521,C416,2026-09-28T07:31:08.146Z,979.05,SHIPPED
ORD-9522,C988,2026-08-05T16:50:33.222Z,885.33,PENDING
ORD-9523,C316,2026-07-08T09:08:28.492Z,879.66,CANCELLED
ORD-9524,C627,2026-09-04T07:11:00.190Z,814.73,PAID
ORD-9525,C323,2026-08-19T00:30:27.127Z,822.67,SHIPPED
ORD-9526,C1476,2026-07-12T14:58:01.839Z,941.55,PENDING
ORD-9527,C1512,2026-08-27T10:11:04.703Z,542.42,CANCELLED
ORD-9528,C369,2026-07-12T12:59:45.216Z,927.60,PAID
ORD-9529,C497,2026-08-21T01:50:27.306Z,660.03,SHIPPED
ORD-9530,C981,2026-08-16T05:03:21.556Z,486.35,PENDING
ORD-9531,C1201,2026-09-29T07:17:26.019Z,631.49,CANCELLED
ORD-9532,C1852,2026-09-23T02:20:50.069Z,714.13,PAID
ORD-9533,C1059,2026-08-07T09:44:00.434Z,112.89,SHIPPED
ORD-9534,C1311,2026-07-15T17:30:26.295Z,134.73,PENDING
ORD-9535,C147,2026-09-05T13:51:36.342Z,713.76,CANCELLED
ORD-9536,C1983,2026-09-18T08:52:14.611Z,752.17,PAID
ORD-9537,C1016,2026-09-15T06:10:24.841Z,549.95,SHIPPED
ORD-9538,C448,2026-07-19T07:58:29.790Z,343.84,PENDING
ORD-9539,C703,2026-08-09T14:35:36.625Z,411.07,CANCELLED
ORD-9540,C1003,2026-07-07T16:12:05.943Z,423.39,PAID
ORD-9541,C1322,2026-09-10T03:55:52.970Z,767.38,SHIPPED
ORD-9542,C1105,2026-08-21T14:31:33.096Z,13.59,PENDING
ORD-9543,C1539,2026-08-29T19:37:59.181Z,297.30,CANCELLED
ORD-9544,C1599,2026-09-18T00:29:48.381Z,671.12,PAID
ORD-9545,C386,2026-09-15T20:31:11.737Z,848.59,SHIPPED
ORD-9546,C1947,2026-09-29T02:25:11.175Z,484.28,PENDING
ORD-9547,C141,2026-09-28T00:21:20.125Z,602.59,CANCELLED
ORD-9548,C1334,2026-08-13T18:49:06.219Z,491.16,PAID
ORD-9549,C1163,2026-08-01T13:55:29.610Z,434.62,SHIPPED
ORD-9550,C115,2026-07-26T00:23:01.046Z,839.32,PENDING
ORD-9551,C99,2026-07-19T23:45:52.945Z,727.86,CANCELLED
ORD-9552,C294,2026-08-15T19:41:02.792Z,301.50,PAID
ORD-9553,C972,2026-07-08T10:46:49.111Z,756.78,SHIPPED
ORD-9554,C319,2026-08-20T15:49:14.244Z,14.24,PENDING
ORD-9555,C706,2026-08-04T19:37:07.751Z,124.78,CANCELLED
ORD-9556,C1348,2026-09-18T06:13:16.859Z,354.24,PAID
ORD-9557,C1411,2026-08-20T20:09:46.704Z,135.12,SHIPPED
ORD-9558,C1221,2026-07-17T09:14:26.352Z,319.20,PENDING
ORD-9559,C854,2026-09-30T18:30:31.272Z,990.21,CANCELLED
ORD-9560,C175,2026-09-28T07:23:05.053Z,902.83,PAID
ORD-9561,C744,2026-09-30T15:50:27.400Z,88.47,SHIPPED
ORD-9562,C954,2026-09-11T21:14:47.981Z,614.83,PENDING
ORD-9563,C333,2026-09-12T14:58:00.158Z,677.31,CANCELLED
ORD-9564,C891,2026-07-23T19:50:09.136Z,889.71,PAID
ORD-9565,C1460,2026-07-25T01:42:23.852Z,892.54,SHIPPED
ORD-9566,C1908,2026-07-24T19:27:26.045Z,122.27,PENDING
ORD-9567,C996,2026-08-10T15:56:19.010Z,786.67,CANCELLED
ORD-9568,C1797,2026-09-04T07:08:07.417Z,866.86,PAID
ORD-9569,C1377,2026-07-09T16:05:15.378Z,365.75,SHIPPED
ORD-9570,C505,2026-07-19T05:42:10.746Z,370.54,PENDING
ORD-9571,C306,2026-07-27T10:13:52.469Z,514.64,CANCELLED
ORD-9572,C811,2026-09-20T21:12:07.230Z,782.42,PAID
ORD-9573,C1382,2026-08-12T11:52:07.741Z,562.62,SHIPPED
ORD-9574,C387,2026-08-15T23:05:04.352Z,34.76,PENDING
ORD-9575,C289,2026-08-20T09:39:49.677Z,992.73,CANCELLED
ORD-9576,C1532,2026-08-12T12:56:56.637Z,94.71,PAID
ORD-9577,C240,2026-08-09T09:24:07.040Z,195.41,SHIPPED
ORD-9578,C1425,2026-07-28T19:16:52.553Z,21.12,PENDING
ORD-9579,C996,2026-07-25T08:46:39.291Z,496.35,CANCELLED
ORD-9580,C867,2026-07-22T08:48:45.500Z,395.60,PAID
ORD-9581,C1376,2026-09-28T04:42:50.526Z,363.96,SHIPPED
ORD-9582,C1978,2026-08-19T23:22:13.541Z,233.46,PENDING
ORD-9583,C1909,2026-09-21T00:42:53.111Z,722.43,CANCELLED
ORD-9584,C1201,2026-09-27T20:33:38.630Z,46.56,PAID
ORD-9585,C640,2026-08-25T01:25:26.940Z,602.41,SHIPPED
ORD-9586,C24,2026-07-17T10:40:50.043Z,390.08,PENDING
ORD-9587,C432,2026-07-25T18:00:41.240Z,73.48,CANCELLED
ORD-9588,C362,2026-09-17T00:14:11.508Z,196.35,PAID
ORD-9589,C1396,2026-07-10T15:22:33.535Z,497.98,SHIPPED
ORD-9590,C1773,2026-09-10T13:08:35.689Z,209.35,PENDING
ORD-9591,C72,2026-08-03T11:55:31.816Z,585.84,CANCELLED
ORD-9592,C985,2026-08-03T11:08:49.867Z,41.53,PAID
ORD-9593,C1825,2026-08-12T03:30:48.938Z,772.79,SHIPPED
ORD-9594,C303,2026-08-14T16:11:36.280Z,905.10,PENDING
ORD-9595,C1060,2026-09-01T16:31:48.376Z,779.14,CANCELLED
ORD-9596,C1231,2026-08-15T20:59:12.580Z,874.53,PAID
ORD-9597,C1464,2026-09-27T16:46:41.168Z,456.24,SHIPPED
ORD-9598,C148,2026-08-22T23:31:31.152Z,458.12,PENDING
ORD-9599,C126,2026-08-13T02:06:46.900Z,230.46,CANCELLED
ORD-9600,C247,2026-09-29T10:32:52.903Z,701.23,PAID
ORD-9601,C1046,2026-07-05T14:25:12.723Z,522.11,SHIPPED
ORD-9602,C1903,2026-08-06T04:19:49.338Z,614.50,PENDING
ORD-9603,C869,2026-07-16T14:11:40.323Z,640.54,CANCELLED
ORD-9604,C962,2026-09-21T15:21:01.297Z,993.17,PAID
ORD-9605,C254,2026-08-01T15:50:28.893Z,252.92,SHIPPED
ORD-9606,C1927,2026-08-31T09:52:59.608Z,279.56,PENDING
ORD-9607,C1065,2026-07-17T15:57:13.685Z,834.71,CANCELLED
ORD-9608,C222,2026-07-17T23:04:50.376Z,105.18,PAID
ORD-9609,C1575,2026-07-24T22:47:40.296Z,927.48,SHIPPED
ORD-9610,C477,2026-09-08T11:42:45.990Z,825.92,PENDING
ORD-9611,C338,2026-07-11T13:03:26.711Z,377.38,CANCELLED
ORD-9612,C390,2026-07-10T13:18:59.328Z,417.56,PAID
ORD-9613,C687,2026-08-07T13:15:20.490Z,266.40,SHIPPED
ORD-9614,C192,2026-08-07T05:39:45.864Z,426.54,PENDING
ORD-9615,C1406,2026-09-11T15:53:25.535Z,171.92,CANCELLED
ORD-9616,C251,2026-09-27T22:08:12.751Z,265.13,PAID
ORD-9617,C434,2026-08-13T18:56:27.210Z,865.03,SHIPPED
ORD-9618,C448,2026-08-11T10:33:04.670Z,727.50,PENDING
ORD-9619,C382,2026-08-03T22:37:22.310Z,564.27,CANCELLED
ORD-9620,C425,2026-09-15T09:56:55.064Z,0.89,PAID
ORD-9621,C1371,2026-07-29T12:14:48.011Z,969.41,SHIPPED
ORD-9622,C1,2026-09-07T03:57:14.005Z,27.91,PENDING
ORD-9623,C1351,2026-08-28T02:31:28.947Z,988.09,CANCELLED
ORD-9624,C1455,2026-07-31T07:13:51.189Z,439.96,PAID
ORD-9625,C1842,2026-09-18T20:41:08.434Z,414.20,SHIPPED
ORD-9626,C1939,2026-07-07T17:09:35.874Z,835.25,PENDING
ORD-9627,C576,2026-07-16T00:35:20.904Z,446.62,CANCELLED
ORD-9628,C1029,2026-07-13T12:16:44.918Z,619.62,PAID
ORD-9629,C1921,2026-09-14T00:48:11.764Z,512.70,SHIPPED
ORD-9630,C317,2026-09-01T08:57:15.214Z,223.06,PENDING
ORD-9631,C597,2026-07-23T03:34:21.996Z,802.40,CANCELLED
ORD-9632,C650,2026-08-30T12:48:00.220Z,615.14,PAID
ORD-9633,C268,2026-08-14T06:57:44.517Z,908.50,SHIPPED
ORD-9634,C1268,2026-09-06T13:41:42.769Z,130.66,PENDING
ORD-9635,C1528,2026-08-09T18:07:19.946Z,290.49,CANCELLED
ORD-9636,C1709,2026-08-01T19:55:57.742Z,964.95,PAID
ORD-9637,C1148,2026-08-27T00:29:25.447Z,78.75,SHIPPED
ORD-9638,C122,2026-08-17T11:04:25.984Z,700.34,PENDING
ORD-9639,C421,2026-09-14T16:18:34.628Z,118.88,CANCELLED
ORD-9640,C1304,2026-08-22T03:06:12.347Z,859.26,PAID
ORD-9641,C1414,2026-09-23T21:01:20.410Z,800.99,SHIPPED
ORD-9642,C1116,2026-08-20T01:59:41.826Z,641.07,PENDING
ORD-9643,C654,2026-08-25T09:08:26.029Z,845.31,CANCELLED
ORD-9644,C1561,2026-07-04T12:57:00.592Z,900.43,PAID
ORD-9645,C1634,2026-07-28T20:41:40.420Z,482.57,SHIPPED
ORD-9646,C1587,2026-07-09T10:34:20.698Z,737.66,PENDING
ORD-9647,C1008,2026-07-15T19:16:53.618Z,68.12,CANCELLED
ORD-9648,C1981,2026-09-12T15:32:39.974Z,529.87,PAID
ORD-9649,C940,2026-08-30T10:32:44.696Z,855.57,SHIPPED
ORD-9650,C1267,2026-08-14T14:28:02.232Z,314.45,PENDING
ORD-9651,C456,2026-09-23T16:03:22.827Z,603.17,CANCELLED
ORD-9652,C1066,2026-09-30T20:23:21.099Z,455.26,PAID
ORD-9653,C1903,2026-09-14T12:23:15.930Z,330.10,SHIPPED
ORD-9654,C1101,2026-08-11T08:11:28.207Z,247.56,PENDING
ORD-9655,C249,2026-09-08T05:49:41.156Z,694.93,CANCELLED
ORD-9656,C1050,2026-07-26T16:09:30.401Z,718.11,PAID
ORD-9657,C1154,2026-08-22T04:20:16.673Z,151.76,SHIPPED
ORD-9658,C1208,2026-09-25T15:12:21.304Z,142.41,PENDING
ORD-9659,C1829,2026-09-23T12:05:54.015Z,247.87,CANCELLED
ORD-9660,C1669,2026-09-25T02:57:04.619Z,752.10,PAID
ORD-9661,C519,2026-08-15T20:59:39.321Z,460.59,SHIPPED
ORD-9662,C201,2026-09-29T08:17:24.027Z,633.37,PENDING
ORD-9663,C14,2026-08-28T05:18:41.587Z,861.72,CANCELLED
ORD-9664,C1182,2026-07-26T21:00:45.275Z,185.25,PAID
ORD-9665,C191,2026-07-06T01:50:57.217Z,490.85,SHIPPED
ORD-9666,C573,2026-08-09T21:03:30.055Z,735.75,PENDING
ORD-9667,C1974,2026-09-30T16:37:28.609Z,245.54,CANCELLED
ORD-9668,C1086,2026-09-08T10:39:51.001Z,818.57,PAID
ORD-9669,C1680,2026-07-05T07:15:29.095Z,889.23,SHIPPED
ORD-9670,C653,2026-09-09T00:52:54.095Z,925.15,PENDING
ORD-9671,C838,2026-09-12T13:51:25.665Z,10.52,CANCELLED
ORD-9672,C1278,2026-07-07T15:04:29.311Z,20.30,PAID
ORD-9673,C108,2026-08-07T06:50:51.944Z,373.41,SHIPPED
ORD-9674,C1993,2026-08-31T21:02:40.962Z,372.13,PENDING
ORD-9675,C1552,2026-08-31T01:20:25.593Z,575.58,CANCELLED
ORD-9676,C993,2026-07-20T22:56:47.170Z,666.29,PAID
ORD-9677,C408,2026-08-24T22:55:56.865Z,554.70,SHIPPED
ORD-9678,C1264,2026-07-15T21:37:51.232Z,519.43,PENDING
ORD-9679,C165,2026-09-07T16:46:12.171Z,196.73,CANCELLED
ORD-9680,C170,2026-07-12T06:47:03.415Z,211.94,PAID
ORD-9681,C386,2026-07-31T05:18:29.724Z,863.05,SHIPPED
ORD-9682,C907,2026-07-05T17:57:03.138Z,91.32,PENDING
ORD-9683,C241,2026-07-17T16:47:48.799Z,754.49,CANCELLED
ORD-9684,C1523,2026-09-09T11:09:59.484Z,599.83,PAID
ORD-9685,C281,2026-09-13T11:26:01.392Z,588.14,SHIPPED
ORD-9686,C946,2026-09-06T12:31:13.650Z,647.97,PENDING
ORD-9687,C1666,2026-09-23T20:44:22.681Z,630.75,CANCELLED
ORD-9688,C430,2026-08-26T07:05:42.102Z,519.70,PAID
ORD-9689,C1775,2026-09-02T15:32:07.701Z,22.98,SHIPPED
ORD-9690,C446,2026-07-06T10:58:20.137Z,912.16,PENDING
ORD-9691,C1740,2026-09-13T13:56:57.450Z,798.20,CANCELLED
ORD-9692,C937,2026-09-20T20:53:06.426Z,651.84,PAID
ORD-9693,C752,2026-08-19T11:34:05.894Z,712.95,SHIPPED
ORD-9694,C1299,2026-07-14T21:09:20.881Z,63.43,PENDING
ORD-9695,C312,2026-07-28T21:54:24.600Z,733.97,CANCELLED
ORD-9696,C101,2026-08-29T18:04:39.985Z,80.68,PAID
ORD-9697,C820,2026-07-05T01:31:11.040Z,29.39,SHIPPED
ORD-9698,C1741,2026-09-08T13:19:03.774Z,617.43,PENDING
ORD-9699,C288,2026-08-27T01:06:43.284Z,143.12,CANCELLED
ORD-9700,C1079,2026-09-05T00:25:18.239Z,7.04,PAID
ORD-9701,C1857,2026-07-05T03:47:27.335Z,311.88,SHIPPED
ORD-9702,C336,2026-09-27T12:56:38.560Z,358.04,PENDING
ORD-9703,C833,2026-09-17T11:45:24.206Z,80.07,CANCELLED
ORD-9704,C1409,2026-08-25T04:23:02.861Z,503.78,PAID
ORD-9705,C722,2026-09-14T09:57:53.785Z,159.85,SHIPPED
ORD-9706,C1303,2026-09-23T18:08:07.094Z,980.44,PENDING
ORD-9707,C1338,2026-07-21T18:07:03.464Z,887.03,CANCELLED
ORD-9708,C171,2026-07-20T21:40:18.568Z,285.34,PAID
ORD-9709,C1765,2026-09-08T22:46:12.901Z,885.11,SHIPPED
ORD-9710,C1147,2026-09-19T20:06:07.593Z,608.10,PENDING
ORD-9711,C1613,2026-08-06T21:57:32.702Z,971.87,CANCELLED
ORD-9712,C1140,2026-07-27T14:37:17.271Z,535.02,PAID
ORD-9713,C1250,2026-08-25T10:44:55.081Z,287.49,SHIPPED
ORD-9714,C1440,2026-09-27T22:26:26.622Z,280.87,PENDING
ORD-9715,C1696,2026-07-08T16:15:26.090Z,17.50,CANCELLED
ORD-9716,C1953,2026-07-24T12:41:29.480Z,941.45,PAID
ORD-9717,C1911,2026-07-19T04:10:37.485Z,93.19,SHIPPED
ORD-9718,C1924,2026-08-19T13:59:35.325Z,364.03,PENDING
ORD-9719,C1274,2026-09-23T17:03:22.792Z,482.35,CANCELLED
ORD-9720,C1576,2026-09-22T20:22:07.381Z,424.67,PAID
ORD-9721,C1241,2026-09-13T13:15:18.584Z,130.77,SHIPPED
ORD-9722,C15,2026-09-10T22:41:01.423Z,916.85,PENDING
ORD-9723,C1296,2026-09-01T03:05:48.368Z,191.06,CANCELLED
ORD-9724,C1597,2026-08-07T07:26:50.122Z,872.86,PAID
ORD-9725,C496,2026-07-05T04:42:50.512Z,612.39,SHIPPED
ORD-9726,C328,2026-08-08T19:06:49.794Z,63.87,PENDING
ORD-9727,C734,2026-09-29T08:19:07.038Z,55.86,CANCELLED
ORD-9728,C853,2026-07-04T04:59:35.572Z,889.78,PAID
ORD-9729,C1351,2026-08-19T16:17:55.339Z,617.38,SHIPPED
ORD-9730,C141,2026-09-25T15:43:32.105Z,950.96,PENDING
ORD-9731,C1063,2026-08-12T17:01:23.848Z,254.60,CANCELLED
ORD-9732,C1602,2026-09-10T03:11:23.555Z,630.72,PAID
ORD-9733,C1290,2026-07-21T00:25:48.701Z,26.77,SHIPPED
ORD-9734,C1663,2026-08-19T17:08:25.630Z,63.80,PENDING
ORD-9735,C1043,2026-08-01T06:14:37.170Z,214.41,CANCELLED
ORD-9736,C1511,2026-09-03T23:07:46.622Z,545.30,PAID
ORD-9737,C1254,2026-08-10T20:36:57.651Z,782.08,SHIPPED
ORD-9738,C1449,2026-08-31T05:16:17.290Z,862.37,PENDING
ORD-9739,C112,2026-09-15T19:00:55.182Z,209.84,CANCELLED
ORD-9740,C926,2026-08-11T02:04:15.451Z,984.69,PAID
ORD-9741,C1296,2026-07-04T14:04:13.142Z,874.38,SHIPPED
ORD-9742,C915,2026-08-26T21:47:02.236Z,761.89,PENDING
ORD-9743,C1397,2026-09-17T17:34:27.960Z,100.22,CANCELLED
ORD-9744,C1812,2026-09-03T15:12:06.134Z,598.51,PAID
ORD-9745,C1275,2026-07-27T05:28:48.229Z,732.11,SHIPPED
ORD-9746,C1035,2026-09-26T07:11:09.623Z,296.84,PENDING
ORD-9747,C483,2026-08-01T02:42:56.142Z,110.05,CANCELLED
ORD-9748,C105,2026-07-12T21:38:42.460Z,996.45,PAID
ORD-9749,C914,2026-08-18T13:48:56.997Z,65.13,SHIPPED
ORD-9750,C580,2026-09-02T01:44:07.914Z,83.58,PENDING
ORD-9751,C1716,2026-09-02T01:46:12.370Z,990.99,CANCELLED
ORD-9752,C712,2026-07-25T09:39:03.885Z,172.36,PAID
ORD-9753,C343,2026-09-08T13:29:00.112Z,498.95,SHIPPED
ORD-9754,C338,2026-08-16T17:51:57.001Z,865.76,PENDING
ORD-9755,C1679,2026-09-21T04:31:41.310Z,833.06,CANCELLED
ORD-9756,C1923,2026-09-05T16:21:30.791Z,919.45,PAID
ORD-9757,C1004,2026-09-25T06:23:32.200Z,711.67,SHIPPED
ORD-9758,C1114,2026-09-14T20:47:30.954Z,647.42,PENDING
ORD-9759,C783,2026-07-23T10:17:38.424Z,196.39,CANCELLED
ORD-9760,C351,2026-08-15T16:57:39.610Z,400.75,PAID
ORD-9761,C1460,2026-07-13T06:40:50.546Z,89.06,SHIPPED
ORD-9762,C1087,2026-09-03T02:17:43.438Z,906.11,PENDING
ORD-9763,C156,2026-09-22T06:55:47.553Z,890.00,CANCELLED
ORD-9764,C1677,2026-07-17T09:06:43.324Z,525.44,PAID
ORD-9765,C1868,2026-08-09T05:44:18.618Z,108.97,SHIPPED
ORD-9766,C1619,2026-09-01T07:43:29.380Z,572.23,PENDING
ORD-9767,C540,2026-08-07T13:27:09.024Z,170.37,CANCELLED
ORD-9768,C556,2026-07-05T01:23:33.985Z,32.30,PAID
ORD-9769,C141,2026-07-19T14:28:14.147Z,924.97,SHIPPED
ORD-9770,C587,2026-07-21T15:25:17.314Z,718.76,PENDING
ORD-9771,C1684,2026-08-26T16:43:38.155Z,676.37,CANCELLED
ORD-9772,C1836,2026-07-07T08:11:29.160Z,63.38,PAID
ORD-9773,C1269,2026-08-30T14:29:22.864Z,726.32,SHIPPED
ORD-9774,C141,2026-07-19T04:35:53.422Z,895.36,PENDING
ORD-9775,C1192,2026-07-18T00:45:13.343Z,927.23,CANCELLED
ORD-9776,C1645,2026-08-25T23:28:32.641Z,754.81,PAID
ORD-9777,C764,2026-08-14T01:01:13.773Z,782.40,SHIPPED
ORD-9778,C485,2026-09-23T09:58:03.308Z,46.05,PENDING
ORD-9779,C1869,2026-08-04T15:39:16.748Z,938.94,CANCELLED
ORD-9780,C797,2026-07-12T04:59:07.876Z,893.04,PAID
ORD-9781,C982,2026-07-31T18:41:57.334Z,871.27,SHIPPED
ORD-9782,C1424,2026-09-25T12:59:45.320Z,341.52,PENDING
ORD-9783,C698,2026-09-03T03:50:19.284Z,175.07,CANCELLED
ORD-9784,C807,2026-09-20T00:19:17.859Z,865.81,PAID
ORD-9785,C700,2026-07-12T01:50:26.835Z,860.72,SHIPPED
ORD-9786,C1878,2026-09-15T13:36:32.463Z,209.17,PENDING
ORD-9787,C873,2026-08-21T18:47:10.828Z,328.74,CANCELLED
ORD-9788,C1410,2026-07-17T06:16:29.643Z,7.02,PAID
ORD-9789,C1406,2026-09-21T00:47:59.144Z,254.53,SHIPPED
ORD-9790,C1396,2026-07-04T10:46:46.066Z,45.68,PENDING
ORD-9791,C1220,2026-07-18T10:19:09.771Z,995.08,CANCELLED
ORD-9792,C373,2026-08-28T01:01:46.121Z,926.60,PAID
ORD-9793,C418,2026-08-04T17:00:33.387Z,810.75,SHIPPED
ORD-9794,C968,2026-07-30T22:39:38.747Z,667.08,PENDING
ORD-9795,C142,2026-08-17T12:39:23.719Z,972.05,CANCELLED
ORD-9796,C269,2026-07-18T17:01:22.754Z,469.73,PAID
ORD-9797,C209,2026-09-27T10:06:41.900Z,959.11,SHIPPED
ORD-9798,C1316,2026-08-24T03:37:46.230Z,816.89,PENDING
ORD-9799,C887,2026-08-22T21:19:35.025Z,139.03,CANCELLED
ORD-9800,C405,2026-07-04T09:23:12.203Z,284.15,PAID
ORD-9801,C612,2026-07-11T15:40:33.203Z,232.67,SHIPPED
ORD-9802,C1100,2026-07-28T20:49:20.663Z,39.96,PENDING
ORD-9803,C780,2026-08-11T20:37:42.210Z,503.20,CANCELLED
ORD-9804,C647,2026-09-18T17:33:14.400Z,761.16,PAID
ORD-9805,C540,2026-08-22T22:08:38.071Z,43.39,SHIPPED
ORD-9806,C836,2026-07-24T21:14:06.954Z,32.81,PENDING
ORD-9807,C1132,2026-08-22T17:28:11.682Z,290.67,CANCELLED
ORD-9808,C1804,2026-07-18T10:49:42.201Z,136.11,PAID
ORD-9809,C1220,2026-09-16T12:21:53.946Z,380.57,SHIPPED
ORD-9810,C272,2026-07-03T10:42:17.315Z,168.62,PENDING
ORD-9811,C1454,2026-08-26T01:43:16.180Z,157.53,CANCELLED
ORD-9812,C142,2026-08-08T08:58:53.002Z,421.61,PAID
ORD-9813,C1047,2026-07-11T00:30:35.423Z,493.99,SHIPPED
ORD-9814,C1938,2026-08-13T09:01:14.713Z,69.79,PENDING
ORD-9815,C1546,2026-08-09T06:12:11.557Z,453.53,CANCELLED
ORD-9816,C898,2026-07-14T15:04:31.337Z,72.06,PAID
ORD-9817,C1840,2026-07-21T18:04:43.869Z,11.42,SHIPPED
ORD-9818,C1240,2026-07-05T18:29:51.952Z,723.56,PENDING
ORD-9819,C941,2026-08-16T19:04:01.863Z,936.32,CANCELLED
ORD-9820,C481,2026-07-03T09:34:01.548Z,967.18,PAID
ORD-9821,C503,2026-09-21T19:31:07.193Z,419.06,SHIPPED
ORD-9822,C1419,2026-07-24T00:20:55.237Z,325.80,PENDING
ORD-9823,C1252,2026-07-16T15:21:37.654Z,449.65,CANCELLED
ORD-9824,C1621,2026-09-28T22:36:30.535Z,669.89,PAID
ORD-9825,C1824,2026-09-19T17:58:01.080Z,454.38,SHIPPED
ORD-9826,C735,2026-09-25T18:51:47.595Z,388.52,PENDING
ORD-9827,C1962,2026-07-26T17:58:03.670Z,282.12,CANCELLED
ORD-9828,C1502,2026-07-20T09:19:56.201Z,183.21,PAID
ORD-9829,C1427,2026-09-28T09:08:57.889Z,12.77,SHIPPED
ORD-9830,C4,2026-08-10T04:56:29.341Z,815.66,PENDING
ORD-9831,C1361,2026-07-19T05:31:07.160Z,928.44,CANCELLED
ORD-9832,C26,2026-07-28T19:11:43.733Z,703.90,PAID
ORD-9833,C1829,2026-09-08T04:03:50.714Z,245.56,SHIPPED
ORD-9834,C178,2026-09-24T17:29:54.343Z,608.07,PENDING
ORD-9835,C382,2026-07-13T00:57:06.299Z,649.65,CANCELLED
ORD-9836,C1104,2026-08-05T20:03:21.451Z,783.15,PAID
ORD-9837,C706,2026-09-26T18:28:19.312Z,535.26,SHIPPED
ORD-9838,C713,2026-08-07T20:55:23.258Z,782.91,PENDING
ORD-9839,C556,2026-07-29T21:52:07.887Z,411.58,CANCELLED
ORD-9840,C1063,2026-09-21T15:28:16.776Z,507.15,PAID
ORD-9841,C147,2026-08-01T12:38:25.895Z,711.02,SHIPPED
ORD-9842,C1054,2026-08-03T13:34:33.723Z,156.56,PENDING
ORD-9843,C230,2026-09-17T04:37:59.554Z,201.77,CANCELLED
ORD-9844,C1026,2026-08-15T05:10:00.978Z,35.10,PAID
ORD-9845,C1600,2026-08-23T03:46:26.522Z,219.00,SHIPPED
ORD-9846,C1165,2026-09-01T18:01:48.178Z,350.86,PENDING
ORD-9847,C941,2026-07-22T02:06:34.509Z,532.58,CANCELLED
ORD-9848,C332,2026-09-01T19:31:25.587Z,564.83,PAID
ORD-9849,C1574,2026-07-21T04:59:20.918Z,618.55,SHIPPED
ORD-9850,C967,2026-07-22T06:48:13.892Z,700.16,PENDING
ORD-9851,C373,2026-08-11T11:49:31.700Z,145.38,CANCELLED
ORD-9852,C760,2026-09-12T19:36:40.938Z,661.63,PAID
ORD-9853,C200,2026-09-07T06:54:55.924Z,487.93,SHIPPED
ORD-9854,C1250,2026-08-13T01:54:38.785Z,31.46,PENDING
ORD-9855,C1033,2026-07-17T04:34:00.940Z,337.30,CANCELLED
ORD-9856,C592,2026-09-08T05:04:53.885Z,218.18,PAID
ORD-9857,C51,2026-07-31T02:53:47.594Z,941.55,SHIPPED
ORD-9858,C436,2026-08-23T10:32:41.244Z,400.03,PENDING
ORD-9859,C731,2026-09-10T13:07:49.940Z,618.53,CANCELLED
ORD-9860,C804,2026-08-11T23:18:31.463Z,76.98,PAID
ORD-9861,C235,2026-09-14T16:18:42.538Z,627.07,SHIPPED
ORD-9862,C820,2026-09-20T21:47:34.759Z,795.14,PENDING
ORD-9863,C571,2026-07-26T16:13:24.270Z,791.20,CANCELLED
ORD-9864,C938,2026-09-30T12:36:43.200Z,400.20,PAID
ORD-9865,C988,2026-07-23T15:49:42.898Z,85.02,SHIPPED
ORD-9866,C946,2026-08-29T15:47:21.740Z,455.30,PENDING
ORD-9867,C647,2026-09-11T09:25:13.332Z,779.51,CANCELLED
ORD-9868,C1897,2026-09-17T16:38:48.331Z,458.46,PAID
ORD-9869,C548,2026-08-17T09:03:26.958Z,956.62,SHIPPED
ORD-9870,C38,2026-09-03T19:16:02.964Z,85.57,PENDING
ORD-9871,C1215,2026-08-05T15:55:02.576Z,35.00,CANCELLED
ORD-9872,C180,2026-07-19T22:11:59.951Z,693.85,PAID
ORD-9873,C1836,2026-09-15T13:21:56.044Z,367.94,SHIPPED
ORD-9874,C1514,2026-09-20T04:54:54.868Z,519.13,PENDING
ORD-9875,C678,2026-09-13T15:12:27.693Z,526.79,CANCELLED
ORD-9876,C463,2026-08-07T05:37:34.808Z,838.17,PAID
ORD-9877,C343,2026-09-13T18:10:01.445Z,905.31,SHIPPED
ORD-9878,C1570,2026-09-13T16:46:50.063Z,932.48,PENDING
ORD-9879,C1768,2026-07-18T23:36:46.885Z,728.91,CANCELLED
ORD-9880,C596,2026-09-07T10:31:09.121Z,630.34,PAID
ORD-9881,C224,2026-07-09T23:34:46.709Z,171.14,SHIPPED
ORD-9882,C430,2026-09-24T09:01:00.990Z,845.43,PENDING
ORD-9883,C1313,2026-08-07T01:28:37.815Z,142.88,CANCELLED
ORD-9884,C1821,2026-08-07T01:52:49.982Z,647.04,PAID
ORD-9885,C413,2026-08-15T22:45:32.718Z,233.38,SHIPPED
ORD-9886,C1168,2026-07-27T09:14:54.847Z,539.21,PENDING
ORD-9887,C650,2026-07-21T23:01:23.685Z,13.32,CANCELLED
ORD-9888,C104,2026-07-24T10:21:50.995Z,798.06,PAID
ORD-9889,C1478,2026-08-24T09:05:53.333Z,82.51,SHIPPED
ORD-9890,C1241,2026-08-20T17:32:57.588Z,678.90,PENDING
ORD-9891,C1337,2026-09-21T17:37:07.595Z,578.61,CANCELLED
ORD-9892,C500,2026-07-20T11:30:40.125Z,258.51,PAID
ORD-9893,C977,2026-07-13T07:38:24.795Z,83.71,SHIPPED
ORD-9894,C886,2026-07-08T14:18:18.582Z,682.29,PENDING
ORD-9895,C7,2026-09-23T13:14:36.372Z,499.44,CANCELLED
ORD-9896,C1596,2026-08-29T05:20:31.968Z,209.09,PAID
ORD-9897,C575,2026-07-27T09:06:19.734Z,301.74,SHIPPED
ORD-9898,C1304,2026-07-25T06:00:12.623Z,913.58,PENDING
ORD-9899,C1543,2026-08-27T21:38:00.654Z,792.95,CANCELLED
ORD-9900,C1857,2026-09-15T23:45:52.175Z,847.37,PAID
ORD-9901,C450,2026-07-24T23:30:58.531Z,121.83,SHIPPED
ORD-9902,C1473,2026-09-23T03:28:57.689Z,825.54,PENDING
ORD-9903,C672,2026-09-12T23:06:16.909Z,352.63,CANCELLED
ORD-9904,C1113,2026-09-23T23:32:19.453Z,859.84,PAID
ORD-9905,C315,2026-09-23T04:52:02.776Z,992.42,SHIPPED
ORD-9906,C917,2026-08-18T03:45:10.960Z,805.33,PENDING
ORD-9907,C1579,2026-07-18T21:04:18.635Z,546.56,CANCELLED
ORD-9908,C982,2026-08-07T06:33:31.109Z,27.51,PAID
ORD-9909,C993,2026-07-18T01:57:24.134Z,293.64,SHIPPED
ORD-9910,C418,2026-07-04T22:11:00.275Z,465.57,PENDING
ORD-9911,C798,2026-07-14T03:09:18.033Z,773.35,CANCELLED
ORD-9912,C772,2026-07-12T02:15:13.816Z,5.01,PAID
ORD-9913,C992,2026-09-12T18:00:39.944Z,554.70,SHIPPED
ORD-9914,C1009,2026-08-10T08:55:45.305Z,228.03,PENDING
ORD-9915,C770,2026-08-31T09:35:02.300Z,599.89,CANCELLED
ORD-9916,C585,2026-07-16T23:06:40.532Z,263.67,PAID
ORD-9917,C1767,2026-07-28T21:07:52.021Z,797.02,SHIPPED
ORD-9918,C778,2026-08-09T10:30:27.772Z,745.26,PENDING
ORD-9919,C1251,2026-08-17T07:13:22.213Z,999.61,CANCELLED
ORD-9920,C1938,2026-08-07T23:10:55.312Z,759.59,PAID
ORD-9921,C1829,2026-09-02T02:47:36.758Z,499.64,SHIPPED
ORD-9922,C1348,2026-09-21T14:32:20.392Z,35.74,PENDING
ORD-9923,C1438,2026-08-31T12:35:29.476Z,616.44,CANCELLED
ORD-9924,C1273,2026-08-20T05:21:56.737Z,647.75,PAID
ORD-9925,C1955,2026-07-03T18:24:12.933Z,455.60,SHIPPED
ORD-9926,C755,2026-07-09T05:06:07.552Z,450.42,PENDING
ORD-9927,C1259,2026-07-08T01:16:53.716Z,963.10,CANCELLED
ORD-9928,C446,2026-07-22T01:35:35.837Z,355.86,PAID
ORD-9929,C1389,2026-07-28T21:12:13.169Z,385.61,SHIPPED
ORD-9930,C1562,2026-09-30T03:16:46.095Z,318.73,PENDING
ORD-9931,C636,2026-08-05T16:27:35.293Z,336.18,CANCELLED
ORD-9932,C1993,2026-08-11T19:50:21.739Z,554.70,PAID
ORD-9933,C370,2026-08-08T07:30:57.996Z,217.99,SHIPPED
ORD-9934,C1121,2026-08-21T20:04:49.203Z,168.52,PENDING
ORD-9935,C1321,2026-09-06T14:34:22.151Z,849.78,CANCELLED
ORD-9936,C376,2026-08-25T07:31:59.055Z,97.52,PAID
ORD-9937,C1650,2026-09-27T15:42:49.693Z,53.11,SHIPPED
ORD-9938,C1984,2026-07-21T07:01:19.677Z,496.49,PENDING
ORD-9939,C1982,2026-08-12T05:20:04.832Z,824.07,CANCELLED
ORD-9940,C534,2026-08-10T15:56:21.727Z,851.98,PAID
ORD-9941,C737,2026-07-26T09:14:08.139Z,124.55,SHIPPED
ORD-9942,C728,2026-07-30T22:18:02.950Z,953.56,PENDING
ORD-9943,C371,2026-07-10T02:36:14.083Z,676.39,CANCELLED
ORD-9944,C24,2026-09-12T20:50:05.747Z,112.47,PAID
ORD-9945,C7,2026-07-26T15:48:25.004Z,136.08,SHIPPED
ORD-9946,C511,2026-07-31T07:02:51.313Z,956.15,PENDING
ORD-9947,C439,2026-07-11T17:07:32.762Z,717.09,CANCELLED
ORD-9948,C718,2026-08-16T05:14:27.966Z,924.76,PAID
ORD-9949,C1351,2026-07-28T16:01:04.334Z,934.48,SHIPPED
ORD-9950,C1961,2026-09-15T01:09:57.281Z,975.17,PENDING
ORD-9951,C1333,2026-09-14T18:08:30.188Z,949.21,CANCELLED
ORD-9952,C264,2026-07-18T13:08:48.134Z,529.11,PAID
ORD-9953,C1769,2026-08-22T01:27:13.892Z,420.70,SHIPPED
ORD-9954,C239,2026-07-16T11:46:11.482Z,428.47,PENDING
ORD-9955,C258,2026-09-06T09:34:11.763Z,39.71,CANCELLED
ORD-9956,C958,2026-08-26T12:41:46.378Z,509.01,PAID
ORD-9957,C153,2026-08-21T09:32:45.777Z,404.85,SHIPPED
ORD-9958,C1093,2026-08-19T21:57:41.399Z,636.99,PENDING
ORD-9959,C448,2026-09-12T11:34:01.195Z,511.75,CANCELLED
ORD-9960,C1119,2026-08-05T21:55:44.123Z,439.68,PAID
ORD-9961,C1171,2026-09-22T23:52:37.088Z,688.35,SHIPPED
ORD-9962,C1828,2026-09-29T17:06:13.374Z,451.97,PENDING
ORD-9963,C1166,2026-09-03T15:14:03.886Z,637.89,CANCELLED
ORD-9964,C1614,2026-08-08T22:13:58.346Z,220.90,PAID
ORD-9965,C194,2026-07-11T11:33:01.405Z,858.19,SHIPPED
ORD-9966,C780,2026-09-03T03:09:56.450Z,938.81,PENDING
ORD-9967,C1835,2026-08-30T20:20:07.578Z,555.25,CANCELLED
ORD-9968,C1724,2026-09-15T04:52:30.988Z,20.95,PAID
ORD-9969,C1250,2026-07-19T03:21:32.088Z,989.26,SHIPPED
ORD-9970,C1930,2026-07-17T23:39:54.841Z,517.96,PENDING
ORD-9971,C734,2026-07-18T14:58:58.345Z,998.57,CANCELLED
ORD-9972,C928,2026-08-04T04:15:41.142Z,20.93,PAID
ORD-9973,C1035,2026-09-05T16:19:55.901Z,425.43,SHIPPED
ORD-9974,C486,2026-09-14T19:04:10.071Z,158.31,PENDING
ORD-9975,C672,2026-08-28T22:59:54.905Z,574.69,CANCELLED
ORD-9976,C1562,2026-08-20T12:08:19.005Z,261.03,PAID
ORD-9977,C1037,2026-08-18T03:56:02.834Z,685.41,SHIPPED
ORD-9978,C654,2026-08-22T08:14:55.311Z,863.58,PENDING
ORD-9979,C337,2026-08-03T04:20:33.701Z,357.35,CANCELLED
ORD-9980,C664,2026-08-09T14:55:34.252Z,778.94,PAID
ORD-9981,C530,2026-09-25T07:17:30.950Z,676.59,SHIPPED
ORD-9982,C370,2026-09-11T09:22:17.569Z,94.49,PENDING
ORD-9983,C1210,2026-07-12T04:26:29.241Z,82.62,CANCELLED
ORD-9984,C829,2026-07-28T13:00:55.081Z,882.36,PAID
ORD-9985,C468,2026-07-08T12:20:14.406Z,386.83,SHIPPED
ORD-9986,C234,2026-09-12T18:02:22.841Z,553.43,PENDING
ORD-9987,C53,2026-09-11T12:05:23.633Z,988.15,CANCELLED
ORD-9988,C1066,2026-09-04T05:37:16.969Z,51.79,PAID
ORD-9989,C1622,2026-08-15T18:39:56.466Z,26.06,SHIPPED
ORD-9990,C237,2026-08-29T04:51:26.164Z,476.34,PENDING
ORD-9991,C1431,2026-09-12T16:33:56.219Z,560.59,CANCELLED
ORD-9992,C690,2026-09-21T14:08:30.060Z,422.33,PAID
ORD-9993,C1561,2026-07-14T03:08:30.433Z,815.77,SHIPPED
ORD-9994,C1310,2026-09-18T07:59:57.842Z,446.98,PENDING
ORD-9995,C1857,2026-09-30T04:38:24.245Z,780.14,CANCELLED
ORD-9996,C1436,2026-09-16T21:45:15.258Z,367.31,PAID
ORD-9997,C507,2026-09-26T19:48:08.555Z,748.22,SHIPPED
ORD-9998,C1124,2026-09-18T12:17:25.124Z,436.17,PENDING
ORD-9999,C314,2026-07-14T23:18:15.723Z,949.46,CANCELLED
ORD-10000,C490,not-a-date,324.73,PAID
